id,incident_date,incident_time,reporting_channel,follow_up_status,is_anonymous,created_at,updated_at,location,incident_type,severity_level,victim_age,victim_gender,perpetrator_relationship,support_provided,notes,is_acknowledged,acknowledged_at,last_verified_location,location_confidence,location_source,latitude,location_accuracy,longitude,reporter_type
1,1/1/2025,15:45,Hotline,Ongoing,TRUE,1/2/2025 17:00,1/3/2025 8:00,Lagos,Domestic Violence,High,18,Female,Stranger,Counseling,"This has been happening for two years. I finally found the courage to report. He controls everything — money, movement. I need support to leave.",TRUE,1/2/2025 22:00,Lagos,low,manual_entry,6.511854,381.4,3.424271,victim
2,1/2/2025,9:49,Hotline,Closed,TRUE,1/3/2025 4:00,1/3/2025 9:00,Abuja,Domestic Violence,Medium,50,Female,Colleague,Counseling,"This has been happening for two years. I finally found the courage to report. He controls everything — money, movement. I need support to leave.",TRUE,1/3/2025 5:00,Abuja,low,manual_entry,9.099699,277.4,7.408466,victim
3,1/3/2025,11:54,Hotline,Closed,TRUE,1/3/2025 13:00,1/6/2025 11:00,Abeokuta,Domestic Violence,High,62,Female,Stranger,Legal Aid,My husband threatened to kill me if I told anyone. I have bruises on my arms and face. I left the house with my children and I need help urgently.,TRUE,1/4/2025 3:00,Abeokuta,medium,manual_entry,7.113102,414.2,3.327499,victim
4,1/3/2025,14:20,Dashboard,Closed,FALSE,1/4/2025 21:00,1/7/2025 4:00,Lagos,Domestic Violence,Medium,43,Male,Stranger,Legal Aid,I live next door and I can hear screaming almost every night. Tonight I saw her running out with blood on her face. I called for help on her behalf.,TRUE,1/5/2025 8:00,Lagos,high,gps,6.480208,28.9,3.415818,bystander
5,1/4/2025,5:21,Mobile App,Ongoing,FALSE,1/4/2025 6:00,1/6/2025 7:00,Abuja,Domestic Violence,Medium,20,Female,Stranger,Medical Care,"He threw me against the wall and broke my phone. I borrowed a neighbour's phone to report. I cannot go back home, it is not safe.",TRUE,1/4/2025 12:00,Abuja,high,gps,9.086612,23.2,7.419407,victim
6,1/5/2025,2:48,Hotline,Closed,FALSE,1/5/2025 6:00,1/8/2025 5:00,Jos,Harassment,Medium,45,Female,Employer,Shelter,My supervisor has been making inappropriate comments about my body for weeks. Today he touched me without my consent. I feel unsafe at work.,TRUE,1/5/2025 16:00,Jos,medium,manual_entry,9.848558,309.8,8.905291,victim
7,1/5/2025,12:07,Dashboard,Ongoing,FALSE,1/6/2025 19:00,1/8/2025 1:00,Kano,Domestic Violence,High,28,Female,Teacher,Shelter,I witnessed the man beating his wife in the compound. She fell down. She told me not to report but I am very worried about her safety.,FALSE,,Kano,high,gps,12.035444,26.7,8.563234,bystander
8,1/5/2025,18:24,Hotline,Closed,FALSE,1/6/2025 6:00,1/8/2025 5:00,Jos,Domestic Violence,High,68,Female,Stranger,Shelter,"This has been happening for two years. I finally found the courage to report. He controls everything — money, movement. I need support to leave.",TRUE,1/6/2025 12:00,Jos,low,manual_entry,9.864682,351.6,8.82664,victim
9,1/6/2025,6:34,Hotline,Closed,FALSE,1/7/2025 17:00,1/8/2025 15:00,Bauchi,Child Abuse,Critical,55,Female,Employer,Counseling,I work at a clinic. A child was brought in with injuries that are inconsistent with the story the adult gave. I suspect the child is being abused.,TRUE,1/8/2025 11:00,Bauchi,low,manual_entry,10.296224,258,9.846676,bystander
10,1/7/2025,12:37,Community Center,Closed,TRUE,1/7/2025 15:00,1/9/2025 9:00,Port Harcourt,Domestic Violence,High,9,Female,Colleague,Medical Care,I witnessed the man beating his wife in the compound. She fell down. She told me not to report but I am very worried about her safety.,TRUE,1/7/2025 17:00,Port Harcourt,low,manual_entry,4.808795,412.3,7.028923,bystander
11,1/8/2025,16:58,Dashboard,Ongoing,FALSE,1/8/2025 5:00,1/9/2025 9:00,Onitsha,Harassment,High,15,Female,Stranger,Legal Aid,A girl in my office has been visibly distressed. I found out she is being harassed by a senior colleague. She is afraid of losing her job so I am reporting.,FALSE,,Onitsha,medium,gps,6.153985,12.9,6.750949,bystander
12,1/8/2025,22:53,Dashboard,Closed,FALSE,1/9/2025 18:00,1/12/2025 5:00,Abeokuta,Domestic Violence,Medium,40,Male,Employer,Counseling,My colleague came to work today with a swollen eye. She said she fell but I do not believe her. I am reporting because I am concerned for her.,TRUE,1/9/2025 23:00,Abeokuta,high,gps,7.126714,23.6,3.348536,bystander
13,1/9/2025,0:51,Mobile App,Ongoing,FALSE,1/10/2025 4:00,1/12/2025 8:00,Bauchi,Child Abuse,Critical,35,Female,Relative,Counseling,My teacher beats me with a cane almost every day for small mistakes. I have marks on my back and legs. I am afraid to go to school.,TRUE,1/10/2025 7:00,Bauchi,high,gps,10.311407,23.9,9.872718,victim
14,1/9/2025,16:04,Dashboard,Ongoing,FALSE,1/10/2025 17:00,1/11/2025 14:00,Kano,Domestic Violence,High,53,Male,Neighbor,Counseling,My colleague came to work today with a swollen eye. She said she fell but I do not believe her. I am reporting because I am concerned for her.,FALSE,,Kano,high,gps,11.972167,14.6,8.593423,bystander
15,1/10/2025,2:39,Community Center,Ongoing,TRUE,1/10/2025 17:00,1/13/2025 16:00,Jos,Domestic Violence,High,70,Male,Relative,Medical Care,I witnessed the man beating his wife in the compound. She fell down. She told me not to report but I am very worried about her safety.,FALSE,,Jos,low,manual_entry,9.905741,356.8,8.812945,bystander
16,1/10/2025,10:06,Dashboard,Ongoing,TRUE,1/10/2025 8:00,1/11/2025 22:00,Onitsha,Domestic Violence,Critical,14,Female,Guardian,Legal Aid,My colleague came to work today with a swollen eye. She said she fell but I do not believe her. I am reporting because I am concerned for her.,TRUE,1/10/2025 16:00,Onitsha,medium,gps,6.153554,26.9,6.754052,bystander
17,1/10/2025,20:30,Mobile App,Ongoing,FALSE,1/10/2025 12:00,1/13/2025 5:00,Onitsha,Domestic Violence,Medium,26,Female,Employer,Medical Care,My husband threatened to kill me if I told anyone. I have bruises on my arms and face. I left the house with my children and I need help urgently.,FALSE,,Onitsha,high,gps,6.099305,26,6.831889,victim
18,1/1/2025,7:55,Mobile App,Closed,FALSE,1/2/2025 0:00,1/2/2025 21:00,Kano,Domestic Violence,Critical,8,Male,Relative,Legal Aid,I was passing by and saw a man dragging a woman by the hair into a house. She was crying. Other people just walked past. I had to report this.,TRUE,1/2/2025 18:00,Kano,medium,gps,12.048763,28,8.62284,bystander
19,1/11/2025,23:32,Mobile App,Ongoing,FALSE,1/11/2025 2:00,1/11/2025 17:00,Bauchi,Domestic Violence,Medium,7,Female,Employer,Legal Aid,"This has been happening for two years. I finally found the courage to report. He controls everything — money, movement. I need support to leave.",FALSE,,Bauchi,high,gps,10.296261,11,9.803967,victim
20,1/12/2025,7:46,Hotline,Ongoing,FALSE,1/12/2025 6:00,1/12/2025 17:00,Uyo,Sexual Assault,Critical,44,Female,Employer,Legal Aid,I found my younger sister crying and she told me what happened to her. She does not want our parents to know. I am reporting because she needs help.,FALSE,,Uyo,low,manual_entry,5.056123,107.8,7.906815,bystander
21,1/14/2025,15:10,Mobile App,Closed,FALSE,1/14/2025 17:00,1/17/2025 13:00,Lagos,Domestic Violence,High,60,Female,Partner,Medical Care,He came home drunk and started hitting me. My children were watching. I am hiding with them in the backyard. Please come quickly.,TRUE,1/15/2025 13:00,Lagos,high,gps,6.486604,28.2,3.378718,victim
22,1/14/2025,19:23,Hotline,Ongoing,FALSE,1/14/2025 20:00,1/17/2025 0:00,Kaduna,Domestic Violence,Critical,38,Female,Teacher,Counseling,I live next door and I can hear screaming almost every night. Tonight I saw her running out with blood on her face. I called for help on her behalf.,FALSE,,Kaduna,medium,manual_entry,10.463939,454.8,7.457432,bystander
23,1/14/2025,22:34,Hotline,Closed,FALSE,1/14/2025 16:00,1/15/2025 21:00,Owerri,Sexual Assault,Critical,12,Female,Spouse,Medical Care,I was attacked on my way home from work last night. A man I did not know forced himself on me. I am at my friend's place. I need help and medical attention.,TRUE,1/14/2025 19:00,Owerri,low,manual_entry,5.459478,314.8,7.049552,victim
24,1/15/2025,12:21,Dashboard,Closed,TRUE,1/16/2025 22:00,1/17/2025 6:00,Owerri,Domestic Violence,High,32,Female,Guardian,Counseling,"This has been happening for two years. I finally found the courage to report. He controls everything — money, movement. I need support to leave.",TRUE,1/17/2025 6:00,Owerri,high,gps,5.464771,26.5,7.035307,victim
25,1/15/2025,22:28,Mobile App,Ongoing,FALSE,1/15/2025 16:00,1/17/2025 4:00,Abuja,Domestic Violence,Critical,35,Female,Stranger,Legal Aid,I am a neighbour. The woman in the apartment beside mine has been coming out with bruises. She seems too afraid to report herself so I am doing it.,TRUE,1/15/2025 20:00,Abuja,medium,gps,9.081171,28.4,7.367085,bystander
26,1/16/2025,0:13,Mobile App,Closed,TRUE,1/17/2025 7:00,1/19/2025 12:00,Bauchi,Others,Low,41,Male,Stranger,Medical Care,I heard a loud argument followed by screaming from a nearby building. When I went to check I found someone badly hurt. I called for help and I am also reporting here.,TRUE,1/17/2025 14:00,Bauchi,medium,gps,10.362758,15.8,9.871713,bystander
27,1/16/2025,9:39,Community Center,Ongoing,TRUE,1/17/2025 6:00,1/17/2025 13:00,Uyo,Domestic Violence,High,17,Female,Teacher,Legal Aid,My husband threatened to kill me if I told anyone. I have bruises on my arms and face. I left the house with my children and I need help urgently.,TRUE,1/17/2025 17:00,Uyo,medium,manual_entry,5.08165,377.7,7.952283,victim
28,1/16/2025,23:55,Dashboard,Ongoing,FALSE,1/16/2025 13:00,1/17/2025 14:00,Jos,Sexual Assault,Critical,23,Female,Neighbor,Legal Aid,A colleague assaulted me after a work event. I kept quiet because he is my senior and I was afraid. I cannot keep this to myself anymore.,TRUE,1/16/2025 16:00,Jos,high,gps,9.90629,16.6,8.900487,victim
29,1/17/2025,1:35,Mobile App,Ongoing,FALSE,1/18/2025 12:00,1/19/2025 1:00,Jos,Sexual Assault,High,59,Female,Guardian,Counseling,My uncle assaulted me last weekend when everyone else had gone out. I could not scream. I have not been able to eat or sleep since then.,TRUE,1/18/2025 21:00,Jos,high,gps,9.855349,28.2,8.827898,victim
30,1/18/2025,4:37,Dashboard,Ongoing,FALSE,1/19/2025 3:00,1/21/2025 18:00,Onitsha,Domestic Violence,High,17,Female,Relative,Counseling,I witnessed the man beating his wife in the compound. She fell down. She told me not to report but I am very worried about her safety.,TRUE,1/19/2025 10:00,Onitsha,high,gps,6.097323,14.5,6.769533,bystander
31,1/18/2025,10:24,Mobile App,Ongoing,FALSE,1/19/2025 6:00,1/20/2025 19:00,Kaduna,Domestic Violence,Medium,6,Female,Guardian,Legal Aid,I am a neighbour. The woman in the apartment beside mine has been coming out with bruises. She seems too afraid to report herself so I am doing it.,TRUE,1/19/2025 18:00,Kaduna,medium,gps,10.499368,21.5,7.393635,bystander
32,1/7/2025,13:56,Dashboard,Ongoing,FALSE,1/7/2025 13:00,1/9/2025 3:00,Ibadan,Child Abuse,Critical,14,Male,Neighbor,Medical Care,I noticed a child in my neighbourhood with burns and bruises on different parts of her body. When I asked she said her father did it. I am very worried.,TRUE,1/7/2025 14:00,Ibadan,medium,gps,7.410374,6.5,3.932675,bystander
33,1/19/2025,2:16,Mobile App,Closed,FALSE,1/19/2025 4:00,1/21/2025 18:00,Ibadan,Sexual Assault,Critical,45,Female,Partner,Shelter,My uncle assaulted me last weekend when everyone else had gone out. I could not scream. I have not been able to eat or sleep since then.,TRUE,1/19/2025 21:00,Ibadan,medium,gps,7.355593,8.9,3.95127,victim
34,1/6/2025,2:27,Mobile App,Ongoing,FALSE,1/6/2025 5:00,1/6/2025 14:00,Kano,Harassment,High,64,Female,Colleague,Shelter,Three boys from my street harass me every day on my way to school. They block my path and say terrible things. I cannot take it anymore.,TRUE,1/6/2025 9:00,Kano,medium,gps,11.966292,11.2,8.62222,victim
35,1/20/2025,4:35,Community Center,Ongoing,FALSE,1/20/2025 6:00,1/22/2025 12:00,Onitsha,Sexual Assault,Critical,22,Female,Neighbor,Medical Care,I found my younger sister crying and she told me what happened to her. She does not want our parents to know. I am reporting because she needs help.,TRUE,1/20/2025 16:00,Onitsha,medium,manual_entry,6.100255,141.9,6.835689,bystander
36,1/21/2025,2:13,Dashboard,Ongoing,FALSE,1/21/2025 17:00,1/23/2025 20:00,Lagos,Domestic Violence,Medium,43,Female,Relative,Medical Care,He hit me again tonight. I managed to lock myself in the bathroom and call for help. This has been going on for months and I am scared for my life.,TRUE,1/22/2025 4:00,Lagos,high,gps,6.551624,28.2,3.349072,victim
37,1/21/2025,7:33,Dashboard,Ongoing,FALSE,1/22/2025 6:00,1/22/2025 19:00,Uyo,Sexual Assault,High,30,Female,Neighbor,Shelter,My uncle assaulted me last weekend when everyone else had gone out. I could not scream. I have not been able to eat or sleep since then.,TRUE,1/22/2025 10:00,Uyo,high,gps,4.988252,28.3,7.944346,victim
38,1/22/2025,2:34,Dashboard,Closed,FALSE,1/23/2025 0:00,1/24/2025 13:00,Owerri,Domestic Violence,High,6,Female,Relative,Medical Care,He came home drunk and started hitting me. My children were watching. I am hiding with them in the backyard. Please come quickly.,TRUE,1/23/2025 6:00,Owerri,medium,gps,5.504286,22.6,7.056201,victim
39,1/22/2025,8:53,Community Center,Ongoing,TRUE,1/23/2025 12:00,1/25/2025 3:00,Ibadan,Domestic Violence,High,39,Female,Neighbor,Medical Care,He came home drunk and started hitting me. My children were watching. I am hiding with them in the backyard. Please come quickly.,FALSE,,Ibadan,low,manual_entry,7.404627,169,3.904404,victim
40,1/22/2025,11:45,Hotline,Ongoing,TRUE,1/23/2025 12:00,1/24/2025 8:00,Owerri,Domestic Violence,High,33,Female,Employer,Shelter,My colleague came to work today with a swollen eye. She said she fell but I do not believe her. I am reporting because I am concerned for her.,TRUE,1/23/2025 22:00,Owerri,medium,manual_entry,5.469447,141.6,6.994887,bystander
41,1/22/2025,19:23,Mobile App,Closed,TRUE,1/23/2025 8:00,1/24/2025 17:00,Abuja,Domestic Violence,High,16,Male,Employer,Legal Aid,He hit me again tonight. I managed to lock myself in the bathroom and call for help. This has been going on for months and I am scared for my life.,TRUE,1/23/2025 10:00,Abuja,high,gps,9.11281,25.7,7.41093,victim
42,1/22/2025,21:42,Mobile App,Closed,FALSE,1/22/2025 22:00,1/23/2025 15:00,Ibadan,Domestic Violence,Critical,43,Female,Relative,Counseling,My colleague came to work today with a swollen eye. She said she fell but I do not believe her. I am reporting because I am concerned for her.,TRUE,1/23/2025 19:00,Ibadan,high,gps,7.36059,23.5,3.903356,bystander
43,1/23/2025,0:30,Community Center,Closed,FALSE,1/23/2025 1:00,1/23/2025 16:00,Ibadan,Child Abuse,Critical,42,Male,Guardian,Shelter,I work at a clinic. A child was brought in with injuries that are inconsistent with the story the adult gave. I suspect the child is being abused.,TRUE,1/23/2025 4:00,Ibadan,low,manual_entry,7.358598,295.5,3.929518,bystander
44,1/23/2025,5:31,Mobile App,Ongoing,FALSE,1/24/2025 12:00,1/25/2025 7:00,Jos,Domestic Violence,High,56,Female,Teacher,Medical Care,He came home drunk and started hitting me. My children were watching. I am hiding with them in the backyard. Please come quickly.,TRUE,1/24/2025 13:00,Jos,high,gps,9.919461,27.5,8.872056,victim
45,1/23/2025,20:47,Dashboard,Closed,FALSE,1/23/2025 16:00,1/24/2025 6:00,Uyo,Others,Critical,34,Female,Guardian,Medical Care,A group of people attacked me near my house and stole my belongings. I recognised one of them from the area. I am afraid they will come back.,TRUE,1/24/2025 4:00,Uyo,high,gps,5.076421,29.3,7.910021,victim
46,1/24/2025,0:21,Dashboard,Ongoing,TRUE,1/24/2025 11:00,1/25/2025 10:00,Lagos,Domestic Violence,Medium,47,Female,Teacher,Counseling,I am a neighbour. The woman in the apartment beside mine has been coming out with bruises. She seems too afraid to report herself so I am doing it.,FALSE,,Lagos,medium,gps,6.486359,28.1,3.400524,bystander
47,1/24/2025,9:26,Mobile App,Ongoing,TRUE,1/24/2025 18:00,1/25/2025 15:00,Onitsha,Sexual Assault,High,18,Female,Employer,Medical Care,My uncle assaulted me last weekend when everyone else had gone out. I could not scream. I have not been able to eat or sleep since then.,FALSE,,Onitsha,high,gps,6.168879,26.5,6.793128,victim
48,1/24/2025,15:03,Community Center,Ongoing,TRUE,1/25/2025 6:00,1/27/2025 3:00,Lagos,Sexual Assault,Critical,34,Female,Stranger,Medical Care,My friend confided in me that she was assaulted by her boyfriend. She is too ashamed to report herself. I am reporting with her knowledge and permission.,TRUE,1/25/2025 10:00,Lagos,low,manual_entry,6.551497,229.3,3.37858,bystander
49,1/25/2025,14:47,Community Center,Ongoing,FALSE,1/25/2025 18:00,1/27/2025 15:00,Lagos,Harassment,Low,45,Female,Relative,Legal Aid,I have been receiving threatening messages from someone I rejected. He knows where I live and I am very scared.,TRUE,1/26/2025 1:00,Lagos,medium,manual_entry,6.526673,472.7,3.371954,victim
50,1/26/2025,14:14,Mobile App,Closed,TRUE,1/26/2025 12:00,1/27/2025 22:00,Enugu,Sexual Assault,High,57,Female,Relative,Counseling,My roommate told me she was assaulted last week. She has been very withdrawn since then. I convinced her to let me report so she can get support.,TRUE,1/26/2025 14:00,Enugu,high,gps,6.410942,13.6,7.507189,bystander
51,1/27/2025,20:15,Dashboard,Closed,FALSE,1/28/2025 15:00,1/31/2025 9:00,Enugu,Sexual Assault,High,50,Female,Spouse,Counseling,A colleague assaulted me after a work event. I kept quiet because he is my senior and I was afraid. I cannot keep this to myself anymore.,TRUE,1/28/2025 19:00,Enugu,medium,gps,6.411543,9.8,7.560041,victim
52,1/28/2025,1:53,Mobile App,Ongoing,FALSE,1/28/2025 1:00,1/30/2025 20:00,Benin,Domestic Violence,High,30,Female,Guardian,Legal Aid,I have been beaten repeatedly by my partner. Tonight was the worst. I am at a neighbour's house right now. Please send help.,FALSE,,Benin,medium,gps,6.316436,28.5,5.604557,victim
53,1/1/2025,9:57,Hotline,Ongoing,FALSE,1/2/2025 4:00,1/2/2025 13:00,Uyo,Domestic Violence,High,40,Female,Teacher,Shelter,He came home drunk and started hitting me. My children were watching. I am hiding with them in the backyard. Please come quickly.,FALSE,,Uyo,medium,manual_entry,5.078457,348.5,7.887729,victim
54,1/28/2025,10:28,Mobile App,Ongoing,FALSE,1/28/2025 20:00,1/31/2025 13:00,Bauchi,Others,Low,49,Female,Relative,Counseling,A group of people attacked me near my house and stole my belongings. I recognised one of them from the area. I am afraid they will come back.,TRUE,1/29/2025 3:00,Bauchi,medium,gps,10.306838,12.4,9.869755,victim
55,1/28/2025,17:48,Hotline,Closed,FALSE,1/29/2025 3:00,1/31/2025 4:00,Uyo,Harassment,Low,68,Male,Employer,Shelter,A girl in my office has been visibly distressed. I found out she is being harassed by a senior colleague. She is afraid of losing her job so I am reporting.,TRUE,1/30/2025 1:00,Uyo,low,manual_entry,5.01058,327,7.870498,bystander
56,1/29/2025,7:47,Mobile App,Ongoing,FALSE,1/30/2025 12:00,1/30/2025 13:00,Enugu,Others,Medium,29,Female,Guardian,Legal Aid,I heard a loud argument followed by screaming from a nearby building. When I went to check I found someone badly hurt. I called for help and I am also reporting here.,TRUE,1/30/2025 16:00,Enugu,medium,gps,6.437375,20.2,7.512522,bystander
57,1/29/2025,18:33,Mobile App,Closed,TRUE,1/30/2025 5:00,2/1/2025 14:00,Owerri,Child Abuse,Critical,5,Female,Teacher,Legal Aid,My uncle has been touching me in ways that make me uncomfortable. I told my mother but she did not believe me. Please help me.,TRUE,1/31/2025 3:00,Owerri,high,gps,5.52657,24.8,7.064112,victim
58,1/29/2025,18:56,Community Center,Ongoing,FALSE,1/29/2025 19:00,2/1/2025 13:00,Uyo,Sexual Assault,Critical,38,Female,Employer,Medical Care,My uncle assaulted me last weekend when everyone else had gone out. I could not scream. I have not been able to eat or sleep since then.,TRUE,1/30/2025 5:00,Uyo,low,manual_entry,5.05104,352.8,7.949946,victim
59,1/29/2025,20:38,Dashboard,Closed,TRUE,1/29/2025 10:00,1/29/2025 14:00,Enugu,Domestic Violence,Critical,38,Female,Neighbor,Shelter,"He threw me against the wall and broke my phone. I borrowed a neighbour's phone to report. I cannot go back home, it is not safe.",TRUE,1/29/2025 12:00,Enugu,high,gps,6.488767,20.3,7.515057,victim
60,1/29/2025,23:11,Hotline,Ongoing,FALSE,1/30/2025 3:00,1/31/2025 4:00,Enugu,Domestic Violence,Medium,55,Female,Partner,Legal Aid,He hit me again tonight. I managed to lock myself in the bathroom and call for help. This has been going on for months and I am scared for my life.,FALSE,,Enugu,medium,manual_entry,6.497656,159.8,7.550334,victim
61,1/30/2025,0:34,Dashboard,Ongoing,FALSE,1/31/2025 4:00,2/1/2025 9:00,Uyo,Harassment,Low,28,Female,Stranger,Legal Aid,My landlord keeps coming to my room uninvited and making uncomfortable advances. I have asked him to stop but it has continued.,TRUE,1/31/2025 16:00,Uyo,high,gps,5.068444,18.9,7.952409,victim
62,1/31/2025,11:15,Dashboard,Closed,FALSE,1/31/2025 9:00,2/2/2025 21:00,Kaduna,Child Abuse,Critical,32,Female,Stranger,Medical Care,I work at a clinic. A child was brought in with injuries that are inconsistent with the story the adult gave. I suspect the child is being abused.,TRUE,2/1/2025 7:00,Kaduna,medium,gps,10.4923,19.9,7.377505,bystander
63,1/31/2025,15:52,Community Center,Ongoing,FALSE,2/1/2025 23:00,2/4/2025 16:00,Ibadan,Sexual Assault,Critical,26,Female,Guardian,Legal Aid,My roommate told me she was assaulted last week. She has been very withdrawn since then. I convinced her to let me report so she can get support.,TRUE,2/2/2025 8:00,Ibadan,low,manual_entry,7.350294,384.6,3.939711,bystander
64,1/31/2025,16:30,Mobile App,Ongoing,FALSE,1/31/2025 17:00,2/2/2025 1:00,Jos,Harassment,Medium,15,Male,Relative,Legal Aid,I have been receiving threatening messages from someone I rejected. He knows where I live and I am very scared.,FALSE,,Jos,medium,gps,9.928301,17.1,8.894373,victim
65,2/1/2025,2:14,Community Center,Ongoing,TRUE,2/2/2025 5:00,2/2/2025 15:00,Uyo,Harassment,Low,39,Female,Neighbor,Shelter,"A man followed me from the bus stop all the way to my street, making sexual remarks. I had to enter a shop to escape him. I am still shaking.",FALSE,,Uyo,medium,manual_entry,4.988395,193.9,7.913875,victim
66,2/1/2025,2:18,Dashboard,Ongoing,FALSE,2/1/2025 10:00,2/2/2025 16:00,Abeokuta,Sexual Assault,High,21,Female,Teacher,Shelter,My roommate told me she was assaulted last week. She has been very withdrawn since then. I convinced her to let me report so she can get support.,TRUE,2/1/2025 13:00,Abeokuta,high,gps,7.139241,15.4,3.334111,bystander
67,2/2/2025,4:44,Dashboard,Ongoing,FALSE,2/3/2025 3:00,2/3/2025 11:00,Owerri,Domestic Violence,High,6,Male,Neighbor,Counseling,"This has been happening for two years. I finally found the courage to report. He controls everything — money, movement. I need support to leave.",TRUE,2/3/2025 10:00,Owerri,medium,gps,5.445587,28.7,7.017062,victim
68,2/2/2025,10:58,Hotline,Ongoing,FALSE,2/3/2025 1:00,2/5/2025 15:00,Port Harcourt,Domestic Violence,High,18,Female,Neighbor,Shelter,My colleague came to work today with a swollen eye. She said she fell but I do not believe her. I am reporting because I am concerned for her.,TRUE,2/3/2025 7:00,Port Harcourt,medium,manual_entry,4.859891,434.1,7.03212,bystander
69,2/2/2025,23:23,Community Center,Ongoing,FALSE,2/4/2025 0:00,2/6/2025 22:00,Ibadan,Domestic Violence,Medium,65,Female,Employer,Medical Care,I was passing by and saw a man dragging a woman by the hair into a house. She was crying. Other people just walked past. I had to report this.,FALSE,,Ibadan,medium,manual_entry,7.379379,148.7,3.967302,bystander
70,1/4/2025,6:27,Dashboard,Ongoing,FALSE,1/4/2025 2:00,1/6/2025 4:00,Lagos,Harassment,Low,54,Female,Stranger,Medical Care,My friend has been showing me messages she is getting from someone who is threatening her. She is too embarrassed to report so I am doing it for her.,TRUE,1/4/2025 13:00,Lagos,medium,gps,6.510763,9.1,3.426378,bystander
71,2/3/2025,6:56,Mobile App,Ongoing,FALSE,2/4/2025 16:00,2/7/2025 13:00,Lagos,Child Abuse,Critical,21,Female,Guardian,Legal Aid,A child came to my shop crying and said his guardian beats him regularly and does not feed him. He begged me to help him. I am reporting immediately.,TRUE,2/4/2025 23:00,Lagos,medium,gps,6.570645,5.7,3.354378,bystander
72,2/3/2025,8:58,Mobile App,Ongoing,FALSE,2/4/2025 6:00,2/5/2025 6:00,Kaduna,Domestic Violence,High,45,Female,Neighbor,Shelter,I witnessed the man beating his wife in the compound. She fell down. She told me not to report but I am very worried about her safety.,TRUE,2/4/2025 13:00,Kaduna,high,gps,10.510225,13.2,7.396588,bystander
73,2/3/2025,10:10,Hotline,Ongoing,FALSE,2/4/2025 3:00,2/5/2025 12:00,Owerri,Domestic Violence,Medium,44,Female,Colleague,Counseling,I am a neighbour. The woman in the apartment beside mine has been coming out with bruises. She seems too afraid to report herself so I am doing it.,FALSE,,Owerri,low,manual_entry,5.462084,500,6.986989,bystander
74,2/4/2025,15:06,Community Center,Closed,TRUE,2/5/2025 18:00,2/6/2025 3:00,Enugu,Sexual Assault,Critical,38,Female,Relative,Medical Care,I was attacked on my way home from work last night. A man I did not know forced himself on me. I am at my friend's place. I need help and medical attention.,TRUE,2/6/2025 15:00,Enugu,low,manual_entry,6.469356,477.3,7.546668,victim
75,2/5/2025,0:20,Community Center,Ongoing,FALSE,2/6/2025 16:00,2/7/2025 12:00,Onitsha,Sexual Assault,Critical,65,Female,Spouse,Counseling,A woman came to my door last night looking terrified. She said she had been assaulted nearby. I let her in and I am reporting on her behalf.,TRUE,2/7/2025 0:00,Onitsha,low,manual_entry,6.097948,259.3,6.764865,bystander
76,2/5/2025,0:31,Community Center,Ongoing,TRUE,2/5/2025 11:00,2/6/2025 2:00,Bauchi,Domestic Violence,Critical,51,Male,Teacher,Shelter,I have been beaten repeatedly by my partner. Tonight was the worst. I am at a neighbour's house right now. Please send help.,FALSE,,Bauchi,medium,manual_entry,10.356627,98.6,9.818156,victim
77,2/5/2025,1:02,Dashboard,Ongoing,TRUE,2/6/2025 13:00,2/8/2025 14:00,Port Harcourt,Child Abuse,Critical,15,Female,Guardian,Legal Aid,My uncle has been touching me in ways that make me uncomfortable. I told my mother but she did not believe me. Please help me.,TRUE,2/7/2025 1:00,Port Harcourt,medium,gps,4.780089,22.3,7.048745,victim
78,2/5/2025,1:04,Dashboard,Ongoing,FALSE,2/6/2025 21:00,2/8/2025 12:00,Port Harcourt,Sexual Assault,Critical,52,Female,Neighbor,Shelter,I was drugged at a party and woke up realising something had happened to me. I am confused and scared. I do not know what to do or who to tell.,FALSE,,Port Harcourt,high,gps,4.864165,24.9,7.024006,victim
79,2/5/2025,16:19,Mobile App,Ongoing,FALSE,2/6/2025 11:00,2/8/2025 18:00,Kano,Domestic Violence,Medium,45,Female,Stranger,Legal Aid,I was passing by and saw a man dragging a woman by the hair into a house. She was crying. Other people just walked past. I had to report this.,TRUE,2/6/2025 13:00,Kano,high,gps,12.019414,5.3,8.618162,bystander
80,1/25/2025,16:24,Hotline,Closed,FALSE,1/25/2025 7:00,1/27/2025 15:00,Bauchi,Harassment,Medium,9,Female,Employer,Medical Care,My friend has been showing me messages she is getting from someone who is threatening her. She is too embarrassed to report so I am doing it for her.,TRUE,1/25/2025 19:00,Bauchi,medium,manual_entry,10.289564,368.3,9.867022,bystander
81,2/5/2025,23:23,Hotline,Closed,FALSE,2/6/2025 23:00,2/9/2025 18:00,Bauchi,Others,High,41,Female,Neighbor,Shelter,My elderly neighbour was beaten and robbed inside her compound. She is hospitalised now. I am reporting on her behalf as her family is being contacted.,TRUE,2/7/2025 20:00,Bauchi,medium,manual_entry,10.302578,259.2,9.857431,bystander
82,2/6/2025,4:25,Dashboard,Closed,FALSE,2/6/2025 16:00,2/7/2025 4:00,Abuja,Sexual Assault,Critical,13,Female,Teacher,Legal Aid,A woman came to my door last night looking terrified. She said she had been assaulted nearby. I let her in and I am reporting on her behalf.,TRUE,2/7/2025 1:00,Abuja,high,gps,9.089853,23.8,7.402177,bystander
83,1/29/2025,16:04,Dashboard,Closed,TRUE,1/29/2025 2:00,1/31/2025 18:00,Ibadan,Child Abuse,Critical,50,Female,Employer,Medical Care,I am a teacher. One of my students has been coming to school with visible injuries and seems very withdrawn. I suspect abuse at home.,TRUE,1/29/2025 13:00,Ibadan,high,gps,7.336529,13.9,3.98053,bystander
84,2/6/2025,21:22,Dashboard,Ongoing,FALSE,2/6/2025 18:00,2/8/2025 6:00,Lagos,Harassment,High,64,Female,Colleague,Medical Care,A girl in my office has been visibly distressed. I found out she is being harassed by a senior colleague. She is afraid of losing her job so I am reporting.,TRUE,2/7/2025 3:00,Lagos,high,gps,6.506478,11,3.347852,bystander
85,2/7/2025,10:23,Dashboard,Ongoing,FALSE,2/8/2025 12:00,2/9/2025 19:00,Ibadan,Others,Low,34,Female,Guardian,Shelter,I have been receiving death threats from people whose identity I do not fully know. I believe it is connected to a land dispute involving my family.,TRUE,2/8/2025 23:00,Ibadan,high,gps,7.331578,24.8,3.956089,victim
86,2/7/2025,11:50,Mobile App,Ongoing,FALSE,2/7/2025 15:00,2/9/2025 19:00,Abeokuta,Sexual Assault,Critical,8,Male,Partner,Shelter,My roommate told me she was assaulted last week. She has been very withdrawn since then. I convinced her to let me report so she can get support.,TRUE,2/7/2025 20:00,Abeokuta,high,gps,7.165256,16.8,3.313559,bystander
87,2/7/2025,14:40,Community Center,Closed,FALSE,2/9/2025 0:00,2/11/2025 23:00,Jos,Harassment,Medium,56,Female,Guardian,Legal Aid,My friend has been showing me messages she is getting from someone who is threatening her. She is too embarrassed to report so I am doing it for her.,TRUE,2/9/2025 11:00,Jos,medium,manual_entry,9.897709,171.9,8.83095,bystander
88,2/7/2025,16:27,Hotline,Ongoing,FALSE,2/7/2025 8:00,2/8/2025 9:00,Lagos,Domestic Violence,High,36,Female,Guardian,Shelter,I witnessed the man beating his wife in the compound. She fell down. She told me not to report but I am very worried about her safety.,TRUE,2/7/2025 20:00,Lagos,low,manual_entry,6.538917,136.2,3.346637,bystander
89,2/8/2025,11:36,Mobile App,Closed,FALSE,2/9/2025 23:00,2/12/2025 19:00,Onitsha,Harassment,Medium,70,Male,Neighbor,Counseling,My friend has been showing me messages she is getting from someone who is threatening her. She is too embarrassed to report so I am doing it for her.,TRUE,2/10/2025 19:00,Onitsha,high,gps,6.161894,25.8,6.775674,bystander
90,2/8/2025,12:28,Mobile App,Closed,TRUE,2/9/2025 0:00,2/9/2025 23:00,Port Harcourt,Domestic Violence,Critical,9,Female,Partner,Shelter,He hit me again tonight. I managed to lock myself in the bathroom and call for help. This has been going on for months and I am scared for my life.,TRUE,2/9/2025 10:00,Port Harcourt,medium,gps,4.859273,8.2,7.013552,victim
91,2/8/2025,23:19,Dashboard,Ongoing,FALSE,2/9/2025 12:00,2/11/2025 2:00,Kano,Domestic Violence,High,63,Female,Relative,Shelter,"This has been happening for two years. I finally found the courage to report. He controls everything — money, movement. I need support to leave.",TRUE,2/9/2025 15:00,Kano,high,gps,11.986307,7.6,8.553347,victim
92,2/9/2025,8:00,Mobile App,Ongoing,TRUE,2/9/2025 19:00,2/12/2025 8:00,Abuja,Harassment,Low,18,Female,Guardian,Shelter,"I saw a group of men surrounding a young woman at the market, touching her and refusing to let her pass. She looked terrified. I am reporting on her behalf.",TRUE,2/10/2025 1:00,Abuja,high,gps,9.118969,11.3,7.436334,bystander
93,2/9/2025,22:06,Community Center,Closed,TRUE,2/9/2025 5:00,2/11/2025 9:00,Lagos,Sexual Assault,High,40,Female,Stranger,Counseling,My friend confided in me that she was assaulted by her boyfriend. She is too ashamed to report herself. I am reporting with her knowledge and permission.,TRUE,2/9/2025 21:00,Lagos,low,manual_entry,6.500194,118.3,3.395198,bystander
94,2/10/2025,2:22,Dashboard,Ongoing,FALSE,2/10/2025 16:00,2/11/2025 8:00,Abuja,Domestic Violence,High,64,Female,Guardian,Shelter,I was passing by and saw a man dragging a woman by the hair into a house. She was crying. Other people just walked past. I had to report this.,TRUE,2/10/2025 23:00,Abuja,medium,gps,9.108222,10.6,7.40412,bystander
95,1/16/2025,20:42,Hotline,Ongoing,FALSE,1/17/2025 5:00,1/18/2025 20:00,Enugu,Domestic Violence,Critical,22,Female,Relative,Shelter,"This has been happening for two years. I finally found the courage to report. He controls everything — money, movement. I need support to leave.",FALSE,,Enugu,medium,manual_entry,6.461365,305.9,7.520585,victim
96,2/11/2025,13:26,Dashboard,Ongoing,TRUE,2/13/2025 0:00,2/13/2025 13:00,Abeokuta,Child Abuse,Critical,70,Female,Guardian,Shelter,My teacher beats me with a cane almost every day for small mistakes. I have marks on my back and legs. I am afraid to go to school.,FALSE,,Abeokuta,high,gps,7.10681,11.6,3.401622,victim
97,2/12/2025,3:29,Community Center,Closed,TRUE,2/12/2025 16:00,2/13/2025 15:00,Kano,Domestic Violence,High,33,Female,Colleague,Medical Care,I witnessed the man beating his wife in the compound. She fell down. She told me not to report but I am very worried about her safety.,TRUE,2/13/2025 10:00,Kano,low,manual_entry,12.042242,233.8,8.60531,bystander
98,2/12/2025,14:16,Community Center,Ongoing,FALSE,2/12/2025 3:00,2/13/2025 9:00,Owerri,Sexual Assault,Critical,8,Female,Relative,Medical Care,I was drugged at a party and woke up realising something had happened to me. I am confused and scared. I do not know what to do or who to tell.,TRUE,2/12/2025 8:00,Owerri,medium,manual_entry,5.467503,82,7.018221,victim
99,1/21/2025,1:06,Dashboard,Closed,TRUE,1/22/2025 17:00,1/23/2025 19:00,Kano,Child Abuse,Critical,59,Female,Partner,Shelter,A child came to my shop crying and said his guardian beats him regularly and does not feed him. He begged me to help him. I am reporting immediately.,TRUE,1/23/2025 7:00,Kano,high,gps,12.024796,21.2,8.631711,bystander
100,2/13/2025,1:43,Mobile App,Ongoing,FALSE,2/13/2025 5:00,2/13/2025 13:00,Ibadan,Sexual Assault,Critical,58,Female,Neighbor,Counseling,My friend confided in me that she was assaulted by her boyfriend. She is too ashamed to report herself. I am reporting with her knowledge and permission.,TRUE,2/13/2025 10:00,Ibadan,medium,gps,7.416209,28,3.974988,bystander
101,2/13/2025,4:29,Dashboard,Closed,FALSE,2/14/2025 6:00,2/15/2025 21:00,Benin,Sexual Assault,Critical,10,Male,Stranger,Medical Care,My roommate told me she was assaulted last week. She has been very withdrawn since then. I convinced her to let me report so she can get support.,TRUE,2/15/2025 5:00,Benin,high,gps,6.349203,17.5,5.562114,bystander
102,2/13/2025,22:22,Hotline,Ongoing,FALSE,2/13/2025 6:00,2/13/2025 12:00,Abuja,Sexual Assault,Critical,54,Female,Employer,Medical Care,I was assaulted by someone I considered a friend. He threatened me not to tell anyone. I am finally speaking out because I cannot carry this alone.,FALSE,,Abuja,medium,manual_entry,9.042663,61.6,7.438455,victim
103,2/14/2025,13:34,Dashboard,Ongoing,FALSE,2/15/2025 14:00,2/15/2025 17:00,Bauchi,Domestic Violence,High,20,Female,Partner,Counseling,"He threw me against the wall and broke my phone. I borrowed a neighbour's phone to report. I cannot go back home, it is not safe.",FALSE,,Bauchi,high,gps,10.326443,19.4,9.79512,victim
104,2/15/2025,6:46,Dashboard,Ongoing,TRUE,2/16/2025 10:00,2/18/2025 19:00,Abuja,Harassment,Medium,43,Female,Guardian,Medical Care,"I saw a group of men surrounding a young woman at the market, touching her and refusing to let her pass. She looked terrified. I am reporting on her behalf.",FALSE,,Abuja,medium,gps,9.036647,15.9,7.41495,bystander
105,2/15/2025,15:57,Community Center,Ongoing,FALSE,2/16/2025 7:00,2/18/2025 4:00,Ibadan,Domestic Violence,High,23,Male,Employer,Counseling,I witnessed the man beating his wife in the compound. She fell down. She told me not to report but I am very worried about her safety.,TRUE,2/16/2025 13:00,Ibadan,low,manual_entry,7.328006,198.4,3.913081,bystander
106,2/17/2025,16:59,Dashboard,Closed,TRUE,2/18/2025 19:00,2/20/2025 23:00,Kano,Harassment,Low,17,Female,Neighbor,Shelter,"I saw a group of men surrounding a young woman at the market, touching her and refusing to let her pass. She looked terrified. I am reporting on her behalf.",TRUE,2/19/2025 13:00,Kano,high,gps,12.007073,12.9,8.61119,bystander
107,2/18/2025,2:08,Hotline,Ongoing,TRUE,2/19/2025 2:00,2/21/2025 20:00,Bauchi,Domestic Violence,Medium,17,Male,Teacher,Counseling,"This has been happening for two years. I finally found the courage to report. He controls everything — money, movement. I need support to leave.",FALSE,,Bauchi,medium,manual_entry,10.330996,236,9.816627,victim
108,2/18/2025,20:55,Dashboard,Ongoing,TRUE,2/19/2025 0:00,2/21/2025 16:00,Uyo,Domestic Violence,Medium,30,Female,Guardian,Counseling,I was passing by and saw a man dragging a woman by the hair into a house. She was crying. Other people just walked past. I had to report this.,TRUE,2/19/2025 1:00,Uyo,medium,gps,5.058918,8.3,7.886525,bystander
109,2/18/2025,23:45,Dashboard,Ongoing,FALSE,2/19/2025 21:00,2/22/2025 12:00,Uyo,Domestic Violence,Medium,59,Female,Colleague,Counseling,My colleague came to work today with a swollen eye. She said she fell but I do not believe her. I am reporting because I am concerned for her.,TRUE,2/20/2025 8:00,Uyo,high,gps,5.02024,22.7,7.937449,bystander
110,2/19/2025,12:05,Community Center,Ongoing,FALSE,2/19/2025 1:00,2/22/2025 0:00,Owerri,Sexual Assault,Critical,25,Female,Colleague,Shelter,My uncle assaulted me last weekend when everyone else had gone out. I could not scream. I have not been able to eat or sleep since then.,TRUE,2/19/2025 5:00,Owerri,low,manual_entry,5.498563,257.7,7.068222,victim
111,2/20/2025,14:17,Dashboard,Ongoing,FALSE,2/21/2025 8:00,2/22/2025 22:00,Kaduna,Sexual Assault,Critical,35,Female,Partner,Counseling,A colleague assaulted me after a work event. I kept quiet because he is my senior and I was afraid. I cannot keep this to myself anymore.,TRUE,2/21/2025 13:00,Kaduna,high,gps,10.526261,29.5,7.423331,victim
112,1/23/2025,18:19,Mobile App,Closed,TRUE,1/24/2025 12:00,1/25/2025 7:00,Enugu,Harassment,Low,65,Female,Stranger,Shelter,My supervisor has been making inappropriate comments about my body for weeks. Today he touched me without my consent. I feel unsafe at work.,TRUE,1/25/2025 1:00,Enugu,medium,gps,6.417767,17.7,7.533172,victim
113,2/21/2025,6:29,Community Center,Closed,FALSE,2/21/2025 18:00,2/24/2025 0:00,Benin,Others,Low,51,Female,Stranger,Shelter,My elderly neighbour was beaten and robbed inside her compound. She is hospitalised now. I am reporting on her behalf as her family is being contacted.,TRUE,2/22/2025 5:00,Benin,medium,manual_entry,6.31152,419.2,5.578099,bystander
114,2/7/2025,9:36,Community Center,Ongoing,FALSE,2/8/2025 14:00,2/11/2025 5:00,Abuja,Domestic Violence,High,49,Female,Employer,Shelter,I was passing by and saw a man dragging a woman by the hair into a house. She was crying. Other people just walked past. I had to report this.,FALSE,,Abuja,medium,manual_entry,9.123801,205.3,7.38791,bystander
115,2/22/2025,12:00,Mobile App,Closed,TRUE,2/22/2025 21:00,2/23/2025 22:00,Enugu,Sexual Assault,Critical,21,Female,Colleague,Counseling,My friend confided in me that she was assaulted by her boyfriend. She is too ashamed to report herself. I am reporting with her knowledge and permission.,TRUE,2/23/2025 20:00,Enugu,high,gps,6.497605,10.8,7.559514,bystander
116,2/22/2025,13:07,Hotline,Ongoing,FALSE,2/22/2025 21:00,2/25/2025 10:00,Benin,Sexual Assault,Critical,20,Male,Spouse,Legal Aid,A colleague assaulted me after a work event. I kept quiet because he is my senior and I was afraid. I cannot keep this to myself anymore.,FALSE,,Benin,medium,manual_entry,6.364481,494.8,5.603964,victim
117,2/22/2025,15:30,Dashboard,Ongoing,FALSE,2/22/2025 3:00,2/22/2025 20:00,Owerri,Harassment,High,10,Female,Guardian,Legal Aid,"I saw a group of men surrounding a young woman at the market, touching her and refusing to let her pass. She looked terrified. I am reporting on her behalf.",TRUE,2/22/2025 13:00,Owerri,high,gps,5.49129,26.9,7.032552,bystander
118,2/23/2025,3:33,Community Center,Ongoing,FALSE,2/24/2025 10:00,2/26/2025 21:00,Onitsha,Domestic Violence,Medium,31,Female,Neighbor,Medical Care,I witnessed the man beating his wife in the compound. She fell down. She told me not to report but I am very worried about her safety.,TRUE,2/24/2025 13:00,Onitsha,low,manual_entry,6.112324,83.7,6.809245,bystander
119,2/13/2025,3:37,Community Center,Closed,TRUE,2/14/2025 16:00,2/16/2025 19:00,Onitsha,Harassment,Medium,15,Male,Employer,Counseling,"I witnessed a man verbally abusing a woman at a bus stop, calling her terrible names. She was in tears. I followed up to make sure she was okay and she asked me to report.",TRUE,2/15/2025 13:00,Onitsha,medium,manual_entry,6.120877,433.6,6.739432,bystander
120,2/25/2025,5:45,Hotline,Ongoing,TRUE,2/26/2025 17:00,3/1/2025 8:00,Onitsha,Sexual Assault,Critical,47,Male,Employer,Medical Care,I found my younger sister crying and she told me what happened to her. She does not want our parents to know. I am reporting because she needs help.,FALSE,,Onitsha,low,manual_entry,6.157347,155.6,6.754711,bystander
121,2/25/2025,23:09,Community Center,Ongoing,FALSE,2/27/2025 0:00,2/27/2025 12:00,Abeokuta,Sexual Assault,High,30,Female,Employer,Medical Care,My friend confided in me that she was assaulted by her boyfriend. She is too ashamed to report herself. I am reporting with her knowledge and permission.,TRUE,2/27/2025 2:00,Abeokuta,low,manual_entry,7.191546,249.7,3.407293,bystander
122,2/25/2025,23:40,Mobile App,Ongoing,FALSE,2/25/2025 3:00,2/26/2025 21:00,Kaduna,Domestic Violence,Medium,44,Female,Relative,Legal Aid,"This has been happening for two years. I finally found the courage to report. He controls everything — money, movement. I need support to leave.",FALSE,,Kaduna,high,gps,10.551986,15.8,7.403516,victim
123,2/26/2025,1:42,Mobile App,Ongoing,FALSE,2/27/2025 3:00,2/28/2025 3:00,Abuja,Child Abuse,Critical,60,Female,Stranger,Counseling,I am 14 years old. My father beats me and my siblings severely. He broke my arm last month. I need someone to help us.,TRUE,2/27/2025 5:00,Abuja,high,gps,9.028046,20.5,7.441432,victim
124,2/7/2025,7:20,Mobile App,Closed,FALSE,2/8/2025 14:00,2/9/2025 9:00,Enugu,Child Abuse,Critical,43,Female,Neighbor,Legal Aid,I am 14 years old. My father beats me and my siblings severely. He broke my arm last month. I need someone to help us.,TRUE,2/8/2025 22:00,Enugu,high,gps,6.451218,16.5,7.593065,victim
125,2/26/2025,10:18,Community Center,Closed,TRUE,2/26/2025 19:00,3/1/2025 17:00,Enugu,Harassment,Medium,70,Female,Relative,Legal Aid,A girl in my office has been visibly distressed. I found out she is being harassed by a senior colleague. She is afraid of losing her job so I am reporting.,TRUE,2/27/2025 1:00,Enugu,medium,manual_entry,6.504762,494.4,7.581701,bystander
126,2/26/2025,22:02,Hotline,Ongoing,TRUE,2/27/2025 21:00,3/1/2025 6:00,Bauchi,Domestic Violence,High,65,Male,Neighbor,Counseling,My husband threatened to kill me if I told anyone. I have bruises on my arms and face. I left the house with my children and I need help urgently.,TRUE,2/28/2025 2:00,Bauchi,medium,manual_entry,10.295245,434,9.83271,victim
127,2/26/2025,23:48,Community Center,Closed,FALSE,2/27/2025 1:00,2/28/2025 23:00,Kaduna,Domestic Violence,High,65,Female,Colleague,Shelter,I witnessed the man beating his wife in the compound. She fell down. She told me not to report but I am very worried about her safety.,TRUE,2/27/2025 20:00,Kaduna,medium,manual_entry,10.545614,59.9,7.398192,bystander
128,2/27/2025,7:08,Dashboard,Ongoing,FALSE,2/27/2025 1:00,2/27/2025 8:00,Onitsha,Domestic Violence,High,14,Female,Partner,Legal Aid,"This has been happening for two years. I finally found the courage to report. He controls everything — money, movement. I need support to leave.",FALSE,,Onitsha,high,gps,6.109749,24.4,6.79268,victim
129,2/27/2025,11:05,Hotline,Ongoing,FALSE,2/27/2025 23:00,3/1/2025 4:00,Jos,Sexual Assault,Critical,68,Female,Guardian,Legal Aid,I was drugged at a party and woke up realising something had happened to me. I am confused and scared. I do not know what to do or who to tell.,TRUE,2/28/2025 9:00,Jos,low,manual_entry,9.940115,332.7,8.877903,victim
130,3/2/2025,6:48,Dashboard,Ongoing,TRUE,3/3/2025 5:00,3/3/2025 10:00,Jos,Harassment,Medium,39,Female,Relative,Shelter,My friend has been showing me messages she is getting from someone who is threatening her. She is too embarrassed to report so I am doing it for her.,TRUE,3/3/2025 17:00,Jos,high,gps,9.903506,13.2,8.818018,bystander
131,2/14/2025,12:59,Hotline,Ongoing,FALSE,2/14/2025 13:00,2/15/2025 6:00,Onitsha,Domestic Violence,High,28,Female,Spouse,Medical Care,I am a neighbour. The woman in the apartment beside mine has been coming out with bruises. She seems too afraid to report herself so I am doing it.,FALSE,,Onitsha,medium,manual_entry,6.154301,288.9,6.836005,bystander
132,3/2/2025,17:39,Community Center,Closed,FALSE,3/2/2025 17:00,3/5/2025 7:00,Ibadan,Domestic Violence,High,54,Female,Guardian,Shelter,I live next door and I can hear screaming almost every night. Tonight I saw her running out with blood on her face. I called for help on her behalf.,TRUE,3/3/2025 3:00,Ibadan,medium,manual_entry,7.341508,411.9,3.948833,bystander
133,3/2/2025,20:10,Community Center,Closed,FALSE,3/2/2025 10:00,3/3/2025 15:00,Bauchi,Harassment,Low,28,Female,Teacher,Counseling,"I saw a group of men surrounding a young woman at the market, touching her and refusing to let her pass. She looked terrified. I am reporting on her behalf.",TRUE,3/3/2025 8:00,Bauchi,medium,manual_entry,10.353537,485.3,9.868277,bystander
134,3/2/2025,21:14,Community Center,Ongoing,FALSE,3/3/2025 2:00,3/3/2025 4:00,Jos,Sexual Assault,Critical,62,Female,Relative,Counseling,My friend confided in me that she was assaulted by her boyfriend. She is too ashamed to report herself. I am reporting with her knowledge and permission.,TRUE,3/3/2025 4:00,Jos,medium,manual_entry,9.916202,313.1,8.878548,bystander
135,3/3/2025,14:12,Dashboard,Closed,TRUE,3/4/2025 20:00,3/6/2025 2:00,Bauchi,Sexual Assault,Critical,33,Female,Employer,Medical Care,I was attacked on my way home from work last night. A man I did not know forced himself on me. I am at my friend's place. I need help and medical attention.,TRUE,3/5/2025 12:00,Bauchi,medium,gps,10.301749,13.2,9.823559,victim
136,3/3/2025,16:31,Community Center,Ongoing,FALSE,3/4/2025 17:00,3/7/2025 5:00,Abuja,Domestic Violence,Critical,17,Female,Teacher,Medical Care,He hit me again tonight. I managed to lock myself in the bathroom and call for help. This has been going on for months and I am scared for my life.,FALSE,,Abuja,medium,manual_entry,9.107436,102.5,7.429611,victim
137,3/4/2025,17:50,Mobile App,Ongoing,FALSE,3/4/2025 20:00,3/7/2025 12:00,Bauchi,Harassment,Low,37,Female,Spouse,Counseling,A girl in my office has been visibly distressed. I found out she is being harassed by a senior colleague. She is afraid of losing her job so I am reporting.,TRUE,3/5/2025 0:00,Bauchi,high,gps,10.352507,14.7,9.885524,bystander
138,3/5/2025,3:56,Community Center,Closed,FALSE,3/6/2025 14:00,3/7/2025 10:00,Ibadan,Domestic Violence,High,18,Female,Guardian,Medical Care,I live next door and I can hear screaming almost every night. Tonight I saw her running out with blood on her face. I called for help on her behalf.,TRUE,3/7/2025 4:00,Ibadan,medium,manual_entry,7.378634,327,3.947152,bystander
139,3/5/2025,21:36,Community Center,Closed,FALSE,3/6/2025 21:00,3/8/2025 21:00,Port Harcourt,Harassment,High,64,Female,Stranger,Counseling,Someone has been sending me explicit messages on social media and threatening to share my photos. I do not know what to do.,TRUE,3/7/2025 4:00,Port Harcourt,low,manual_entry,4.84543,435,7.064796,victim
140,2/24/2025,5:56,Mobile App,Closed,FALSE,2/25/2025 0:00,2/27/2025 22:00,Uyo,Harassment,Medium,50,Male,Colleague,Medical Care,My landlord keeps coming to my room uninvited and making uncomfortable advances. I have asked him to stop but it has continued.,TRUE,2/25/2025 21:00,Uyo,high,gps,5.057897,11.9,7.942379,victim
141,3/7/2025,14:00,Mobile App,Ongoing,FALSE,3/7/2025 6:00,3/8/2025 10:00,Abeokuta,Sexual Assault,High,48,Female,Partner,Medical Care,My uncle assaulted me last weekend when everyone else had gone out. I could not scream. I have not been able to eat or sleep since then.,TRUE,3/7/2025 16:00,Abeokuta,high,gps,7.186501,24.7,3.3457,victim
142,3/8/2025,2:12,Mobile App,Ongoing,TRUE,3/9/2025 13:00,3/10/2025 16:00,Jos,Domestic Violence,High,15,Female,Guardian,Legal Aid,I have been beaten repeatedly by my partner. Tonight was the worst. I am at a neighbour's house right now. Please send help.,TRUE,3/9/2025 22:00,Jos,high,gps,9.884058,25.3,8.817698,victim
143,3/10/2025,0:38,Dashboard,Ongoing,FALSE,3/10/2025 10:00,3/10/2025 11:00,Abuja,Child Abuse,Critical,50,Female,Employer,Medical Care,My uncle has been touching me in ways that make me uncomfortable. I told my mother but she did not believe me. Please help me.,TRUE,3/10/2025 13:00,Abuja,medium,gps,9.084328,11.3,7.352194,victim
144,3/11/2025,10:43,Mobile App,Ongoing,FALSE,3/12/2025 19:00,3/12/2025 23:00,Lagos,Child Abuse,Critical,29,Female,Teacher,Medical Care,My teacher beats me with a cane almost every day for small mistakes. I have marks on my back and legs. I am afraid to go to school.,TRUE,3/13/2025 1:00,Lagos,high,gps,6.52096,19.7,3.383464,victim
145,3/11/2025,16:47,Community Center,Ongoing,FALSE,3/11/2025 17:00,3/12/2025 0:00,Onitsha,Harassment,Medium,42,Female,Guardian,Counseling,"I saw a group of men surrounding a young woman at the market, touching her and refusing to let her pass. She looked terrified. I am reporting on her behalf.",TRUE,3/12/2025 0:00,Onitsha,low,manual_entry,6.121454,264.3,6.796083,bystander
146,3/12/2025,11:29,Hotline,Ongoing,TRUE,3/13/2025 5:00,3/15/2025 22:00,Abuja,Harassment,High,42,Female,Guardian,Counseling,My supervisor has been making inappropriate comments about my body for weeks. Today he touched me without my consent. I feel unsafe at work.,TRUE,3/13/2025 15:00,Abuja,medium,manual_entry,9.02955,256.1,7.352335,victim
147,3/12/2025,16:26,Dashboard,Ongoing,FALSE,3/13/2025 7:00,3/15/2025 11:00,Jos,Sexual Assault,Critical,56,Female,Stranger,Counseling,I was drugged at a party and woke up realising something had happened to me. I am confused and scared. I do not know what to do or who to tell.,TRUE,3/13/2025 9:00,Jos,high,gps,9.92876,6.8,8.844319,victim
148,3/13/2025,18:59,Hotline,Closed,TRUE,3/14/2025 15:00,3/15/2025 10:00,Owerri,Domestic Violence,High,54,Female,Partner,Counseling,I was passing by and saw a man dragging a woman by the hair into a house. She was crying. Other people just walked past. I had to report this.,TRUE,3/14/2025 18:00,Owerri,medium,manual_entry,5.446306,221.4,7.035524,bystander
149,3/14/2025,2:47,Community Center,Ongoing,TRUE,3/15/2025 9:00,3/17/2025 17:00,Abeokuta,Child Abuse,Critical,38,Female,Guardian,Shelter,I am 14 years old. My father beats me and my siblings severely. He broke my arm last month. I need someone to help us.,TRUE,3/15/2025 21:00,Abeokuta,low,manual_entry,7.174499,243.5,3.333482,victim
150,3/14/2025,10:37,Dashboard,Ongoing,TRUE,3/14/2025 22:00,3/17/2025 9:00,Port Harcourt,Domestic Violence,Medium,64,Male,Guardian,Medical Care,I witnessed the man beating his wife in the compound. She fell down. She told me not to report but I am very worried about her safety.,TRUE,3/15/2025 10:00,Port Harcourt,high,gps,4.827889,12.8,7.008335,bystander
151,3/14/2025,19:57,Hotline,Ongoing,TRUE,3/14/2025 10:00,3/16/2025 23:00,Onitsha,Sexual Assault,Critical,58,Female,Relative,Shelter,I found my younger sister crying and she told me what happened to her. She does not want our parents to know. I am reporting because she needs help.,TRUE,3/14/2025 12:00,Onitsha,low,manual_entry,6.097968,385.1,6.790135,bystander
152,3/15/2025,8:20,Mobile App,Closed,FALSE,3/16/2025 12:00,3/16/2025 20:00,Kano,Sexual Assault,High,70,Male,Partner,Legal Aid,A colleague assaulted me after a work event. I kept quiet because he is my senior and I was afraid. I cannot keep this to myself anymore.,TRUE,3/17/2025 7:00,Kano,medium,gps,12.006264,13.2,8.605743,victim
153,3/15/2025,20:18,Mobile App,Ongoing,FALSE,3/15/2025 23:00,3/18/2025 6:00,Enugu,Sexual Assault,Critical,22,Male,Employer,Shelter,My friend confided in me that she was assaulted by her boyfriend. She is too ashamed to report herself. I am reporting with her knowledge and permission.,FALSE,,Enugu,high,gps,6.481009,20,7.593985,bystander
154,3/16/2025,6:34,Community Center,Closed,TRUE,3/17/2025 13:00,3/20/2025 6:00,Jos,Domestic Violence,Medium,38,Female,Neighbor,Legal Aid,I have been beaten repeatedly by my partner. Tonight was the worst. I am at a neighbour's house right now. Please send help.,TRUE,3/17/2025 20:00,Jos,medium,manual_entry,9.89813,150.9,8.840596,victim
155,3/14/2025,6:43,Hotline,Closed,FALSE,3/15/2025 12:00,3/17/2025 12:00,Bauchi,Harassment,Low,26,Male,Spouse,Legal Aid,Three boys from my street harass me every day on my way to school. They block my path and say terrible things. I cannot take it anymore.,TRUE,3/15/2025 16:00,Bauchi,low,manual_entry,10.345319,413.2,9.821283,victim
156,3/16/2025,16:57,Community Center,Ongoing,FALSE,3/17/2025 19:00,3/19/2025 6:00,Benin,Domestic Violence,High,66,Female,Employer,Legal Aid,I live next door and I can hear screaming almost every night. Tonight I saw her running out with blood on her face. I called for help on her behalf.,TRUE,3/18/2025 0:00,Benin,medium,manual_entry,6.328897,464.7,5.561546,bystander
157,2/27/2025,19:39,Hotline,Ongoing,TRUE,2/27/2025 12:00,2/28/2025 7:00,Benin,Domestic Violence,High,26,Female,Neighbor,Legal Aid,"He threw me against the wall and broke my phone. I borrowed a neighbour's phone to report. I cannot go back home, it is not safe.",TRUE,2/27/2025 19:00,Benin,low,manual_entry,6.287535,91.3,5.649965,victim
158,3/17/2025,12:41,Community Center,Ongoing,FALSE,3/18/2025 3:00,3/20/2025 14:00,Kaduna,Sexual Assault,Critical,63,Female,Teacher,Legal Aid,I was attacked on my way home from work last night. A man I did not know forced himself on me. I am at my friend's place. I need help and medical attention.,TRUE,3/18/2025 9:00,Kaduna,medium,manual_entry,10.544098,399.6,7.436097,victim
159,3/17/2025,14:44,Community Center,Closed,TRUE,3/17/2025 10:00,3/18/2025 7:00,Port Harcourt,Harassment,High,16,Female,Stranger,Shelter,A girl in my office has been visibly distressed. I found out she is being harassed by a senior colleague. She is afraid of losing her job so I am reporting.,TRUE,3/18/2025 6:00,Port Harcourt,low,manual_entry,4.806495,172.4,7.017129,bystander
160,3/18/2025,2:18,Hotline,Ongoing,FALSE,3/19/2025 15:00,3/22/2025 0:00,Abuja,Others,Medium,41,Female,Employer,Legal Aid,I have been receiving death threats from people whose identity I do not fully know. I believe it is connected to a land dispute involving my family.,TRUE,3/19/2025 19:00,Abuja,low,manual_entry,9.042144,205.3,7.373624,victim
161,3/18/2025,3:28,Community Center,Ongoing,TRUE,3/19/2025 20:00,3/22/2025 11:00,Abuja,Sexual Assault,Critical,57,Female,Colleague,Medical Care,I was attacked on my way home from work last night. A man I did not know forced himself on me. I am at my friend's place. I need help and medical attention.,TRUE,3/20/2025 1:00,Abuja,medium,manual_entry,9.081423,493,7.42006,victim
162,3/15/2025,5:06,Hotline,Ongoing,FALSE,3/15/2025 14:00,3/17/2025 5:00,Bauchi,Domestic Violence,Medium,48,Female,Colleague,Medical Care,He hit me again tonight. I managed to lock myself in the bathroom and call for help. This has been going on for months and I am scared for my life.,FALSE,,Bauchi,medium,manual_entry,10.33182,180.3,9.822193,victim
163,3/18/2025,11:52,Mobile App,Ongoing,FALSE,3/19/2025 8:00,3/21/2025 16:00,Abeokuta,Sexual Assault,Critical,26,Male,Neighbor,Legal Aid,My friend confided in me that she was assaulted by her boyfriend. She is too ashamed to report herself. I am reporting with her knowledge and permission.,TRUE,3/19/2025 15:00,Abeokuta,high,gps,7.192987,17.5,3.38569,bystander
164,3/18/2025,17:50,Hotline,Ongoing,FALSE,3/19/2025 2:00,3/19/2025 8:00,Lagos,Child Abuse,Critical,18,Female,Neighbor,Shelter,My neighbour's child came to our house at night crying and said her stepmother had beaten her and thrown her outside. She has marks on her body.,TRUE,3/19/2025 10:00,Lagos,medium,manual_entry,6.529835,309.1,3.390372,bystander
165,3/19/2025,0:06,Mobile App,Ongoing,TRUE,3/19/2025 19:00,3/20/2025 10:00,Benin,Child Abuse,Critical,52,Female,Colleague,Counseling,I noticed a child in my neighbourhood with burns and bruises on different parts of her body. When I asked she said her father did it. I am very worried.,TRUE,3/20/2025 1:00,Benin,medium,gps,6.32696,16.5,5.578473,bystander
166,3/19/2025,5:54,Community Center,Ongoing,FALSE,3/20/2025 4:00,3/20/2025 18:00,Kano,Sexual Assault,Critical,58,Female,Partner,Medical Care,A woman came to my door last night looking terrified. She said she had been assaulted nearby. I let her in and I am reporting on her behalf.,TRUE,3/20/2025 14:00,Kano,low,manual_entry,11.987797,228.1,8.617785,bystander
167,3/19/2025,6:07,Mobile App,Closed,TRUE,3/19/2025 15:00,3/21/2025 10:00,Uyo,Child Abuse,Critical,57,Female,Stranger,Counseling,The man my mother is staying with does bad things to me when she is not around. I do not know who else to tell.,TRUE,3/19/2025 21:00,Uyo,medium,gps,4.989139,7.9,7.874407,victim
168,3/17/2025,14:07,Community Center,Ongoing,FALSE,3/17/2025 23:00,3/18/2025 18:00,Enugu,Harassment,High,68,Female,Colleague,Medical Care,"A man followed me from the bus stop all the way to my street, making sexual remarks. I had to enter a shop to escape him. I am still shaking.",TRUE,3/18/2025 2:00,Enugu,low,manual_entry,6.413,321.1,7.500473,victim
169,3/21/2025,1:19,Dashboard,Ongoing,FALSE,3/22/2025 17:00,3/25/2025 9:00,Abeokuta,Harassment,Medium,46,Female,Spouse,Medical Care,"I witnessed a man verbally abusing a woman at a bus stop, calling her terrible names. She was in tears. I followed up to make sure she was okay and she asked me to report.",TRUE,3/23/2025 3:00,Abeokuta,high,gps,7.183046,22,3.382266,bystander
170,3/21/2025,9:37,Community Center,Ongoing,FALSE,3/21/2025 10:00,3/23/2025 19:00,Enugu,Others,Medium,31,Female,Stranger,Shelter,I witnessed a violent attack on a man near the motor park. The victim was seriously injured. I helped him to safety and I am now reporting the incident.,TRUE,3/21/2025 18:00,Enugu,medium,manual_entry,6.455817,316.1,7.506183,bystander
171,3/21/2025,14:14,Mobile App,Ongoing,FALSE,3/21/2025 20:00,3/24/2025 8:00,Kaduna,Domestic Violence,High,11,Male,Teacher,Legal Aid,"This has been happening for two years. I finally found the courage to report. He controls everything — money, movement. I need support to leave.",TRUE,3/21/2025 21:00,Kaduna,high,gps,10.509662,6.9,7.413847,victim
172,3/22/2025,8:05,Mobile App,Closed,FALSE,3/23/2025 15:00,3/26/2025 8:00,Bauchi,Child Abuse,Critical,26,Female,Guardian,Shelter,I am 14 years old. My father beats me and my siblings severely. He broke my arm last month. I need someone to help us.,TRUE,3/24/2025 4:00,Bauchi,medium,gps,10.28312,28.9,9.837585,victim
173,3/22/2025,8:58,Dashboard,Ongoing,FALSE,3/23/2025 13:00,3/24/2025 14:00,Jos,Domestic Violence,High,28,Female,Teacher,Shelter,I live next door and I can hear screaming almost every night. Tonight I saw her running out with blood on her face. I called for help on her behalf.,TRUE,3/23/2025 21:00,Jos,high,gps,9.88635,16.3,8.869885,bystander
174,3/22/2025,13:21,Mobile App,Ongoing,FALSE,3/23/2025 9:00,3/24/2025 8:00,Bauchi,Domestic Violence,Medium,45,Female,Stranger,Counseling,I have been beaten repeatedly by my partner. Tonight was the worst. I am at a neighbour's house right now. Please send help.,TRUE,3/23/2025 21:00,Bauchi,high,gps,10.329309,18.1,9.79873,victim
175,3/20/2025,14:22,Hotline,Closed,FALSE,3/21/2025 0:00,3/22/2025 13:00,Uyo,Domestic Violence,High,39,Female,Stranger,Legal Aid,He came home drunk and started hitting me. My children were watching. I am hiding with them in the backyard. Please come quickly.,TRUE,3/21/2025 13:00,Uyo,medium,manual_entry,5.025161,355.5,7.925386,victim
176,3/23/2025,6:35,Dashboard,Closed,FALSE,3/24/2025 18:00,3/26/2025 13:00,Enugu,Domestic Violence,Medium,10,Female,Spouse,Legal Aid,I witnessed the man beating his wife in the compound. She fell down. She told me not to report but I am very worried about her safety.,TRUE,3/24/2025 21:00,Enugu,medium,gps,6.458714,22,7.582049,bystander
177,3/23/2025,23:31,Hotline,Ongoing,FALSE,3/24/2025 23:00,3/25/2025 19:00,Ibadan,Harassment,High,37,Female,Guardian,Shelter,My friend has been showing me messages she is getting from someone who is threatening her. She is too embarrassed to report so I am doing it for her.,TRUE,3/25/2025 9:00,Ibadan,medium,manual_entry,7.393369,189.6,3.913293,bystander
178,3/24/2025,1:18,Hotline,Ongoing,FALSE,3/25/2025 15:00,3/26/2025 2:00,Jos,Sexual Assault,Critical,7,Female,Partner,Medical Care,A colleague assaulted me after a work event. I kept quiet because he is my senior and I was afraid. I cannot keep this to myself anymore.,TRUE,3/25/2025 22:00,Jos,medium,manual_entry,9.853557,415.9,8.872542,victim
179,3/24/2025,10:20,Mobile App,Ongoing,TRUE,3/25/2025 9:00,3/27/2025 8:00,Abuja,Others,Low,39,Female,Stranger,Counseling,I saw a woman being dragged into a car against her will near the junction. I screamed and people came but the car drove off. I am reporting what I saw.,TRUE,3/25/2025 14:00,Abuja,high,gps,9.029151,13.5,7.407178,bystander
180,3/24/2025,16:32,Dashboard,Closed,TRUE,3/24/2025 15:00,3/25/2025 9:00,Benin,Domestic Violence,High,19,Female,Neighbor,Shelter,He came home drunk and started hitting me. My children were watching. I am hiding with them in the backyard. Please come quickly.,TRUE,3/24/2025 20:00,Benin,high,gps,6.379023,17.7,5.611247,victim
181,3/6/2025,20:11,Mobile App,Ongoing,TRUE,3/6/2025 22:00,3/7/2025 15:00,Jos,Child Abuse,Critical,66,Female,Relative,Shelter,I am 14 years old. My father beats me and my siblings severely. He broke my arm last month. I need someone to help us.,TRUE,3/7/2025 1:00,Jos,medium,gps,9.885317,24.3,8.872629,victim
182,3/26/2025,1:24,Dashboard,Ongoing,TRUE,3/26/2025 3:00,3/28/2025 8:00,Port Harcourt,Harassment,Low,23,Female,Guardian,Counseling,My friend has been showing me messages she is getting from someone who is threatening her. She is too embarrassed to report so I am doing it for her.,TRUE,3/26/2025 15:00,Port Harcourt,high,gps,4.811425,20.3,7.054362,bystander
183,3/26/2025,2:12,Dashboard,Ongoing,FALSE,3/27/2025 11:00,3/28/2025 18:00,Kaduna,Domestic Violence,High,28,Female,Stranger,Medical Care,I was passing by and saw a man dragging a woman by the hair into a house. She was crying. Other people just walked past. I had to report this.,TRUE,3/27/2025 19:00,Kaduna,high,gps,10.554646,14.2,7.40511,bystander
184,3/26/2025,12:42,Dashboard,Ongoing,FALSE,3/26/2025 19:00,3/28/2025 20:00,Jos,Sexual Assault,High,33,Female,Partner,Legal Aid,I was drugged at a party and woke up realising something had happened to me. I am confused and scared. I do not know what to do or who to tell.,TRUE,3/27/2025 2:00,Jos,high,gps,9.942619,25,8.898835,victim
185,3/3/2025,23:58,Mobile App,Ongoing,FALSE,3/3/2025 4:00,3/5/2025 18:00,Lagos,Domestic Violence,High,57,Male,Stranger,Legal Aid,I have been beaten repeatedly by my partner. Tonight was the worst. I am at a neighbour's house right now. Please send help.,FALSE,,Lagos,high,gps,6.493979,22.8,3.336136,victim
186,3/27/2025,7:15,Dashboard,Ongoing,TRUE,3/27/2025 6:00,3/28/2025 3:00,Onitsha,Sexual Assault,Critical,67,Female,Employer,Shelter,A colleague assaulted me after a work event. I kept quiet because he is my senior and I was afraid. I cannot keep this to myself anymore.,TRUE,3/27/2025 15:00,Onitsha,high,gps,6.102878,7.3,6.738822,victim
187,3/17/2025,5:01,Community Center,Ongoing,FALSE,3/17/2025 23:00,3/18/2025 3:00,Kaduna,Harassment,Low,66,Female,Partner,Shelter,I have been receiving threatening messages from someone I rejected. He knows where I live and I am very scared.,TRUE,3/18/2025 6:00,Kaduna,low,manual_entry,10.469944,223.8,7.434801,victim
188,3/28/2025,16:14,Community Center,Closed,FALSE,3/28/2025 15:00,3/28/2025 19:00,Jos,Domestic Violence,High,24,Female,Teacher,Medical Care,He hit me again tonight. I managed to lock myself in the bathroom and call for help. This has been going on for months and I am scared for my life.,TRUE,3/29/2025 2:00,Jos,medium,manual_entry,9.853619,406.1,8.840198,victim
189,3/28/2025,17:11,Mobile App,Ongoing,FALSE,3/28/2025 19:00,3/31/2025 8:00,Port Harcourt,Sexual Assault,High,37,Female,Employer,Legal Aid,I was attacked on my way home from work last night. A man I did not know forced himself on me. I am at my friend's place. I need help and medical attention.,TRUE,3/28/2025 22:00,Port Harcourt,high,gps,4.850088,16.2,7.002127,victim
190,3/27/2025,1:14,Mobile App,Ongoing,FALSE,3/27/2025 2:00,3/28/2025 11:00,Owerri,Sexual Assault,Critical,22,Male,Stranger,Medical Care,My friend confided in me that she was assaulted by her boyfriend. She is too ashamed to report herself. I am reporting with her knowledge and permission.,TRUE,3/27/2025 5:00,Owerri,medium,gps,5.515047,20.2,7.011485,bystander
191,3/29/2025,12:24,Community Center,Ongoing,TRUE,3/29/2025 19:00,3/31/2025 2:00,Uyo,Domestic Violence,Critical,43,Female,Colleague,Medical Care,My colleague came to work today with a swollen eye. She said she fell but I do not believe her. I am reporting because I am concerned for her.,TRUE,3/29/2025 20:00,Uyo,medium,manual_entry,4.999516,78.3,7.932474,bystander
192,3/29/2025,16:17,Mobile App,Closed,FALSE,3/30/2025 11:00,3/30/2025 14:00,Onitsha,Harassment,Low,68,Female,Colleague,Counseling,A girl in my office has been visibly distressed. I found out she is being harassed by a senior colleague. She is afraid of losing her job so I am reporting.,TRUE,3/31/2025 8:00,Onitsha,high,gps,6.155694,23,6.824747,bystander
193,3/29/2025,23:20,Dashboard,Closed,FALSE,3/29/2025 1:00,3/30/2025 23:00,Kaduna,Sexual Assault,Critical,17,Female,Partner,Legal Aid,I was assaulted by someone I considered a friend. He threatened me not to tell anyone. I am finally speaking out because I cannot carry this alone.,TRUE,3/29/2025 9:00,Kaduna,high,gps,10.534007,21.6,7.446848,victim
194,3/30/2025,7:35,Community Center,Ongoing,FALSE,3/31/2025 0:00,3/31/2025 9:00,Port Harcourt,Harassment,High,7,Female,Colleague,Legal Aid,"I saw a group of men surrounding a young woman at the market, touching her and refusing to let her pass. She looked terrified. I am reporting on her behalf.",FALSE,,Port Harcourt,low,manual_entry,4.793803,225.7,7.017544,bystander
195,3/30/2025,15:52,Hotline,Ongoing,FALSE,3/31/2025 17:00,4/2/2025 19:00,Kano,Domestic Violence,Medium,67,Female,Guardian,Legal Aid,I have been beaten repeatedly by my partner. Tonight was the worst. I am at a neighbour's house right now. Please send help.,FALSE,,Kano,low,manual_entry,12.027261,210.7,8.622683,victim
196,3/31/2025,7:30,Hotline,Ongoing,FALSE,3/31/2025 16:00,4/1/2025 6:00,Enugu,Harassment,Medium,68,Female,Neighbor,Legal Aid,"I witnessed a man verbally abusing a woman at a bus stop, calling her terrible names. She was in tears. I followed up to make sure she was okay and she asked me to report.",FALSE,,Enugu,medium,manual_entry,6.507451,110,7.537662,bystander
197,3/31/2025,19:39,Community Center,Ongoing,FALSE,4/1/2025 18:00,4/2/2025 17:00,Owerri,Harassment,Low,14,Female,Spouse,Shelter,My supervisor has been making inappropriate comments about my body for weeks. Today he touched me without my consent. I feel unsafe at work.,FALSE,,Owerri,medium,manual_entry,5.470802,334.3,7.060941,victim
198,3/31/2025,20:55,Mobile App,Ongoing,TRUE,4/1/2025 22:00,4/4/2025 9:00,Jos,Child Abuse,Critical,60,Female,Neighbor,Shelter,I am a teacher. One of my students has been coming to school with visible injuries and seems very withdrawn. I suspect abuse at home.,TRUE,4/2/2025 2:00,Jos,high,gps,9.88058,27.1,8.901376,bystander
199,3/20/2025,5:47,Mobile App,Ongoing,FALSE,3/21/2025 9:00,3/23/2025 12:00,Lagos,Sexual Assault,Critical,16,Female,Colleague,Medical Care,I was drugged at a party and woke up realising something had happened to me. I am confused and scared. I do not know what to do or who to tell.,FALSE,,Lagos,high,gps,6.560241,5.9,3.372099,victim
200,4/1/2025,18:01,Dashboard,Ongoing,FALSE,4/1/2025 23:00,4/2/2025 6:00,Lagos,Domestic Violence,Medium,51,Female,Teacher,Shelter,I was passing by and saw a man dragging a woman by the hair into a house. She was crying. Other people just walked past. I had to report this.,FALSE,,Lagos,high,gps,6.549487,25,3.404654,bystander
201,4/2/2025,3:56,Community Center,Closed,FALSE,4/4/2025 0:00,4/6/2025 9:00,Benin,Child Abuse,Critical,51,Female,Colleague,Shelter,I am a teacher. One of my students has been coming to school with visible injuries and seems very withdrawn. I suspect abuse at home.,TRUE,4/4/2025 13:00,Benin,low,manual_entry,6.295312,273.3,5.643955,bystander
202,4/2/2025,10:01,Community Center,Closed,FALSE,4/3/2025 10:00,4/4/2025 21:00,Kaduna,Domestic Violence,High,6,Female,Guardian,Legal Aid,"This has been happening for two years. I finally found the courage to report. He controls everything — money, movement. I need support to leave.",TRUE,4/3/2025 13:00,Kaduna,low,manual_entry,10.511025,243.8,7.449146,victim
203,4/2/2025,13:00,Mobile App,Closed,TRUE,4/2/2025 19:00,4/4/2025 13:00,Kaduna,Domestic Violence,High,13,Female,Spouse,Medical Care,My colleague came to work today with a swollen eye. She said she fell but I do not believe her. I am reporting because I am concerned for her.,TRUE,4/2/2025 23:00,Kaduna,medium,gps,10.492505,12.4,7.456052,bystander
204,4/2/2025,17:50,Dashboard,Closed,FALSE,4/3/2025 22:00,4/6/2025 5:00,Abuja,Child Abuse,Critical,62,Female,Guardian,Counseling,I work at a clinic. A child was brought in with injuries that are inconsistent with the story the adult gave. I suspect the child is being abused.,TRUE,4/4/2025 4:00,Abuja,high,gps,9.06542,16.2,7.349684,bystander
205,4/3/2025,4:53,Hotline,Closed,FALSE,4/4/2025 4:00,4/5/2025 16:00,Ibadan,Harassment,Medium,34,Female,Teacher,Shelter,"I witnessed a man verbally abusing a woman at a bus stop, calling her terrible names. She was in tears. I followed up to make sure she was okay and she asked me to report.",TRUE,4/5/2025 1:00,Ibadan,low,manual_entry,7.418038,83.8,3.906129,bystander
206,4/3/2025,9:21,Community Center,Ongoing,TRUE,4/4/2025 9:00,4/5/2025 6:00,Jos,Child Abuse,Critical,64,Female,Partner,Medical Care,My teacher beats me with a cane almost every day for small mistakes. I have marks on my back and legs. I am afraid to go to school.,FALSE,,Jos,medium,manual_entry,9.878431,65.7,8.903306,victim
207,4/3/2025,19:53,Community Center,Ongoing,TRUE,4/4/2025 18:00,4/6/2025 17:00,Abuja,Sexual Assault,Critical,25,Female,Stranger,Legal Aid,A woman came to my door last night looking terrified. She said she had been assaulted nearby. I let her in and I am reporting on her behalf.,TRUE,4/5/2025 4:00,Abuja,low,manual_entry,9.121561,355.6,7.405944,bystander
208,3/20/2025,4:51,Hotline,Ongoing,FALSE,3/21/2025 5:00,3/21/2025 15:00,Abuja,Harassment,Low,24,Female,Relative,Legal Aid,My supervisor has been making inappropriate comments about my body for weeks. Today he touched me without my consent. I feel unsafe at work.,TRUE,3/21/2025 14:00,Abuja,medium,manual_entry,9.089684,342.3,7.393445,victim
209,3/29/2025,10:43,Hotline,Ongoing,FALSE,3/29/2025 2:00,3/30/2025 2:00,Bauchi,Child Abuse,Critical,48,Female,Employer,Medical Care,My neighbour's child came to our house at night crying and said her stepmother had beaten her and thrown her outside. She has marks on her body.,TRUE,3/29/2025 9:00,Bauchi,low,manual_entry,10.295121,167.8,9.827066,bystander
210,4/4/2025,14:02,Mobile App,Ongoing,TRUE,4/4/2025 14:00,4/6/2025 3:00,Uyo,Domestic Violence,Critical,5,Female,Colleague,Counseling,I am a neighbour. The woman in the apartment beside mine has been coming out with bruises. She seems too afraid to report herself so I am doing it.,TRUE,4/4/2025 22:00,Uyo,high,gps,5.054952,26.3,7.938037,bystander
211,4/4/2025,18:18,Hotline,Closed,FALSE,4/5/2025 22:00,4/8/2025 7:00,Abuja,Domestic Violence,High,36,Female,Guardian,Shelter,"This has been happening for two years. I finally found the courage to report. He controls everything — money, movement. I need support to leave.",TRUE,4/6/2025 1:00,Abuja,medium,manual_entry,9.105658,350.5,7.427562,victim
212,4/5/2025,1:33,Mobile App,Closed,FALSE,4/6/2025 11:00,4/8/2025 1:00,Kaduna,Harassment,High,32,Male,Teacher,Legal Aid,I have been receiving threatening messages from someone I rejected. He knows where I live and I am very scared.,TRUE,4/6/2025 21:00,Kaduna,medium,gps,10.469621,22.7,7.415942,victim
213,4/5/2025,12:09,Dashboard,Ongoing,FALSE,4/6/2025 9:00,4/7/2025 14:00,Kaduna,Harassment,Medium,20,Male,Colleague,Shelter,I have been receiving threatening messages from someone I rejected. He knows where I live and I am very scared.,TRUE,4/6/2025 13:00,Kaduna,high,gps,10.466256,24.8,7.421453,victim
214,4/6/2025,6:45,Mobile App,Ongoing,TRUE,4/7/2025 12:00,4/9/2025 12:00,Kano,Others,Low,7,Female,Spouse,Medical Care,I heard a loud argument followed by screaming from a nearby building. When I went to check I found someone badly hurt. I called for help and I am also reporting here.,TRUE,4/7/2025 21:00,Kano,high,gps,11.996353,6.6,8.63077,bystander
215,4/7/2025,7:05,Mobile App,Closed,FALSE,4/8/2025 10:00,4/10/2025 15:00,Port Harcourt,Sexual Assault,Critical,53,Female,Teacher,Counseling,My friend confided in me that she was assaulted by her boyfriend. She is too ashamed to report herself. I am reporting with her knowledge and permission.,TRUE,4/9/2025 0:00,Port Harcourt,high,gps,4.800692,8.1,7.011507,bystander
216,4/8/2025,2:40,Mobile App,Closed,FALSE,4/9/2025 5:00,4/11/2025 17:00,Uyo,Harassment,Low,50,Female,Relative,Counseling,"A man followed me from the bus stop all the way to my street, making sexual remarks. I had to enter a shop to escape him. I am still shaking.",TRUE,4/10/2025 3:00,Uyo,high,gps,5.001999,26.9,7.938951,victim
217,4/8/2025,19:42,Dashboard,Closed,FALSE,4/9/2025 4:00,4/11/2025 21:00,Owerri,Harassment,High,33,Female,Guardian,Shelter,"A man followed me from the bus stop all the way to my street, making sexual remarks. I had to enter a shop to escape him. I am still shaking.",TRUE,4/9/2025 6:00,Owerri,medium,gps,5.495422,8.8,6.993412,victim
218,4/8/2025,21:56,Dashboard,Ongoing,FALSE,4/8/2025 21:00,4/10/2025 2:00,Port Harcourt,Harassment,Low,65,Male,Spouse,Counseling,My friend has been showing me messages she is getting from someone who is threatening her. She is too embarrassed to report so I am doing it for her.,TRUE,4/9/2025 6:00,Port Harcourt,high,gps,4.774011,11.3,7.069897,bystander
219,4/9/2025,0:27,Hotline,Closed,FALSE,4/10/2025 17:00,4/12/2025 8:00,Abuja,Child Abuse,Critical,64,Female,Neighbor,Medical Care,My teacher beats me with a cane almost every day for small mistakes. I have marks on my back and legs. I am afraid to go to school.,TRUE,4/11/2025 13:00,Abuja,low,manual_entry,9.033776,316.3,7.430786,victim
220,4/9/2025,1:16,Dashboard,Closed,TRUE,4/10/2025 19:00,4/12/2025 15:00,Ibadan,Sexual Assault,High,68,Male,Relative,Counseling,I found my younger sister crying and she told me what happened to her. She does not want our parents to know. I am reporting because she needs help.,TRUE,4/11/2025 14:00,Ibadan,high,gps,7.398124,7,3.905135,bystander
221,4/10/2025,3:18,Dashboard,Ongoing,FALSE,4/11/2025 13:00,4/13/2025 19:00,Uyo,Others,Critical,54,Female,Stranger,Shelter,I heard a loud argument followed by screaming from a nearby building. When I went to check I found someone badly hurt. I called for help and I am also reporting here.,TRUE,4/11/2025 14:00,Uyo,medium,gps,4.996184,18.6,7.961464,bystander
222,3/11/2025,6:56,Hotline,Ongoing,FALSE,3/11/2025 16:00,3/13/2025 20:00,Bauchi,Harassment,High,19,Male,Spouse,Shelter,A girl in my office has been visibly distressed. I found out she is being harassed by a senior colleague. She is afraid of losing her job so I am reporting.,TRUE,3/11/2025 18:00,Bauchi,low,manual_entry,10.303227,247.8,9.831264,bystander
223,4/10/2025,9:47,Community Center,Ongoing,FALSE,4/10/2025 14:00,4/12/2025 10:00,Uyo,Sexual Assault,Critical,54,Male,Spouse,Legal Aid,My roommate told me she was assaulted last week. She has been very withdrawn since then. I convinced her to let me report so she can get support.,TRUE,4/10/2025 20:00,Uyo,medium,manual_entry,5.06898,380.4,7.957525,bystander
224,4/10/2025,14:52,Dashboard,Ongoing,FALSE,4/10/2025 9:00,4/12/2025 9:00,Abeokuta,Sexual Assault,High,41,Female,Spouse,Counseling,I found my younger sister crying and she told me what happened to her. She does not want our parents to know. I am reporting because she needs help.,TRUE,4/10/2025 11:00,Abeokuta,high,gps,7.1961,8.1,3.387238,bystander
225,4/12/2025,3:51,Hotline,Ongoing,FALSE,4/12/2025 10:00,4/12/2025 23:00,Jos,Harassment,High,19,Female,Neighbor,Medical Care,I have been receiving threatening messages from someone I rejected. He knows where I live and I am very scared.,TRUE,4/12/2025 17:00,Jos,medium,manual_entry,9.884126,161.7,8.81665,victim
226,4/12/2025,6:51,Community Center,Closed,FALSE,4/13/2025 13:00,4/15/2025 6:00,Jos,Domestic Violence,Critical,28,Male,Employer,Counseling,I was passing by and saw a man dragging a woman by the hair into a house. She was crying. Other people just walked past. I had to report this.,TRUE,4/13/2025 20:00,Jos,medium,manual_entry,9.924215,498.2,8.86414,bystander
227,4/12/2025,18:01,Mobile App,Ongoing,FALSE,4/12/2025 20:00,4/15/2025 12:00,Bauchi,Harassment,Medium,41,Male,Colleague,Shelter,"I saw a group of men surrounding a young woman at the market, touching her and refusing to let her pass. She looked terrified. I am reporting on her behalf.",TRUE,4/13/2025 3:00,Bauchi,high,gps,10.308222,10.4,9.884835,bystander
228,4/13/2025,6:52,Dashboard,Ongoing,FALSE,4/13/2025 4:00,4/14/2025 17:00,Benin,Sexual Assault,Critical,16,Male,Relative,Shelter,A colleague assaulted me after a work event. I kept quiet because he is my senior and I was afraid. I cannot keep this to myself anymore.,TRUE,4/13/2025 15:00,Benin,high,gps,6.29612,18.4,5.602963,victim
229,4/14/2025,9:18,Hotline,Ongoing,FALSE,4/14/2025 9:00,4/15/2025 19:00,Ibadan,Sexual Assault,Critical,30,Female,Partner,Counseling,I was assaulted by someone I considered a friend. He threatened me not to tell anyone. I am finally speaking out because I cannot carry this alone.,FALSE,,Ibadan,medium,manual_entry,7.328635,70.4,3.943866,victim
230,4/14/2025,19:16,Mobile App,Closed,FALSE,4/15/2025 12:00,4/16/2025 13:00,Benin,Sexual Assault,High,40,Female,Employer,Legal Aid,A woman came to my door last night looking terrified. She said she had been assaulted nearby. I let her in and I am reporting on her behalf.,TRUE,4/16/2025 0:00,Benin,high,gps,6.29063,14.7,5.565582,bystander
231,4/14/2025,23:48,Mobile App,Closed,FALSE,4/15/2025 16:00,4/16/2025 8:00,Port Harcourt,Domestic Violence,High,34,Female,Partner,Legal Aid,My colleague came to work today with a swollen eye. She said she fell but I do not believe her. I am reporting because I am concerned for her.,TRUE,4/15/2025 21:00,Port Harcourt,high,gps,4.777353,14.3,7.064721,bystander
232,4/15/2025,6:30,Hotline,Closed,FALSE,4/16/2025 0:00,4/16/2025 19:00,Port Harcourt,Domestic Violence,Medium,16,Female,Stranger,Legal Aid,He hit me again tonight. I managed to lock myself in the bathroom and call for help. This has been going on for months and I am scared for my life.,TRUE,4/16/2025 7:00,Port Harcourt,medium,manual_entry,4.840204,275,7.058137,victim
233,4/15/2025,12:23,Community Center,Ongoing,FALSE,4/15/2025 9:00,4/17/2025 4:00,Kaduna,Harassment,High,23,Female,Neighbor,Legal Aid,I have been receiving threatening messages from someone I rejected. He knows where I live and I am very scared.,FALSE,,Kaduna,low,manual_entry,10.556717,322.8,7.403987,victim
234,4/15/2025,14:53,Mobile App,Ongoing,FALSE,4/16/2025 16:00,4/18/2025 9:00,Abuja,Domestic Violence,High,23,Female,Spouse,Medical Care,My colleague came to work today with a swollen eye. She said she fell but I do not believe her. I am reporting because I am concerned for her.,TRUE,4/17/2025 2:00,Abuja,high,gps,9.055071,19.8,7.43546,bystander
235,4/15/2025,18:33,Dashboard,Ongoing,FALSE,4/15/2025 20:00,4/18/2025 9:00,Kano,Others,High,68,Female,Relative,Counseling,My elderly neighbour was beaten and robbed inside her compound. She is hospitalised now. I am reporting on her behalf as her family is being contacted.,FALSE,,Kano,medium,gps,11.97456,7.7,8.638322,bystander
236,4/6/2025,5:19,Dashboard,Ongoing,FALSE,4/7/2025 23:00,4/8/2025 3:00,Abuja,Domestic Violence,High,6,Female,Partner,Medical Care,"This has been happening for two years. I finally found the courage to report. He controls everything — money, movement. I need support to leave.",TRUE,4/8/2025 4:00,Abuja,medium,gps,9.027715,19.4,7.445588,victim
237,4/15/2025,5:06,Mobile App,Ongoing,FALSE,4/16/2025 7:00,4/17/2025 5:00,Owerri,Sexual Assault,Critical,69,Female,Stranger,Legal Aid,I was attacked on my way home from work last night. A man I did not know forced himself on me. I am at my friend's place. I need help and medical attention.,TRUE,4/16/2025 19:00,Owerri,high,gps,5.437916,8.7,7.072414,victim
238,4/19/2025,5:16,Mobile App,Ongoing,FALSE,4/20/2025 13:00,4/21/2025 4:00,Kaduna,Sexual Assault,High,20,Female,Colleague,Medical Care,A colleague assaulted me after a work event. I kept quiet because he is my senior and I was afraid. I cannot keep this to myself anymore.,TRUE,4/20/2025 21:00,Kaduna,high,gps,10.51327,15.3,7.465796,victim
239,4/17/2025,7:40,Mobile App,Ongoing,FALSE,4/18/2025 9:00,4/20/2025 22:00,Abuja,Others,Low,10,Female,Relative,Shelter,Someone broke into my home while I was inside and threatened me. I escaped through a window. I am currently staying with a relative.,FALSE,,Abuja,high,gps,9.03388,22.6,7.403985,victim
240,3/29/2025,8:48,Dashboard,Closed,FALSE,3/29/2025 21:00,4/1/2025 11:00,Ibadan,Sexual Assault,Critical,58,Female,Partner,Counseling,A woman came to my door last night looking terrified. She said she had been assaulted nearby. I let her in and I am reporting on her behalf.,TRUE,3/30/2025 14:00,Ibadan,high,gps,7.42443,16.5,3.94931,bystander
241,4/2/2025,10:00,Mobile App,Closed,FALSE,4/3/2025 20:00,4/5/2025 6:00,Bauchi,Sexual Assault,Critical,47,Female,Stranger,Counseling,I found my younger sister crying and she told me what happened to her. She does not want our parents to know. I am reporting because she needs help.,TRUE,4/4/2025 16:00,Bauchi,high,gps,10.32874,12,9.863775,bystander
242,4/20/2025,11:19,Community Center,Ongoing,FALSE,4/20/2025 20:00,4/22/2025 9:00,Enugu,Others,Critical,57,Female,Relative,Counseling,My elderly neighbour was beaten and robbed inside her compound. She is hospitalised now. I am reporting on her behalf as her family is being contacted.,FALSE,,Enugu,medium,manual_entry,6.453854,192.7,7.559156,bystander
243,4/3/2025,3:25,Hotline,Ongoing,FALSE,4/3/2025 19:00,4/4/2025 11:00,Kaduna,Domestic Violence,High,67,Male,Partner,Counseling,I have been beaten repeatedly by my partner. Tonight was the worst. I am at a neighbour's house right now. Please send help.,TRUE,4/4/2025 4:00,Kaduna,medium,manual_entry,10.518931,418.3,7.456616,victim
244,4/9/2025,3:27,Mobile App,Ongoing,TRUE,4/9/2025 3:00,4/10/2025 16:00,Enugu,Domestic Violence,Medium,65,Female,Stranger,Counseling,I am a neighbour. The woman in the apartment beside mine has been coming out with bruises. She seems too afraid to report herself so I am doing it.,FALSE,,Enugu,high,gps,6.412945,21.4,7.524496,bystander
245,4/21/2025,4:42,Community Center,Ongoing,FALSE,4/21/2025 13:00,4/24/2025 10:00,Kaduna,Domestic Violence,Medium,21,Male,Relative,Legal Aid,My husband threatened to kill me if I told anyone. I have bruises on my arms and face. I left the house with my children and I need help urgently.,TRUE,4/21/2025 22:00,Kaduna,low,manual_entry,10.555541,99.2,7.455526,victim
246,4/22/2025,14:34,Mobile App,Ongoing,TRUE,4/22/2025 4:00,4/25/2025 0:00,Port Harcourt,Domestic Violence,Critical,55,Female,Stranger,Counseling,I live next door and I can hear screaming almost every night. Tonight I saw her running out with blood on her face. I called for help on her behalf.,TRUE,4/22/2025 8:00,Port Harcourt,high,gps,4.811166,13.3,7.061813,bystander
247,4/24/2025,1:35,Hotline,Closed,FALSE,4/25/2025 20:00,4/26/2025 14:00,Ibadan,Harassment,Low,37,Female,Stranger,Shelter,A girl in my office has been visibly distressed. I found out she is being harassed by a senior colleague. She is afraid of losing her job so I am reporting.,TRUE,4/25/2025 21:00,Ibadan,low,manual_entry,7.355238,233.1,3.915812,bystander
248,4/24/2025,2:52,Community Center,Closed,FALSE,4/25/2025 18:00,4/26/2025 20:00,Abuja,Domestic Violence,High,63,Female,Partner,Legal Aid,He came home drunk and started hitting me. My children were watching. I am hiding with them in the backyard. Please come quickly.,TRUE,4/26/2025 4:00,Abuja,low,manual_entry,9.07287,458.6,7.383935,victim
249,4/24/2025,10:11,Community Center,Ongoing,FALSE,4/25/2025 13:00,4/26/2025 19:00,Kano,Domestic Violence,High,33,Female,Teacher,Legal Aid,"He threw me against the wall and broke my phone. I borrowed a neighbour's phone to report. I cannot go back home, it is not safe.",TRUE,4/26/2025 1:00,Kano,low,manual_entry,12.010566,461,8.549773,victim
250,4/1/2025,12:50,Dashboard,Ongoing,FALSE,4/1/2025 12:00,4/1/2025 17:00,Lagos,Harassment,Medium,61,Female,Teacher,Counseling,"I saw a group of men surrounding a young woman at the market, touching her and refusing to let her pass. She looked terrified. I am reporting on her behalf.",FALSE,,Lagos,high,gps,6.571839,9.7,3.427821,bystander
251,4/24/2025,16:56,Community Center,Closed,FALSE,4/24/2025 1:00,4/25/2025 16:00,Jos,Sexual Assault,High,19,Female,Stranger,Legal Aid,I found my younger sister crying and she told me what happened to her. She does not want our parents to know. I am reporting because she needs help.,TRUE,4/24/2025 20:00,Jos,medium,manual_entry,9.916316,178.1,8.86191,bystander
252,4/25/2025,5:37,Community Center,Ongoing,FALSE,4/26/2025 9:00,4/28/2025 21:00,Kaduna,Domestic Violence,Medium,10,Male,Relative,Medical Care,He hit me again tonight. I managed to lock myself in the bathroom and call for help. This has been going on for months and I am scared for my life.,TRUE,4/26/2025 11:00,Kaduna,medium,manual_entry,10.491453,341.7,7.44788,victim
253,4/26/2025,0:03,Hotline,Ongoing,FALSE,4/28/2025 0:00,4/29/2025 20:00,Onitsha,Sexual Assault,Critical,30,Female,Spouse,Medical Care,My roommate told me she was assaulted last week. She has been very withdrawn since then. I convinced her to let me report so she can get support.,FALSE,,Onitsha,low,manual_entry,6.161273,129,6.753262,bystander
254,4/26/2025,14:20,Community Center,Ongoing,TRUE,4/27/2025 9:00,4/29/2025 3:00,Kaduna,Child Abuse,Critical,10,Female,Partner,Legal Aid,My uncle has been touching me in ways that make me uncomfortable. I told my mother but she did not believe me. Please help me.,TRUE,4/27/2025 20:00,Kaduna,low,manual_entry,10.551593,264.9,7.448754,victim
255,4/27/2025,2:05,Hotline,Ongoing,FALSE,4/27/2025 17:00,4/29/2025 19:00,Lagos,Domestic Violence,High,39,Female,Relative,Counseling,I have been beaten repeatedly by my partner. Tonight was the worst. I am at a neighbour's house right now. Please send help.,TRUE,4/27/2025 22:00,Lagos,medium,manual_entry,6.56938,312.1,3.401772,victim
256,4/27/2025,4:25,Community Center,Ongoing,FALSE,4/28/2025 18:00,4/30/2025 17:00,Enugu,Sexual Assault,High,26,Female,Stranger,Counseling,A woman came to my door last night looking terrified. She said she had been assaulted nearby. I let her in and I am reporting on her behalf.,TRUE,4/28/2025 19:00,Enugu,medium,manual_entry,6.469742,188.1,7.538224,bystander
257,4/14/2025,12:41,Dashboard,Closed,FALSE,4/15/2025 21:00,4/16/2025 13:00,Lagos,Domestic Violence,High,54,Female,Relative,Shelter,My husband threatened to kill me if I told anyone. I have bruises on my arms and face. I left the house with my children and I need help urgently.,TRUE,4/16/2025 18:00,Lagos,high,gps,6.567673,14.2,3.415806,victim
258,4/27/2025,20:03,Dashboard,Ongoing,FALSE,4/27/2025 9:00,4/29/2025 23:00,Onitsha,Sexual Assault,Critical,40,Female,Partner,Medical Care,I found my younger sister crying and she told me what happened to her. She does not want our parents to know. I am reporting because she needs help.,TRUE,4/27/2025 21:00,Onitsha,high,gps,6.097322,15.4,6.739637,bystander
259,4/28/2025,0:52,Community Center,Ongoing,FALSE,4/28/2025 16:00,4/29/2025 3:00,Jos,Domestic Violence,High,29,Female,Teacher,Medical Care,He hit me again tonight. I managed to lock myself in the bathroom and call for help. This has been going on for months and I am scared for my life.,TRUE,4/29/2025 1:00,Jos,low,manual_entry,9.884146,462.8,8.889355,victim
260,4/28/2025,13:26,Dashboard,Closed,FALSE,4/29/2025 12:00,5/2/2025 5:00,Abeokuta,Harassment,Low,35,Female,Stranger,Counseling,"I saw a group of men surrounding a young woman at the market, touching her and refusing to let her pass. She looked terrified. I am reporting on her behalf.",TRUE,4/29/2025 19:00,Abeokuta,high,gps,7.196228,9.1,3.326942,bystander
261,4/28/2025,18:07,Dashboard,Ongoing,FALSE,4/29/2025 20:00,4/30/2025 23:00,Abuja,Domestic Violence,High,10,Male,Employer,Counseling,"He threw me against the wall and broke my phone. I borrowed a neighbour's phone to report. I cannot go back home, it is not safe.",FALSE,,Abuja,medium,gps,9.085913,16.1,7.386689,victim
262,4/22/2025,20:27,Mobile App,Closed,FALSE,4/22/2025 9:00,4/25/2025 3:00,Onitsha,Harassment,Medium,5,Female,Partner,Shelter,"I saw a group of men surrounding a young woman at the market, touching her and refusing to let her pass. She looked terrified. I am reporting on her behalf.",TRUE,4/22/2025 23:00,Onitsha,high,gps,6.189791,19,6.821212,bystander
263,4/25/2025,7:29,Hotline,Ongoing,FALSE,4/26/2025 2:00,4/27/2025 11:00,Abuja,Child Abuse,Critical,12,Male,Neighbor,Counseling,I noticed a child in my neighbourhood with burns and bruises on different parts of her body. When I asked she said her father did it. I am very worried.,FALSE,,Abuja,low,manual_entry,9.110333,70.4,7.395469,bystander
264,4/29/2025,20:35,Hotline,Closed,FALSE,4/30/2025 11:00,4/30/2025 19:00,Enugu,Domestic Violence,High,63,Male,Relative,Shelter,I am a neighbour. The woman in the apartment beside mine has been coming out with bruises. She seems too afraid to report herself so I am doing it.,TRUE,4/30/2025 14:00,Enugu,medium,manual_entry,6.449882,64.3,7.523741,bystander
265,4/30/2025,10:17,Dashboard,Closed,FALSE,4/30/2025 9:00,5/2/2025 15:00,Abuja,Domestic Violence,High,30,Female,Partner,Counseling,I was passing by and saw a man dragging a woman by the hair into a house. She was crying. Other people just walked past. I had to report this.,TRUE,4/30/2025 21:00,Abuja,high,gps,9.032138,16.2,7.435072,bystander
266,4/30/2025,18:09,Mobile App,Ongoing,TRUE,4/30/2025 6:00,5/3/2025 4:00,Kaduna,Sexual Assault,Critical,67,Female,Teacher,Counseling,My uncle assaulted me last weekend when everyone else had gone out. I could not scream. I have not been able to eat or sleep since then.,TRUE,4/30/2025 12:00,Kaduna,medium,gps,10.54179,14.8,7.466472,victim
267,5/1/2025,2:48,Mobile App,Ongoing,FALSE,5/1/2025 1:00,5/1/2025 4:00,Uyo,Sexual Assault,Critical,24,Female,Employer,Shelter,I found my younger sister crying and she told me what happened to her. She does not want our parents to know. I am reporting because she needs help.,FALSE,,Uyo,medium,gps,5.087364,18.6,7.918343,bystander
268,5/1/2025,21:07,Community Center,Closed,TRUE,5/1/2025 16:00,5/4/2025 3:00,Abeokuta,Child Abuse,Critical,43,Female,Stranger,Shelter,My uncle has been touching me in ways that make me uncomfortable. I told my mother but she did not believe me. Please help me.,TRUE,5/2/2025 4:00,Abeokuta,low,manual_entry,7.174399,471.8,3.406377,victim
269,5/2/2025,1:41,Dashboard,Ongoing,TRUE,5/3/2025 19:00,5/6/2025 1:00,Enugu,Sexual Assault,Critical,50,Male,Employer,Legal Aid,A colleague assaulted me after a work event. I kept quiet because he is my senior and I was afraid. I cannot keep this to myself anymore.,TRUE,5/3/2025 20:00,Enugu,high,gps,6.493365,7.5,7.521135,victim
270,4/2/2025,14:13,Dashboard,Ongoing,FALSE,4/3/2025 15:00,4/3/2025 22:00,Enugu,Harassment,Low,13,Male,Partner,Medical Care,"A man followed me from the bus stop all the way to my street, making sexual remarks. I had to enter a shop to escape him. I am still shaking.",TRUE,4/3/2025 16:00,Enugu,high,gps,6.453454,18.5,7.509316,victim
271,4/29/2025,23:04,Dashboard,Closed,FALSE,4/30/2025 9:00,5/1/2025 23:00,Abeokuta,Child Abuse,Critical,60,Female,Spouse,Counseling,A child came to my shop crying and said his guardian beats him regularly and does not feed him. He begged me to help him. I am reporting immediately.,TRUE,4/30/2025 17:00,Abeokuta,medium,gps,7.192905,19.4,3.372517,bystander
272,5/2/2025,23:06,Dashboard,Ongoing,FALSE,5/2/2025 20:00,5/3/2025 15:00,Ibadan,Sexual Assault,High,25,Female,Teacher,Legal Aid,I was assaulted by someone I considered a friend. He threatened me not to tell anyone. I am finally speaking out because I cannot carry this alone.,FALSE,,Ibadan,high,gps,7.350364,12.5,3.96417,victim
273,5/3/2025,0:01,Hotline,Ongoing,FALSE,5/4/2025 14:00,5/5/2025 13:00,Uyo,Domestic Violence,High,54,Male,Guardian,Shelter,My colleague came to work today with a swollen eye. She said she fell but I do not believe her. I am reporting because I am concerned for her.,TRUE,5/4/2025 21:00,Uyo,low,manual_entry,5.049513,487.5,7.898616,bystander
274,5/3/2025,9:58,Mobile App,Ongoing,FALSE,5/3/2025 21:00,5/6/2025 3:00,Port Harcourt,Child Abuse,Critical,6,Male,Relative,Shelter,The man my mother is staying with does bad things to me when she is not around. I do not know who else to tell.,TRUE,5/4/2025 2:00,Port Harcourt,medium,gps,4.776956,16.8,7.066957,victim
275,5/3/2025,17:03,Community Center,Ongoing,FALSE,5/4/2025 22:00,5/5/2025 17:00,Lagos,Domestic Violence,High,33,Female,Partner,Shelter,"He threw me against the wall and broke my phone. I borrowed a neighbour's phone to report. I cannot go back home, it is not safe.",FALSE,,Lagos,medium,manual_entry,6.526431,485.5,3.406432,victim
276,5/3/2025,17:48,Community Center,Closed,FALSE,5/3/2025 16:00,5/5/2025 1:00,Abeokuta,Harassment,Low,21,Male,Employer,Legal Aid,"I saw a group of men surrounding a young woman at the market, touching her and refusing to let her pass. She looked terrified. I am reporting on her behalf.",TRUE,5/3/2025 23:00,Abeokuta,low,manual_entry,7.149516,465,3.397118,bystander
277,5/5/2025,20:43,Hotline,Ongoing,FALSE,5/6/2025 11:00,5/7/2025 12:00,Ibadan,Domestic Violence,High,10,Female,Partner,Shelter,"This has been happening for two years. I finally found the courage to report. He controls everything — money, movement. I need support to leave.",TRUE,5/6/2025 18:00,Ibadan,low,manual_entry,7.382691,443.1,3.953094,victim
278,5/6/2025,9:30,Community Center,Ongoing,FALSE,5/7/2025 23:00,5/10/2025 23:00,Jos,Domestic Violence,High,50,Female,Employer,Shelter,My husband threatened to kill me if I told anyone. I have bruises on my arms and face. I left the house with my children and I need help urgently.,TRUE,5/8/2025 3:00,Jos,medium,manual_entry,9.934165,186.4,8.848648,victim
279,5/6/2025,11:43,Mobile App,Ongoing,FALSE,5/6/2025 13:00,5/7/2025 5:00,Lagos,Sexual Assault,Critical,23,Female,Spouse,Legal Aid,A colleague assaulted me after a work event. I kept quiet because he is my senior and I was afraid. I cannot keep this to myself anymore.,FALSE,,Lagos,high,gps,6.487802,22.4,3.332078,victim
280,5/6/2025,19:55,Mobile App,Ongoing,FALSE,5/6/2025 16:00,5/9/2025 15:00,Abeokuta,Sexual Assault,Critical,67,Female,Stranger,Legal Aid,A woman came to my door last night looking terrified. She said she had been assaulted nearby. I let her in and I am reporting on her behalf.,TRUE,5/6/2025 21:00,Abeokuta,medium,gps,7.173014,21.2,3.373931,bystander
281,5/8/2025,9:51,Community Center,Closed,FALSE,5/9/2025 0:00,5/11/2025 18:00,Ibadan,Domestic Violence,High,33,Female,Employer,Legal Aid,I am a neighbour. The woman in the apartment beside mine has been coming out with bruises. She seems too afraid to report herself so I am doing it.,TRUE,5/9/2025 16:00,Ibadan,medium,manual_entry,7.397908,392.7,3.918296,bystander
282,5/8/2025,12:01,Dashboard,Ongoing,FALSE,5/9/2025 0:00,5/10/2025 17:00,Bauchi,Others,High,66,Male,Teacher,Shelter,I heard a loud argument followed by screaming from a nearby building. When I went to check I found someone badly hurt. I called for help and I am also reporting here.,TRUE,5/9/2025 10:00,Bauchi,medium,gps,10.279437,8.6,9.795654,bystander
283,5/9/2025,12:08,Mobile App,Closed,FALSE,5/9/2025 19:00,5/10/2025 15:00,Kaduna,Domestic Violence,Medium,58,Female,Relative,Medical Care,"He threw me against the wall and broke my phone. I borrowed a neighbour's phone to report. I cannot go back home, it is not safe.",TRUE,5/10/2025 2:00,Kaduna,high,gps,10.495559,19.2,7.425492,victim
284,5/9/2025,23:14,Hotline,Ongoing,FALSE,5/10/2025 12:00,5/12/2025 8:00,Onitsha,Sexual Assault,Critical,67,Female,Stranger,Medical Care,I found my younger sister crying and she told me what happened to her. She does not want our parents to know. I am reporting because she needs help.,TRUE,5/10/2025 20:00,Onitsha,medium,manual_entry,6.132024,257.4,6.780747,bystander
285,5/11/2025,21:02,Community Center,Ongoing,FALSE,5/11/2025 9:00,5/14/2025 7:00,Jos,Domestic Violence,High,37,Female,Employer,Shelter,He came home drunk and started hitting me. My children were watching. I am hiding with them in the backyard. Please come quickly.,TRUE,5/11/2025 18:00,Jos,low,manual_entry,9.936916,285.8,8.843126,victim
286,5/13/2025,10:00,Dashboard,Ongoing,TRUE,5/13/2025 4:00,5/13/2025 5:00,Onitsha,Domestic Violence,High,15,Female,Spouse,Medical Care,"This has been happening for two years. I finally found the courage to report. He controls everything — money, movement. I need support to leave.",TRUE,5/13/2025 15:00,Onitsha,medium,gps,6.144199,8.8,6.815365,victim
287,4/13/2025,14:28,Mobile App,Closed,FALSE,4/14/2025 6:00,4/16/2025 6:00,Kaduna,Child Abuse,Critical,31,Female,Employer,Medical Care,My neighbour's child came to our house at night crying and said her stepmother had beaten her and thrown her outside. She has marks on her body.,TRUE,4/14/2025 8:00,Kaduna,medium,gps,10.500154,28.3,7.428709,bystander
288,5/14/2025,4:50,Mobile App,Ongoing,TRUE,5/14/2025 2:00,5/14/2025 3:00,Ibadan,Sexual Assault,High,23,Female,Neighbor,Shelter,My friend confided in me that she was assaulted by her boyfriend. She is too ashamed to report herself. I am reporting with her knowledge and permission.,TRUE,5/14/2025 9:00,Ibadan,medium,gps,7.413736,23.1,3.991952,bystander
289,5/14/2025,23:19,Mobile App,Closed,TRUE,5/15/2025 9:00,5/17/2025 17:00,Kaduna,Harassment,Low,35,Male,Employer,Counseling,"A man followed me from the bus stop all the way to my street, making sexual remarks. I had to enter a shop to escape him. I am still shaking.",TRUE,5/15/2025 15:00,Kaduna,high,gps,10.475207,18.1,7.459159,victim
290,5/15/2025,8:43,Hotline,Closed,FALSE,5/16/2025 16:00,5/19/2025 12:00,Port Harcourt,Sexual Assault,High,19,Female,Partner,Shelter,I was drugged at a party and woke up realising something had happened to me. I am confused and scared. I do not know what to do or who to tell.,TRUE,5/17/2025 1:00,Port Harcourt,medium,manual_entry,4.814812,407.7,7.025624,victim
291,5/15/2025,9:52,Mobile App,Closed,TRUE,5/16/2025 2:00,5/18/2025 13:00,Uyo,Harassment,Medium,22,Female,Relative,Counseling,Someone has been sending me explicit messages on social media and threatening to share my photos. I do not know what to do.,TRUE,5/16/2025 21:00,Uyo,medium,gps,5.033614,10.6,7.960803,victim
292,5/16/2025,0:58,Hotline,Closed,FALSE,5/17/2025 18:00,5/17/2025 23:00,Abeokuta,Sexual Assault,High,64,Female,Relative,Counseling,I was attacked on my way home from work last night. A man I did not know forced himself on me. I am at my friend's place. I need help and medical attention.,TRUE,5/17/2025 21:00,Abeokuta,medium,manual_entry,7.146762,298.7,3.344775,victim
293,5/16/2025,2:49,Mobile App,Ongoing,FALSE,5/17/2025 21:00,5/18/2025 19:00,Enugu,Domestic Violence,Medium,20,Female,Spouse,Counseling,"This has been happening for two years. I finally found the courage to report. He controls everything — money, movement. I need support to leave.",TRUE,5/18/2025 4:00,Enugu,high,gps,6.47174,19.1,7.520415,victim
294,5/1/2025,4:31,Community Center,Ongoing,FALSE,5/1/2025 3:00,5/2/2025 9:00,Kano,Sexual Assault,Critical,5,Female,Relative,Counseling,I was drugged at a party and woke up realising something had happened to me. I am confused and scared. I do not know what to do or who to tell.,TRUE,5/1/2025 15:00,Kano,medium,manual_entry,11.959786,172,8.554888,victim
295,5/16/2025,15:25,Community Center,Closed,FALSE,5/17/2025 11:00,5/17/2025 16:00,Kano,Child Abuse,Critical,43,Female,Colleague,Legal Aid,My teacher beats me with a cane almost every day for small mistakes. I have marks on my back and legs. I am afraid to go to school.,TRUE,5/17/2025 17:00,Kano,medium,manual_entry,11.965005,57,8.55719,victim
296,5/17/2025,0:35,Community Center,Closed,FALSE,5/18/2025 22:00,5/21/2025 1:00,Ibadan,Domestic Violence,Critical,17,Female,Employer,Legal Aid,My colleague came to work today with a swollen eye. She said she fell but I do not believe her. I am reporting because I am concerned for her.,TRUE,5/19/2025 1:00,Ibadan,low,manual_entry,7.341383,305,3.961087,bystander
297,5/18/2025,2:45,Dashboard,Ongoing,TRUE,5/18/2025 22:00,5/21/2025 0:00,Enugu,Domestic Violence,Critical,31,Female,Spouse,Shelter,I live next door and I can hear screaming almost every night. Tonight I saw her running out with blood on her face. I called for help on her behalf.,FALSE,,Enugu,medium,gps,6.426588,23.1,7.530967,bystander
298,5/18/2025,11:59,Community Center,Ongoing,FALSE,5/18/2025 7:00,5/20/2025 15:00,Onitsha,Child Abuse,Critical,16,Female,Stranger,Legal Aid,I noticed a child in my neighbourhood with burns and bruises on different parts of her body. When I asked she said her father did it. I am very worried.,TRUE,5/18/2025 9:00,Onitsha,medium,manual_entry,6.182479,486,6.784396,bystander
299,5/18/2025,17:14,Dashboard,Closed,FALSE,5/19/2025 17:00,5/21/2025 4:00,Onitsha,Domestic Violence,High,67,Female,Employer,Medical Care,I was passing by and saw a man dragging a woman by the hair into a house. She was crying. Other people just walked past. I had to report this.,TRUE,5/20/2025 8:00,Onitsha,high,gps,6.159556,18.8,6.754232,bystander
300,5/19/2025,11:21,Dashboard,Ongoing,FALSE,5/19/2025 12:00,5/21/2025 13:00,Benin,Domestic Violence,High,26,Female,Stranger,Legal Aid,I have been beaten repeatedly by my partner. Tonight was the worst. I am at a neighbour's house right now. Please send help.,TRUE,5/19/2025 22:00,Benin,high,gps,6.304229,22.8,5.557787,victim
301,5/19/2025,13:19,Mobile App,Ongoing,FALSE,5/19/2025 10:00,5/21/2025 11:00,Port Harcourt,Child Abuse,Critical,13,Female,Guardian,Counseling,I noticed a child in my neighbourhood with burns and bruises on different parts of her body. When I asked she said her father did it. I am very worried.,FALSE,,Port Harcourt,medium,gps,4.782494,14.7,7.027659,bystander
302,5/21/2025,7:25,Dashboard,Ongoing,FALSE,5/21/2025 6:00,5/21/2025 7:00,Port Harcourt,Domestic Violence,Critical,23,Female,Teacher,Counseling,My husband threatened to kill me if I told anyone. I have bruises on my arms and face. I left the house with my children and I need help urgently.,FALSE,,Port Harcourt,high,gps,4.783301,7.6,7.00867,victim
303,5/21/2025,12:34,Mobile App,Ongoing,FALSE,5/22/2025 4:00,5/24/2025 14:00,Lagos,Child Abuse,Critical,12,Female,Guardian,Medical Care,The man my mother is staying with does bad things to me when she is not around. I do not know who else to tell.,TRUE,5/22/2025 13:00,Lagos,high,gps,6.486464,7.2,3.375278,victim
304,5/24/2025,13:45,Dashboard,Closed,FALSE,5/25/2025 1:00,5/25/2025 3:00,Ibadan,Sexual Assault,Critical,49,Female,Partner,Medical Care,I was assaulted by someone I considered a friend. He threatened me not to tell anyone. I am finally speaking out because I cannot carry this alone.,TRUE,5/25/2025 11:00,Ibadan,high,gps,7.348133,23.1,3.933427,victim
305,5/25/2025,1:06,Dashboard,Ongoing,TRUE,5/26/2025 10:00,5/27/2025 8:00,Owerri,Child Abuse,Critical,48,Female,Relative,Counseling,My uncle has been touching me in ways that make me uncomfortable. I told my mother but she did not believe me. Please help me.,TRUE,5/26/2025 13:00,Owerri,high,gps,5.483942,11.7,7.052339,victim
306,5/25/2025,16:15,Community Center,Closed,FALSE,5/25/2025 11:00,5/27/2025 19:00,Lagos,Domestic Violence,High,47,Male,Partner,Legal Aid,I witnessed the man beating his wife in the compound. She fell down. She told me not to report but I am very worried about her safety.,TRUE,5/25/2025 20:00,Lagos,medium,manual_entry,6.478331,402.2,3.409141,bystander
307,5/26/2025,15:06,Community Center,Ongoing,FALSE,5/26/2025 16:00,5/29/2025 8:00,Benin,Domestic Violence,Critical,28,Female,Spouse,Counseling,I witnessed the man beating his wife in the compound. She fell down. She told me not to report but I am very worried about her safety.,TRUE,5/26/2025 20:00,Benin,low,manual_entry,6.34779,187.1,5.561876,bystander
308,4/26/2025,17:33,Hotline,Ongoing,FALSE,4/27/2025 16:00,4/29/2025 17:00,Bauchi,Domestic Violence,Critical,68,Female,Relative,Counseling,I have been beaten repeatedly by my partner. Tonight was the worst. I am at a neighbour's house right now. Please send help.,FALSE,,Bauchi,medium,manual_entry,10.353158,243.8,9.886287,victim
309,5/26/2025,23:06,Dashboard,Ongoing,FALSE,5/26/2025 21:00,5/27/2025 23:00,Uyo,Child Abuse,Critical,15,Male,Neighbor,Counseling,I work at a clinic. A child was brought in with injuries that are inconsistent with the story the adult gave. I suspect the child is being abused.,TRUE,5/27/2025 0:00,Uyo,high,gps,4.993808,12.3,7.890488,bystander
310,5/26/2025,23:50,Hotline,Ongoing,FALSE,5/26/2025 16:00,5/28/2025 10:00,Lagos,Domestic Violence,High,36,Female,Relative,Counseling,He came home drunk and started hitting me. My children were watching. I am hiding with them in the backyard. Please come quickly.,TRUE,5/26/2025 23:00,Lagos,low,manual_entry,6.55502,316.5,3.404026,victim
311,5/27/2025,11:51,Hotline,Closed,FALSE,5/28/2025 12:00,5/28/2025 16:00,Abuja,Sexual Assault,Critical,10,Female,Neighbor,Counseling,My friend confided in me that she was assaulted by her boyfriend. She is too ashamed to report herself. I am reporting with her knowledge and permission.,TRUE,5/29/2025 12:00,Abuja,low,manual_entry,9.044952,247.3,7.369535,bystander
312,5/27/2025,19:40,Hotline,Ongoing,TRUE,5/28/2025 3:00,5/30/2025 19:00,Onitsha,Sexual Assault,High,66,Female,Neighbor,Counseling,My friend confided in me that she was assaulted by her boyfriend. She is too ashamed to report herself. I am reporting with her knowledge and permission.,TRUE,5/28/2025 8:00,Onitsha,low,manual_entry,6.129847,371.9,6.785452,bystander
313,5/27/2025,22:58,Dashboard,Ongoing,FALSE,5/28/2025 5:00,5/30/2025 19:00,Lagos,Child Abuse,Critical,9,Male,Teacher,Shelter,The man my mother is staying with does bad things to me when she is not around. I do not know who else to tell.,TRUE,5/28/2025 14:00,Lagos,medium,gps,6.536225,15.5,3.366091,victim
314,5/28/2025,1:20,Hotline,Ongoing,TRUE,5/29/2025 21:00,6/1/2025 18:00,Bauchi,Sexual Assault,Critical,43,Female,Stranger,Shelter,I found my younger sister crying and she told me what happened to her. She does not want our parents to know. I am reporting because she needs help.,TRUE,5/29/2025 23:00,Bauchi,low,manual_entry,10.312053,345.9,9.868947,bystander
315,5/28/2025,2:11,Hotline,Ongoing,FALSE,5/29/2025 18:00,5/30/2025 0:00,Abeokuta,Domestic Violence,High,43,Female,Teacher,Legal Aid,I was passing by and saw a man dragging a woman by the hair into a house. She was crying. Other people just walked past. I had to report this.,TRUE,5/30/2025 5:00,Abeokuta,medium,manual_entry,7.101168,485.1,3.337144,bystander
316,5/28/2025,7:32,Mobile App,Closed,FALSE,5/28/2025 7:00,5/28/2025 9:00,Port Harcourt,Domestic Violence,Critical,64,Female,Colleague,Medical Care,"He threw me against the wall and broke my phone. I borrowed a neighbour's phone to report. I cannot go back home, it is not safe.",TRUE,5/28/2025 11:00,Port Harcourt,medium,gps,4.836935,23.7,7.089321,victim
317,5/28/2025,16:54,Community Center,Ongoing,FALSE,5/29/2025 0:00,5/31/2025 3:00,Kano,Domestic Violence,High,44,Female,Spouse,Counseling,"He threw me against the wall and broke my phone. I borrowed a neighbour's phone to report. I cannot go back home, it is not safe.",TRUE,5/29/2025 11:00,Kano,low,manual_entry,12.003368,205.2,8.595211,victim
318,5/7/2025,21:52,Community Center,Ongoing,TRUE,5/7/2025 7:00,5/8/2025 21:00,Uyo,Harassment,High,14,Female,Colleague,Medical Care,A girl in my office has been visibly distressed. I found out she is being harassed by a senior colleague. She is afraid of losing her job so I am reporting.,TRUE,5/7/2025 9:00,Uyo,low,manual_entry,4.998417,206.7,7.907541,bystander
319,5/29/2025,9:43,Mobile App,Ongoing,TRUE,5/29/2025 14:00,6/1/2025 9:00,Benin,Others,Low,36,Female,Guardian,Medical Care,I witnessed a violent attack on a man near the motor park. The victim was seriously injured. I helped him to safety and I am now reporting the incident.,TRUE,5/29/2025 22:00,Benin,medium,gps,6.338262,22.4,5.577947,bystander
320,5/2/2025,4:51,Hotline,Ongoing,TRUE,5/2/2025 20:00,5/3/2025 2:00,Benin,Sexual Assault,Critical,17,Male,Spouse,Counseling,My uncle assaulted me last weekend when everyone else had gone out. I could not scream. I have not been able to eat or sleep since then.,FALSE,,Benin,medium,manual_entry,6.311924,341.6,5.591428,victim
321,5/30/2025,4:52,Community Center,Closed,TRUE,5/31/2025 10:00,6/1/2025 9:00,Abeokuta,Others,High,50,Male,Teacher,Shelter,I was physically attacked by my former employer after I reported him for fraud. I have injuries and I fear for my safety.,TRUE,6/1/2025 4:00,Abeokuta,medium,manual_entry,7.099507,481.3,3.344108,victim
322,5/30/2025,5:41,Hotline,Closed,FALSE,5/31/2025 17:00,6/1/2025 17:00,Kaduna,Domestic Violence,Medium,25,Female,Partner,Legal Aid,"He threw me against the wall and broke my phone. I borrowed a neighbour's phone to report. I cannot go back home, it is not safe.",TRUE,5/31/2025 23:00,Kaduna,medium,manual_entry,10.481645,228,7.39925,victim
323,5/30/2025,9:00,Dashboard,Closed,TRUE,5/31/2025 14:00,6/2/2025 21:00,Lagos,Harassment,Medium,43,Female,Stranger,Counseling,Three boys from my street harass me every day on my way to school. They block my path and say terrible things. I cannot take it anymore.,TRUE,6/1/2025 3:00,Lagos,high,gps,6.486376,10.1,3.418253,victim
324,5/30/2025,17:51,Mobile App,Ongoing,TRUE,5/30/2025 7:00,6/2/2025 4:00,Owerri,Sexual Assault,High,24,Female,Partner,Shelter,A woman came to my door last night looking terrified. She said she had been assaulted nearby. I let her in and I am reporting on her behalf.,TRUE,5/30/2025 13:00,Owerri,high,gps,5.492959,11.6,7.05121,bystander
325,5/30/2025,19:42,Dashboard,Ongoing,TRUE,5/31/2025 15:00,6/2/2025 17:00,Owerri,Others,Low,67,Female,Spouse,Counseling,I have been receiving death threats from people whose identity I do not fully know. I believe it is connected to a land dispute involving my family.,TRUE,6/1/2025 1:00,Owerri,high,gps,5.512517,26.1,7.033144,victim
326,5/31/2025,12:33,Mobile App,Ongoing,TRUE,6/1/2025 16:00,6/2/2025 3:00,Kaduna,Sexual Assault,High,31,Female,Teacher,Legal Aid,I found my younger sister crying and she told me what happened to her. She does not want our parents to know. I am reporting because she needs help.,TRUE,6/1/2025 22:00,Kaduna,high,gps,10.469192,7.9,7.420211,bystander
327,6/1/2025,20:45,Hotline,Ongoing,FALSE,6/2/2025 9:00,6/4/2025 11:00,Kaduna,Domestic Violence,High,18,Female,Partner,Counseling,"This has been happening for two years. I finally found the courage to report. He controls everything — money, movement. I need support to leave.",TRUE,6/2/2025 12:00,Kaduna,medium,manual_entry,10.519184,133.6,7.441044,victim
328,6/1/2025,21:57,Community Center,Ongoing,FALSE,6/1/2025 11:00,6/4/2025 2:00,Ibadan,Domestic Violence,High,17,Female,Relative,Shelter,I live next door and I can hear screaming almost every night. Tonight I saw her running out with blood on her face. I called for help on her behalf.,TRUE,6/1/2025 14:00,Ibadan,medium,manual_entry,7.370666,328.7,3.909758,bystander
329,5/24/2025,23:11,Hotline,Ongoing,FALSE,5/25/2025 8:00,5/26/2025 2:00,Uyo,Domestic Violence,Medium,30,Female,Neighbor,Legal Aid,I was passing by and saw a man dragging a woman by the hair into a house. She was crying. Other people just walked past. I had to report this.,TRUE,5/25/2025 15:00,Uyo,medium,manual_entry,5.016078,234.1,7.899108,bystander
330,6/3/2025,5:07,Dashboard,Closed,TRUE,6/4/2025 22:00,6/7/2025 7:00,Enugu,Sexual Assault,Critical,11,Female,Stranger,Legal Aid,I was drugged at a party and woke up realising something had happened to me. I am confused and scared. I do not know what to do or who to tell.,TRUE,6/5/2025 14:00,Enugu,medium,gps,6.472992,5.8,7.553478,victim
331,6/3/2025,8:52,Community Center,Ongoing,TRUE,6/3/2025 3:00,6/4/2025 15:00,Lagos,Harassment,Low,20,Female,Relative,Legal Aid,"I saw a group of men surrounding a young woman at the market, touching her and refusing to let her pass. She looked terrified. I am reporting on her behalf.",TRUE,6/3/2025 8:00,Lagos,medium,manual_entry,6.51001,304.5,3.427852,bystander
332,6/3/2025,20:17,Hotline,Ongoing,FALSE,6/4/2025 13:00,6/5/2025 4:00,Jos,Domestic Violence,Medium,9,Female,Guardian,Legal Aid,He came home drunk and started hitting me. My children were watching. I am hiding with them in the backyard. Please come quickly.,TRUE,6/4/2025 22:00,Jos,medium,manual_entry,9.907077,293.9,8.832023,victim
333,6/3/2025,22:59,Hotline,Closed,FALSE,6/4/2025 5:00,6/7/2025 3:00,Kaduna,Domestic Violence,High,40,Female,Neighbor,Counseling,I have been beaten repeatedly by my partner. Tonight was the worst. I am at a neighbour's house right now. Please send help.,TRUE,6/4/2025 12:00,Kaduna,low,manual_entry,10.470678,381.2,7.381786,victim
334,6/4/2025,3:56,Mobile App,Closed,FALSE,6/4/2025 3:00,6/6/2025 13:00,Ibadan,Harassment,Medium,16,Female,Neighbor,Legal Aid,"A man followed me from the bus stop all the way to my street, making sexual remarks. I had to enter a shop to escape him. I am still shaking.",TRUE,6/4/2025 12:00,Ibadan,high,gps,7.352096,16,3.913068,victim
335,6/5/2025,7:42,Mobile App,Closed,FALSE,6/5/2025 14:00,6/7/2025 11:00,Uyo,Child Abuse,Critical,56,Female,Neighbor,Shelter,My teacher beats me with a cane almost every day for small mistakes. I have marks on my back and legs. I am afraid to go to school.,TRUE,6/6/2025 13:00,Uyo,high,gps,5.006357,9.1,7.89131,victim
336,6/5/2025,12:51,Dashboard,Ongoing,FALSE,6/5/2025 14:00,6/5/2025 22:00,Owerri,Sexual Assault,High,52,Male,Neighbor,Shelter,A woman came to my door last night looking terrified. She said she had been assaulted nearby. I let her in and I am reporting on her behalf.,TRUE,6/5/2025 23:00,Owerri,medium,gps,5.450937,9.2,7.072977,bystander
337,5/7/2025,7:16,Dashboard,Ongoing,FALSE,5/8/2025 13:00,5/10/2025 0:00,Lagos,Domestic Violence,Medium,31,Male,Spouse,Shelter,"He threw me against the wall and broke my phone. I borrowed a neighbour's phone to report. I cannot go back home, it is not safe.",FALSE,,Lagos,medium,gps,6.482423,25.4,3.381651,victim
338,6/6/2025,19:30,Mobile App,Ongoing,TRUE,6/6/2025 4:00,6/7/2025 16:00,Jos,Sexual Assault,Critical,53,Male,Colleague,Counseling,I found my younger sister crying and she told me what happened to her. She does not want our parents to know. I am reporting because she needs help.,FALSE,,Jos,high,gps,9.88754,11.2,8.906538,bystander
339,6/7/2025,10:29,Dashboard,Ongoing,FALSE,6/8/2025 20:00,6/10/2025 23:00,Enugu,Domestic Violence,High,24,Female,Guardian,Shelter,I live next door and I can hear screaming almost every night. Tonight I saw her running out with blood on her face. I called for help on her behalf.,TRUE,6/9/2025 6:00,Enugu,medium,gps,6.419604,15.4,7.536186,bystander
340,6/7/2025,11:23,Hotline,Closed,FALSE,6/8/2025 17:00,6/9/2025 5:00,Abuja,Harassment,High,28,Female,Colleague,Counseling,A girl in my office has been visibly distressed. I found out she is being harassed by a senior colleague. She is afraid of losing her job so I am reporting.,TRUE,6/9/2025 6:00,Abuja,medium,manual_entry,9.123447,362.6,7.435151,bystander
341,6/7/2025,21:58,Hotline,Closed,TRUE,6/8/2025 8:00,6/10/2025 2:00,Owerri,Domestic Violence,Medium,19,Male,Neighbor,Counseling,I witnessed the man beating his wife in the compound. She fell down. She told me not to report but I am very worried about her safety.,TRUE,6/9/2025 3:00,Owerri,low,manual_entry,5.515307,378.9,7.00909,bystander
342,6/8/2025,0:47,Dashboard,Ongoing,FALSE,6/8/2025 5:00,6/11/2025 2:00,Lagos,Sexual Assault,Critical,21,Female,Neighbor,Counseling,A woman came to my door last night looking terrified. She said she had been assaulted nearby. I let her in and I am reporting on her behalf.,TRUE,6/8/2025 12:00,Lagos,high,gps,6.491489,11.7,3.396064,bystander
343,6/8/2025,10:19,Mobile App,Closed,FALSE,6/9/2025 12:00,6/10/2025 5:00,Uyo,Child Abuse,Critical,40,Male,Spouse,Legal Aid,My uncle has been touching me in ways that make me uncomfortable. I told my mother but she did not believe me. Please help me.,TRUE,6/10/2025 7:00,Uyo,high,gps,5.080638,27.4,7.918476,victim
344,6/8/2025,21:47,Hotline,Ongoing,FALSE,6/8/2025 7:00,6/10/2025 18:00,Enugu,Child Abuse,Critical,11,Female,Relative,Counseling,A child came to my shop crying and said his guardian beats him regularly and does not feed him. He begged me to help him. I am reporting immediately.,TRUE,6/8/2025 10:00,Enugu,low,manual_entry,6.465561,496.3,7.524398,bystander
345,6/9/2025,10:11,Hotline,Ongoing,FALSE,6/10/2025 21:00,6/11/2025 14:00,Kaduna,Child Abuse,Critical,28,Female,Partner,Legal Aid,I am a teacher. One of my students has been coming to school with visible injuries and seems very withdrawn. I suspect abuse at home.,FALSE,,Kaduna,medium,manual_entry,10.537449,92,7.385204,bystander
346,6/6/2025,10:11,Dashboard,Ongoing,TRUE,6/6/2025 6:00,6/8/2025 6:00,Kaduna,Domestic Violence,High,43,Female,Employer,Legal Aid,"He threw me against the wall and broke my phone. I borrowed a neighbour's phone to report. I cannot go back home, it is not safe.",TRUE,6/6/2025 17:00,Kaduna,high,gps,10.492868,20.6,7.409044,victim
347,6/9/2025,13:20,Dashboard,Closed,TRUE,6/10/2025 18:00,6/11/2025 6:00,Jos,Harassment,Medium,47,Female,Guardian,Counseling,Three boys from my street harass me every day on my way to school. They block my path and say terrible things. I cannot take it anymore.,TRUE,6/11/2025 17:00,Jos,high,gps,9.897261,16.9,8.832541,victim
348,6/9/2025,17:50,Community Center,Closed,FALSE,6/9/2025 15:00,6/12/2025 10:00,Jos,Harassment,Medium,46,Female,Teacher,Counseling,My landlord keeps coming to my room uninvited and making uncomfortable advances. I have asked him to stop but it has continued.,TRUE,6/10/2025 13:00,Jos,low,manual_entry,9.857984,363,8.869362,victim
349,6/9/2025,18:21,Mobile App,Ongoing,FALSE,6/10/2025 21:00,6/11/2025 14:00,Uyo,Domestic Violence,High,29,Male,Spouse,Shelter,I have been beaten repeatedly by my partner. Tonight was the worst. I am at a neighbour's house right now. Please send help.,TRUE,6/11/2025 1:00,Uyo,medium,gps,5.016563,25.1,7.920924,victim
350,6/10/2025,17:17,Community Center,Closed,FALSE,6/11/2025 0:00,6/12/2025 15:00,Owerri,Domestic Violence,Medium,26,Female,Guardian,Legal Aid,He hit me again tonight. I managed to lock myself in the bathroom and call for help. This has been going on for months and I am scared for my life.,TRUE,6/11/2025 5:00,Owerri,low,manual_entry,5.449036,338.7,7.031414,victim
351,6/10/2025,18:37,Mobile App,Ongoing,FALSE,6/11/2025 10:00,6/11/2025 12:00,Benin,Domestic Violence,High,15,Female,Teacher,Medical Care,"He threw me against the wall and broke my phone. I borrowed a neighbour's phone to report. I cannot go back home, it is not safe.",TRUE,6/11/2025 13:00,Benin,medium,gps,6.338259,10.3,5.558882,victim
352,6/11/2025,1:20,Dashboard,Ongoing,TRUE,6/12/2025 16:00,6/15/2025 1:00,Port Harcourt,Domestic Violence,Medium,11,Female,Guardian,Medical Care,"This has been happening for two years. I finally found the courage to report. He controls everything — money, movement. I need support to leave.",FALSE,,Port Harcourt,high,gps,4.79926,8.5,7.013241,victim
353,6/11/2025,17:44,Hotline,Closed,FALSE,6/12/2025 23:00,6/15/2025 1:00,Owerri,Child Abuse,Critical,29,Male,Colleague,Counseling,The man my mother is staying with does bad things to me when she is not around. I do not know who else to tell.,TRUE,6/13/2025 11:00,Owerri,medium,manual_entry,5.439937,406,7.082296,victim
354,6/11/2025,20:53,Mobile App,Ongoing,FALSE,6/12/2025 18:00,6/13/2025 5:00,Kano,Child Abuse,Critical,17,Male,Spouse,Shelter,The man my mother is staying with does bad things to me when she is not around. I do not know who else to tell.,TRUE,6/13/2025 4:00,Kano,medium,gps,11.984435,12.1,8.622987,victim
355,5/29/2025,19:47,Community Center,Ongoing,FALSE,5/29/2025 14:00,6/1/2025 9:00,Abeokuta,Sexual Assault,Critical,16,Female,Teacher,Legal Aid,A colleague assaulted me after a work event. I kept quiet because he is my senior and I was afraid. I cannot keep this to myself anymore.,TRUE,5/29/2025 18:00,Abeokuta,medium,manual_entry,7.122964,340.8,3.38005,victim
356,6/5/2025,6:38,Hotline,Ongoing,FALSE,6/6/2025 1:00,6/6/2025 16:00,Kaduna,Others,Critical,70,Female,Relative,Legal Aid,I saw a woman being dragged into a car against her will near the junction. I screamed and people came but the car drove off. I am reporting what I saw.,TRUE,6/6/2025 12:00,Kaduna,low,manual_entry,10.536523,494.1,7.426064,bystander
357,6/6/2025,17:00,Mobile App,Closed,FALSE,6/7/2025 1:00,6/9/2025 7:00,Owerri,Others,Critical,45,Female,Employer,Legal Aid,I was robbed at gunpoint and the attacker hit me on the head before running away. I managed to get to safety but I am injured and still shaking.,TRUE,6/7/2025 13:00,Owerri,high,gps,5.480758,24.1,7.024484,victim
358,6/13/2025,18:41,Hotline,Ongoing,TRUE,6/14/2025 14:00,6/14/2025 23:00,Enugu,Sexual Assault,Critical,21,Male,Colleague,Medical Care,A woman came to my door last night looking terrified. She said she had been assaulted nearby. I let her in and I am reporting on her behalf.,TRUE,6/14/2025 18:00,Enugu,low,manual_entry,6.443287,476.9,7.589353,bystander
359,6/14/2025,1:46,Dashboard,Ongoing,FALSE,6/15/2025 17:00,6/18/2025 10:00,Abeokuta,Domestic Violence,Critical,43,Female,Teacher,Medical Care,I have been beaten repeatedly by my partner. Tonight was the worst. I am at a neighbour's house right now. Please send help.,FALSE,,Abeokuta,high,gps,7.180562,7.1,3.408403,victim
360,6/14/2025,2:02,Mobile App,Ongoing,FALSE,6/14/2025 6:00,6/15/2025 22:00,Uyo,Child Abuse,Critical,55,Female,Guardian,Legal Aid,I work at a clinic. A child was brought in with injuries that are inconsistent with the story the adult gave. I suspect the child is being abused.,TRUE,6/14/2025 10:00,Uyo,high,gps,5.00013,18.4,7.935887,bystander
361,6/14/2025,6:08,Community Center,Closed,FALSE,6/15/2025 17:00,6/16/2025 2:00,Enugu,Others,Medium,13,Female,Colleague,Shelter,I was physically attacked by my former employer after I reported him for fraud. I have injuries and I fear for my safety.,TRUE,6/16/2025 3:00,Enugu,low,manual_entry,6.502234,76.1,7.514523,victim
362,6/15/2025,4:30,Community Center,Ongoing,FALSE,6/15/2025 8:00,6/17/2025 19:00,Kano,Domestic Violence,Medium,47,Female,Colleague,Shelter,He came home drunk and started hitting me. My children were watching. I am hiding with them in the backyard. Please come quickly.,TRUE,6/15/2025 9:00,Kano,low,manual_entry,11.95885,103.7,8.616112,victim
363,6/15/2025,19:23,Mobile App,Ongoing,FALSE,6/15/2025 1:00,6/15/2025 22:00,Onitsha,Sexual Assault,High,36,Female,Employer,Shelter,I found my younger sister crying and she told me what happened to her. She does not want our parents to know. I am reporting because she needs help.,TRUE,6/15/2025 7:00,Onitsha,medium,gps,6.150247,11.5,6.821183,bystander
364,6/16/2025,12:33,Community Center,Ongoing,TRUE,6/18/2025 0:00,6/19/2025 11:00,Uyo,Domestic Violence,High,46,Female,Stranger,Counseling,I witnessed the man beating his wife in the compound. She fell down. She told me not to report but I am very worried about her safety.,FALSE,,Uyo,low,manual_entry,5.001677,200.8,7.942327,bystander
365,6/17/2025,20:31,Community Center,Closed,FALSE,6/18/2025 10:00,6/18/2025 19:00,Lagos,Harassment,High,37,Female,Employer,Legal Aid,"I saw a group of men surrounding a young woman at the market, touching her and refusing to let her pass. She looked terrified. I am reporting on her behalf.",TRUE,6/18/2025 19:00,Lagos,low,manual_entry,6.494563,273.3,3.345566,bystander
366,5/28/2025,2:48,Hotline,Ongoing,FALSE,5/29/2025 8:00,5/30/2025 6:00,Kaduna,Harassment,Low,25,Female,Guardian,Medical Care,My supervisor has been making inappropriate comments about my body for weeks. Today he touched me without my consent. I feel unsafe at work.,TRUE,5/29/2025 13:00,Kaduna,low,manual_entry,10.476927,152.8,7.447957,victim
367,6/19/2025,17:25,Hotline,Ongoing,FALSE,6/19/2025 1:00,6/20/2025 9:00,Port Harcourt,Harassment,Medium,38,Female,Neighbor,Medical Care,Three boys from my street harass me every day on my way to school. They block my path and say terrible things. I cannot take it anymore.,TRUE,6/19/2025 7:00,Port Harcourt,low,manual_entry,4.83212,130.5,7.052107,victim
368,6/15/2025,19:59,Community Center,Ongoing,FALSE,6/16/2025 22:00,6/19/2025 4:00,Kaduna,Domestic Violence,High,6,Female,Colleague,Counseling,"This has been happening for two years. I finally found the courage to report. He controls everything — money, movement. I need support to leave.",TRUE,6/17/2025 2:00,Kaduna,medium,manual_entry,10.496383,172.1,7.45422,victim
369,6/20/2025,10:44,Mobile App,Closed,FALSE,6/21/2025 0:00,6/21/2025 16:00,Kano,Harassment,Low,22,Male,Relative,Shelter,My landlord keeps coming to my room uninvited and making uncomfortable advances. I have asked him to stop but it has continued.,TRUE,6/21/2025 17:00,Kano,high,gps,11.991445,9.5,8.62366,victim
370,6/20/2025,17:41,Mobile App,Closed,FALSE,6/20/2025 5:00,6/22/2025 17:00,Port Harcourt,Domestic Violence,Medium,18,Male,Teacher,Shelter,I live next door and I can hear screaming almost every night. Tonight I saw her running out with blood on her face. I called for help on her behalf.,TRUE,6/20/2025 15:00,Port Harcourt,high,gps,4.809513,13.2,7.037494,bystander
371,6/20/2025,21:39,Mobile App,Ongoing,FALSE,6/21/2025 0:00,6/22/2025 2:00,Abeokuta,Child Abuse,Critical,53,Male,Partner,Medical Care,A child came to my shop crying and said his guardian beats him regularly and does not feed him. He begged me to help him. I am reporting immediately.,TRUE,6/21/2025 5:00,Abeokuta,high,gps,7.143768,16.6,3.342038,bystander
372,6/21/2025,3:12,Dashboard,Closed,TRUE,6/22/2025 23:00,6/25/2025 21:00,Bauchi,Child Abuse,Critical,37,Female,Employer,Shelter,I noticed a child in my neighbourhood with burns and bruises on different parts of her body. When I asked she said her father did it. I am very worried.,TRUE,6/23/2025 7:00,Bauchi,high,gps,10.340561,5.6,9.844472,bystander
373,6/21/2025,4:29,Mobile App,Ongoing,FALSE,6/21/2025 22:00,6/21/2025 23:00,Port Harcourt,Harassment,Medium,21,Female,Employer,Counseling,"A man followed me from the bus stop all the way to my street, making sexual remarks. I had to enter a shop to escape him. I am still shaking.",FALSE,,Port Harcourt,medium,gps,4.788821,23.2,7.089757,victim
374,6/21/2025,7:19,Community Center,Ongoing,FALSE,6/22/2025 10:00,6/23/2025 17:00,Kano,Child Abuse,Critical,31,Female,Stranger,Medical Care,My uncle has been touching me in ways that make me uncomfortable. I told my mother but she did not believe me. Please help me.,TRUE,6/22/2025 11:00,Kano,low,manual_entry,11.990589,370.2,8.596355,victim
375,6/21/2025,14:38,Community Center,Ongoing,FALSE,6/21/2025 15:00,6/24/2025 10:00,Onitsha,Domestic Violence,High,24,Female,Guardian,Counseling,He came home drunk and started hitting me. My children were watching. I am hiding with them in the backyard. Please come quickly.,TRUE,6/21/2025 21:00,Onitsha,low,manual_entry,6.183447,311.3,6.799424,victim
376,6/21/2025,21:30,Mobile App,Ongoing,FALSE,6/22/2025 2:00,6/22/2025 12:00,Lagos,Domestic Violence,High,32,Female,Neighbor,Legal Aid,I witnessed the man beating his wife in the compound. She fell down. She told me not to report but I am very worried about her safety.,TRUE,6/22/2025 3:00,Lagos,high,gps,6.48609,10.9,3.423183,bystander
377,6/22/2025,23:59,Dashboard,Ongoing,TRUE,6/23/2025 2:00,6/24/2025 20:00,Bauchi,Harassment,Low,35,Female,Stranger,Shelter,"A man followed me from the bus stop all the way to my street, making sexual remarks. I had to enter a shop to escape him. I am still shaking.",TRUE,6/23/2025 7:00,Bauchi,high,gps,10.328571,8.4,9.827691,victim
378,5/28/2025,6:35,Community Center,Closed,FALSE,5/28/2025 7:00,5/29/2025 5:00,Uyo,Harassment,Medium,68,Female,Teacher,Counseling,My friend has been showing me messages she is getting from someone who is threatening her. She is too embarrassed to report so I am doing it for her.,TRUE,5/28/2025 22:00,Uyo,medium,manual_entry,5.001627,104.3,7.942203,bystander
379,6/23/2025,6:51,Hotline,Ongoing,TRUE,6/24/2025 5:00,6/25/2025 21:00,Port Harcourt,Harassment,Low,54,Male,Stranger,Counseling,"A man followed me from the bus stop all the way to my street, making sexual remarks. I had to enter a shop to escape him. I am still shaking.",TRUE,6/24/2025 7:00,Port Harcourt,medium,manual_entry,4.827607,421.9,7.053146,victim
380,6/23/2025,20:45,Dashboard,Ongoing,FALSE,6/23/2025 21:00,6/24/2025 16:00,Abeokuta,Harassment,Medium,35,Male,Employer,Legal Aid,"I witnessed a man verbally abusing a woman at a bus stop, calling her terrible names. She was in tears. I followed up to make sure she was okay and she asked me to report.",TRUE,6/24/2025 1:00,Abeokuta,high,gps,7.186889,17.8,3.39076,bystander
381,6/12/2025,1:51,Dashboard,Ongoing,FALSE,6/12/2025 12:00,6/12/2025 16:00,Lagos,Harassment,Low,47,Female,Relative,Legal Aid,My supervisor has been making inappropriate comments about my body for weeks. Today he touched me without my consent. I feel unsafe at work.,FALSE,,Lagos,medium,gps,6.489567,23.7,3.360372,victim
382,6/9/2025,11:05,Hotline,Closed,TRUE,6/10/2025 6:00,6/10/2025 20:00,Abuja,Others,Low,46,Female,Teacher,Medical Care,A group of people attacked me near my house and stole my belongings. I recognised one of them from the area. I am afraid they will come back.,TRUE,6/10/2025 11:00,Abuja,low,manual_entry,9.051349,423.7,7.422995,victim
383,6/25/2025,13:57,Mobile App,Closed,FALSE,6/25/2025 13:00,6/27/2025 17:00,Kaduna,Domestic Violence,Medium,22,Female,Spouse,Medical Care,I live next door and I can hear screaming almost every night. Tonight I saw her running out with blood on her face. I called for help on her behalf.,TRUE,6/26/2025 1:00,Kaduna,medium,gps,10.463853,7.1,7.423489,bystander
384,6/25/2025,19:34,Community Center,Ongoing,FALSE,6/25/2025 2:00,6/25/2025 11:00,Enugu,Sexual Assault,High,18,Female,Relative,Legal Aid,My friend confided in me that she was assaulted by her boyfriend. She is too ashamed to report herself. I am reporting with her knowledge and permission.,TRUE,6/25/2025 13:00,Enugu,low,manual_entry,6.484646,91.4,7.584077,bystander
385,6/26/2025,18:31,Hotline,Ongoing,FALSE,6/26/2025 3:00,6/28/2025 15:00,Abeokuta,Harassment,High,49,Female,Guardian,Medical Care,A girl in my office has been visibly distressed. I found out she is being harassed by a senior colleague. She is afraid of losing her job so I am reporting.,TRUE,6/26/2025 13:00,Abeokuta,medium,manual_entry,7.131708,273.3,3.394026,bystander
386,6/26/2025,21:17,Dashboard,Closed,FALSE,6/26/2025 12:00,6/28/2025 10:00,Owerri,Sexual Assault,High,56,Female,Partner,Legal Aid,I was attacked on my way home from work last night. A man I did not know forced himself on me. I am at my friend's place. I need help and medical attention.,TRUE,6/26/2025 19:00,Owerri,high,gps,5.444663,12,7.067945,victim
387,6/27/2025,14:03,Mobile App,Ongoing,FALSE,6/28/2025 16:00,6/30/2025 0:00,Kano,Sexual Assault,Critical,7,Female,Spouse,Legal Aid,I was drugged at a party and woke up realising something had happened to me. I am confused and scared. I do not know what to do or who to tell.,TRUE,6/29/2025 0:00,Kano,medium,gps,11.964949,17,8.581729,victim
388,6/27/2025,19:43,Community Center,Ongoing,FALSE,6/28/2025 1:00,6/28/2025 19:00,Port Harcourt,Sexual Assault,Critical,39,Female,Relative,Medical Care,A colleague assaulted me after a work event. I kept quiet because he is my senior and I was afraid. I cannot keep this to myself anymore.,TRUE,6/28/2025 12:00,Port Harcourt,low,manual_entry,4.84533,333.8,7.014792,victim
389,6/27/2025,22:08,Mobile App,Ongoing,FALSE,6/28/2025 22:00,6/30/2025 20:00,Onitsha,Domestic Violence,Medium,17,Female,Employer,Medical Care,I witnessed the man beating his wife in the compound. She fell down. She told me not to report but I am very worried about her safety.,TRUE,6/29/2025 6:00,Onitsha,medium,gps,6.115725,17.6,6.809225,bystander
390,6/27/2025,23:13,Mobile App,Ongoing,TRUE,6/27/2025 12:00,6/27/2025 16:00,Onitsha,Sexual Assault,High,40,Male,Stranger,Counseling,A woman came to my door last night looking terrified. She said she had been assaulted nearby. I let her in and I am reporting on her behalf.,TRUE,6/27/2025 16:00,Onitsha,high,gps,6.164804,6.5,6.801115,bystander
391,6/29/2025,3:16,Mobile App,Ongoing,TRUE,6/30/2025 14:00,7/1/2025 20:00,Ibadan,Others,Critical,7,Female,Partner,Medical Care,A group of people attacked me near my house and stole my belongings. I recognised one of them from the area. I am afraid they will come back.,FALSE,,Ibadan,medium,gps,7.396895,11,3.951272,victim
392,6/30/2025,5:12,Dashboard,Ongoing,TRUE,7/1/2025 13:00,7/3/2025 15:00,Enugu,Harassment,Medium,67,Female,Teacher,Medical Care,"I saw a group of men surrounding a young woman at the market, touching her and refusing to let her pass. She looked terrified. I am reporting on her behalf.",TRUE,7/1/2025 16:00,Enugu,medium,gps,6.43358,13,7.53097,bystander
393,6/30/2025,8:23,Hotline,Ongoing,FALSE,7/1/2025 22:00,7/3/2025 20:00,Abeokuta,Child Abuse,Critical,63,Female,Stranger,Medical Care,I work at a clinic. A child was brought in with injuries that are inconsistent with the story the adult gave. I suspect the child is being abused.,FALSE,,Abeokuta,low,manual_entry,7.11566,426.5,3.402745,bystander
394,7/1/2025,7:24,Mobile App,Closed,TRUE,7/1/2025 20:00,7/2/2025 19:00,Bauchi,Sexual Assault,High,38,Female,Teacher,Medical Care,I was attacked on my way home from work last night. A man I did not know forced himself on me. I am at my friend's place. I need help and medical attention.,TRUE,7/2/2025 12:00,Bauchi,high,gps,10.324139,10.8,9.834285,victim
395,7/2/2025,4:12,Mobile App,Ongoing,TRUE,7/3/2025 10:00,7/6/2025 0:00,Kano,Others,Low,37,Female,Relative,Legal Aid,I have been receiving death threats from people whose identity I do not fully know. I believe it is connected to a land dispute involving my family.,TRUE,7/3/2025 20:00,Kano,high,gps,11.998401,13.5,8.636728,victim
396,7/2/2025,10:58,Hotline,Closed,FALSE,7/2/2025 4:00,7/2/2025 7:00,Benin,Domestic Violence,High,60,Female,Neighbor,Legal Aid,I live next door and I can hear screaming almost every night. Tonight I saw her running out with blood on her face. I called for help on her behalf.,TRUE,7/2/2025 9:00,Benin,low,manual_entry,6.300335,398.5,5.612323,bystander
397,7/2/2025,14:51,Community Center,Closed,TRUE,7/3/2025 0:00,7/5/2025 3:00,Lagos,Others,High,50,Female,Neighbor,Shelter,I was physically attacked by my former employer after I reported him for fraud. I have injuries and I fear for my safety.,TRUE,7/3/2025 19:00,Lagos,medium,manual_entry,6.524989,195.2,3.390345,victim
398,7/2/2025,17:06,Dashboard,Closed,FALSE,7/3/2025 17:00,7/6/2025 8:00,Uyo,Harassment,Medium,34,Female,Stranger,Legal Aid,My friend has been showing me messages she is getting from someone who is threatening her. She is too embarrassed to report so I am doing it for her.,TRUE,7/4/2025 14:00,Uyo,medium,gps,4.989511,29.2,7.950012,bystander
399,7/2/2025,23:51,Dashboard,Ongoing,FALSE,7/3/2025 19:00,7/4/2025 18:00,Jos,Domestic Violence,High,54,Female,Employer,Legal Aid,He came home drunk and started hitting me. My children were watching. I am hiding with them in the backyard. Please come quickly.,TRUE,7/4/2025 7:00,Jos,high,gps,9.939712,9.4,8.864813,victim
400,7/3/2025,11:26,Hotline,Closed,TRUE,7/4/2025 13:00,7/6/2025 16:00,Ibadan,Domestic Violence,Medium,48,Female,Stranger,Legal Aid,He came home drunk and started hitting me. My children were watching. I am hiding with them in the backyard. Please come quickly.,TRUE,7/5/2025 8:00,Ibadan,medium,manual_entry,7.397165,464.5,3.98925,victim
401,7/3/2025,22:08,Dashboard,Ongoing,TRUE,7/4/2025 13:00,7/5/2025 3:00,Abeokuta,Domestic Violence,High,15,Female,Relative,Medical Care,I witnessed the man beating his wife in the compound. She fell down. She told me not to report but I am very worried about her safety.,FALSE,,Abeokuta,medium,gps,7.168224,6.9,3.327154,bystander
402,7/4/2025,18:08,Mobile App,Ongoing,FALSE,7/4/2025 11:00,7/4/2025 23:00,Onitsha,Sexual Assault,High,62,Female,Colleague,Shelter,My friend confided in me that she was assaulted by her boyfriend. She is too ashamed to report herself. I am reporting with her knowledge and permission.,FALSE,,Onitsha,medium,gps,6.150429,27.2,6.797672,bystander
403,7/5/2025,1:57,Community Center,Ongoing,FALSE,7/5/2025 17:00,7/6/2025 20:00,Benin,Sexual Assault,Critical,6,Female,Relative,Medical Care,A colleague assaulted me after a work event. I kept quiet because he is my senior and I was afraid. I cannot keep this to myself anymore.,TRUE,7/5/2025 19:00,Benin,low,manual_entry,6.327413,374.2,5.627344,victim
404,7/5/2025,20:12,Community Center,Closed,FALSE,7/6/2025 5:00,7/8/2025 11:00,Jos,Child Abuse,Critical,15,Male,Relative,Legal Aid,I work at a clinic. A child was brought in with injuries that are inconsistent with the story the adult gave. I suspect the child is being abused.,TRUE,7/6/2025 11:00,Jos,medium,manual_entry,9.939937,446.8,8.900857,bystander
405,7/6/2025,22:43,Community Center,Ongoing,FALSE,7/7/2025 1:00,7/7/2025 14:00,Lagos,Domestic Violence,High,31,Female,Relative,Shelter,He hit me again tonight. I managed to lock myself in the bathroom and call for help. This has been going on for months and I am scared for my life.,FALSE,,Lagos,low,manual_entry,6.519484,123.2,3.340524,victim
406,7/7/2025,8:00,Mobile App,Ongoing,TRUE,7/7/2025 19:00,7/7/2025 22:00,Abeokuta,Sexual Assault,High,30,Female,Colleague,Medical Care,I was attacked on my way home from work last night. A man I did not know forced himself on me. I am at my friend's place. I need help and medical attention.,TRUE,7/7/2025 21:00,Abeokuta,high,gps,7.195984,27.2,3.39579,victim
407,7/7/2025,15:27,Dashboard,Ongoing,FALSE,7/8/2025 12:00,7/9/2025 0:00,Abuja,Sexual Assault,Critical,7,Female,Employer,Shelter,I was assaulted by someone I considered a friend. He threatened me not to tell anyone. I am finally speaking out because I cannot carry this alone.,TRUE,7/8/2025 22:00,Abuja,medium,gps,9.038966,5.8,7.440684,victim
408,7/8/2025,4:16,Mobile App,Ongoing,TRUE,7/9/2025 4:00,7/10/2025 1:00,Abeokuta,Others,Low,44,Female,Stranger,Medical Care,My elderly neighbour was beaten and robbed inside her compound. She is hospitalised now. I am reporting on her behalf as her family is being contacted.,TRUE,7/9/2025 10:00,Abeokuta,high,gps,7.18449,15.2,3.363784,bystander
409,7/8/2025,16:55,Dashboard,Ongoing,FALSE,7/8/2025 20:00,7/10/2025 3:00,Abuja,Child Abuse,Critical,21,Male,Employer,Shelter,I noticed a child in my neighbourhood with burns and bruises on different parts of her body. When I asked she said her father did it. I am very worried.,TRUE,7/9/2025 3:00,Abuja,high,gps,9.085628,8.8,7.3885,bystander
410,7/9/2025,12:05,Dashboard,Ongoing,FALSE,7/10/2025 4:00,7/10/2025 16:00,Kaduna,Sexual Assault,Critical,45,Female,Stranger,Counseling,My uncle assaulted me last weekend when everyone else had gone out. I could not scream. I have not been able to eat or sleep since then.,TRUE,7/10/2025 15:00,Kaduna,high,gps,10.465976,10,7.40002,victim
411,7/9/2025,13:09,Hotline,Closed,FALSE,7/9/2025 11:00,7/11/2025 1:00,Abuja,Sexual Assault,High,69,Female,Guardian,Counseling,My roommate told me she was assaulted last week. She has been very withdrawn since then. I convinced her to let me report so she can get support.,TRUE,7/9/2025 14:00,Abuja,low,manual_entry,9.106785,188.8,7.349063,bystander
412,7/9/2025,19:02,Mobile App,Closed,FALSE,7/10/2025 8:00,7/11/2025 18:00,Enugu,Sexual Assault,Critical,33,Female,Colleague,Counseling,A woman came to my door last night looking terrified. She said she had been assaulted nearby. I let her in and I am reporting on her behalf.,TRUE,7/10/2025 11:00,Enugu,high,gps,6.44175,9.6,7.536217,bystander
413,7/10/2025,1:42,Mobile App,Closed,FALSE,7/10/2025 12:00,7/12/2025 22:00,Uyo,Harassment,Low,61,Female,Teacher,Shelter,"I saw a group of men surrounding a young woman at the market, touching her and refusing to let her pass. She looked terrified. I am reporting on her behalf.",TRUE,7/10/2025 14:00,Uyo,high,gps,5.04144,11.6,7.954786,bystander
414,7/11/2025,9:24,Community Center,Ongoing,FALSE,7/11/2025 10:00,7/11/2025 23:00,Ibadan,Harassment,High,13,Female,Neighbor,Legal Aid,Three boys from my street harass me every day on my way to school. They block my path and say terrible things. I cannot take it anymore.,TRUE,7/11/2025 16:00,Ibadan,medium,manual_entry,7.362135,486.8,3.931695,victim
415,7/11/2025,11:50,Mobile App,Ongoing,FALSE,7/11/2025 4:00,7/13/2025 6:00,Ibadan,Domestic Violence,High,54,Female,Relative,Legal Aid,My colleague came to work today with a swollen eye. She said she fell but I do not believe her. I am reporting because I am concerned for her.,FALSE,,Ibadan,medium,gps,7.40125,22.2,3.942222,bystander
416,7/11/2025,23:02,Mobile App,Closed,TRUE,7/11/2025 16:00,7/14/2025 5:00,Jos,Domestic Violence,Critical,29,Female,Neighbor,Medical Care,He hit me again tonight. I managed to lock myself in the bathroom and call for help. This has been going on for months and I am scared for my life.,TRUE,7/12/2025 2:00,Jos,medium,gps,9.86896,5.9,8.853544,victim
417,7/2/2025,2:39,Community Center,Ongoing,TRUE,7/3/2025 5:00,7/4/2025 4:00,Bauchi,Child Abuse,Critical,6,Male,Employer,Shelter,My uncle has been touching me in ways that make me uncomfortable. I told my mother but she did not believe me. Please help me.,FALSE,,Bauchi,low,manual_entry,10.279886,413.8,9.811839,victim
418,7/12/2025,10:22,Dashboard,Ongoing,FALSE,7/13/2025 4:00,7/13/2025 15:00,Enugu,Harassment,Medium,23,Female,Guardian,Counseling,"I witnessed a man verbally abusing a woman at a bus stop, calling her terrible names. She was in tears. I followed up to make sure she was okay and she asked me to report.",FALSE,,Enugu,medium,gps,6.458237,8.7,7.538293,bystander
419,7/2/2025,21:03,Dashboard,Closed,FALSE,7/3/2025 23:00,7/4/2025 8:00,Port Harcourt,Domestic Violence,Critical,20,Female,Employer,Legal Aid,My colleague came to work today with a swollen eye. She said she fell but I do not believe her. I am reporting because I am concerned for her.,TRUE,7/4/2025 2:00,Port Harcourt,high,gps,4.857085,18.8,7.036039,bystander
420,7/13/2025,1:21,Mobile App,Closed,FALSE,7/14/2025 6:00,7/14/2025 8:00,Enugu,Sexual Assault,Critical,17,Male,Neighbor,Counseling,A colleague assaulted me after a work event. I kept quiet because he is my senior and I was afraid. I cannot keep this to myself anymore.,TRUE,7/15/2025 5:00,Enugu,medium,gps,6.466459,24.5,7.559626,victim
421,6/15/2025,6:06,Mobile App,Ongoing,FALSE,6/15/2025 10:00,6/16/2025 5:00,Onitsha,Sexual Assault,High,31,Female,Neighbor,Shelter,I was drugged at a party and woke up realising something had happened to me. I am confused and scared. I do not know what to do or who to tell.,TRUE,6/15/2025 20:00,Onitsha,high,gps,6.094109,28.1,6.803354,victim
422,7/13/2025,6:25,Hotline,Closed,FALSE,7/14/2025 11:00,7/16/2025 8:00,Abuja,Sexual Assault,Critical,40,Female,Partner,Shelter,My friend confided in me that she was assaulted by her boyfriend. She is too ashamed to report herself. I am reporting with her knowledge and permission.,TRUE,7/15/2025 1:00,Abuja,medium,manual_entry,9.044304,307.4,7.444707,bystander
423,7/13/2025,21:20,Mobile App,Ongoing,FALSE,7/13/2025 12:00,7/15/2025 0:00,Kano,Harassment,Low,66,Female,Neighbor,Counseling,"I witnessed a man verbally abusing a woman at a bus stop, calling her terrible names. She was in tears. I followed up to make sure she was okay and she asked me to report.",TRUE,7/13/2025 22:00,Kano,medium,gps,11.967066,15,8.583462,bystander
424,6/18/2025,21:45,Dashboard,Ongoing,FALSE,6/19/2025 21:00,6/21/2025 4:00,Enugu,Domestic Violence,Critical,41,Female,Partner,Legal Aid,I witnessed the man beating his wife in the compound. She fell down. She told me not to report but I am very worried about her safety.,TRUE,6/20/2025 5:00,Enugu,high,gps,6.416935,5.5,7.596087,bystander
425,7/14/2025,12:19,Hotline,Closed,FALSE,7/14/2025 18:00,7/17/2025 9:00,Onitsha,Harassment,Low,31,Female,Teacher,Legal Aid,"I witnessed a man verbally abusing a woman at a bus stop, calling her terrible names. She was in tears. I followed up to make sure she was okay and she asked me to report.",TRUE,7/15/2025 17:00,Onitsha,low,manual_entry,6.14302,110.5,6.796539,bystander
426,7/14/2025,23:00,Mobile App,Ongoing,TRUE,7/14/2025 18:00,7/17/2025 0:00,Abeokuta,Domestic Violence,High,33,Female,Spouse,Shelter,I was passing by and saw a man dragging a woman by the hair into a house. She was crying. Other people just walked past. I had to report this.,TRUE,7/14/2025 20:00,Abeokuta,high,gps,7.104208,27.8,3.386896,bystander
427,7/15/2025,4:12,Dashboard,Ongoing,FALSE,7/16/2025 10:00,7/18/2025 10:00,Benin,Sexual Assault,Critical,7,Male,Spouse,Medical Care,I found my younger sister crying and she told me what happened to her. She does not want our parents to know. I am reporting because she needs help.,FALSE,,Benin,high,gps,6.305991,6.6,5.643505,bystander
428,7/15/2025,6:27,Hotline,Ongoing,FALSE,7/16/2025 10:00,7/16/2025 14:00,Bauchi,Child Abuse,Critical,28,Male,Stranger,Legal Aid,The man my mother is staying with does bad things to me when she is not around. I do not know who else to tell.,TRUE,7/16/2025 14:00,Bauchi,low,manual_entry,10.286314,64.9,9.813269,victim
429,7/15/2025,7:04,Mobile App,Closed,FALSE,7/16/2025 22:00,7/18/2025 0:00,Ibadan,Child Abuse,Critical,49,Female,Relative,Counseling,My uncle has been touching me in ways that make me uncomfortable. I told my mother but she did not believe me. Please help me.,TRUE,7/17/2025 7:00,Ibadan,high,gps,7.331155,17.6,3.944207,victim
430,7/15/2025,12:00,Dashboard,Closed,FALSE,7/15/2025 16:00,7/17/2025 16:00,Bauchi,Sexual Assault,High,27,Female,Relative,Shelter,A woman came to my door last night looking terrified. She said she had been assaulted nearby. I let her in and I am reporting on her behalf.,TRUE,7/16/2025 8:00,Bauchi,high,gps,10.322284,29,9.800771,bystander
431,7/12/2025,22:14,Mobile App,Closed,FALSE,7/12/2025 23:00,7/13/2025 20:00,Enugu,Harassment,High,69,Male,Relative,Counseling,My landlord keeps coming to my room uninvited and making uncomfortable advances. I have asked him to stop but it has continued.,TRUE,7/13/2025 8:00,Enugu,medium,gps,6.485953,7.3,7.541729,victim
432,7/16/2025,4:43,Community Center,Closed,FALSE,7/16/2025 4:00,7/17/2025 1:00,Kaduna,Others,Low,32,Female,Employer,Legal Aid,A group of people attacked me near my house and stole my belongings. I recognised one of them from the area. I am afraid they will come back.,TRUE,7/16/2025 23:00,Kaduna,low,manual_entry,10.512939,435.7,7.410576,victim
433,7/16/2025,6:36,Mobile App,Ongoing,TRUE,7/16/2025 18:00,7/18/2025 23:00,Lagos,Child Abuse,Critical,20,Female,Relative,Shelter,My teacher beats me with a cane almost every day for small mistakes. I have marks on my back and legs. I am afraid to go to school.,TRUE,7/17/2025 5:00,Lagos,high,gps,6.514476,21.2,3.385164,victim
434,7/16/2025,14:24,Mobile App,Ongoing,FALSE,7/16/2025 17:00,7/18/2025 9:00,Abuja,Harassment,Medium,55,Female,Stranger,Medical Care,"I witnessed a man verbally abusing a woman at a bus stop, calling her terrible names. She was in tears. I followed up to make sure she was okay and she asked me to report.",FALSE,,Abuja,high,gps,9.042024,15.6,7.366793,bystander
435,7/16/2025,16:53,Hotline,Ongoing,FALSE,7/17/2025 6:00,7/18/2025 15:00,Lagos,Sexual Assault,High,27,Male,Neighbor,Medical Care,I was assaulted by someone I considered a friend. He threatened me not to tell anyone. I am finally speaking out because I cannot carry this alone.,TRUE,7/17/2025 11:00,Lagos,medium,manual_entry,6.560579,313,3.423812,victim
436,7/16/2025,22:21,Hotline,Closed,FALSE,7/17/2025 19:00,7/19/2025 19:00,Enugu,Domestic Violence,High,49,Female,Stranger,Shelter,"He threw me against the wall and broke my phone. I borrowed a neighbour's phone to report. I cannot go back home, it is not safe.",TRUE,7/18/2025 13:00,Enugu,medium,manual_entry,6.445731,184.3,7.523474,victim
437,7/17/2025,7:58,Community Center,Ongoing,FALSE,7/17/2025 5:00,7/19/2025 1:00,Kaduna,Child Abuse,Critical,8,Male,Guardian,Medical Care,A child came to my shop crying and said his guardian beats him regularly and does not feed him. He begged me to help him. I am reporting immediately.,FALSE,,Kaduna,medium,manual_entry,10.5249,167.5,7.407373,bystander
438,7/17/2025,11:39,Mobile App,Ongoing,FALSE,7/17/2025 10:00,7/20/2025 5:00,Enugu,Child Abuse,Critical,37,Female,Relative,Counseling,A child came to my shop crying and said his guardian beats him regularly and does not feed him. He begged me to help him. I am reporting immediately.,FALSE,,Enugu,medium,gps,6.410939,15.1,7.512015,bystander
439,7/18/2025,1:38,Mobile App,Closed,FALSE,7/19/2025 23:00,7/20/2025 3:00,Kano,Domestic Violence,High,69,Female,Guardian,Legal Aid,I was passing by and saw a man dragging a woman by the hair into a house. She was crying. Other people just walked past. I had to report this.,TRUE,7/20/2025 20:00,Kano,high,gps,12.023797,11.5,8.607892,bystander
440,7/18/2025,8:23,Dashboard,Closed,FALSE,7/19/2025 1:00,7/19/2025 6:00,Enugu,Child Abuse,Critical,68,Female,Partner,Legal Aid,A child came to my shop crying and said his guardian beats him regularly and does not feed him. He begged me to help him. I am reporting immediately.,TRUE,7/19/2025 20:00,Enugu,medium,gps,6.41111,25.4,7.518597,bystander
441,7/18/2025,15:37,Hotline,Closed,FALSE,7/19/2025 20:00,7/22/2025 17:00,Abeokuta,Domestic Violence,High,30,Female,Stranger,Counseling,He came home drunk and started hitting me. My children were watching. I am hiding with them in the backyard. Please come quickly.,TRUE,7/20/2025 17:00,Abeokuta,medium,manual_entry,7.120607,278.3,3.379089,victim
442,7/18/2025,21:41,Community Center,Closed,TRUE,7/19/2025 12:00,7/20/2025 12:00,Abuja,Domestic Violence,High,22,Female,Teacher,Medical Care,He came home drunk and started hitting me. My children were watching. I am hiding with them in the backyard. Please come quickly.,TRUE,7/19/2025 22:00,Abuja,low,manual_entry,9.028471,383.4,7.359011,victim
443,7/7/2025,4:11,Hotline,Closed,FALSE,7/7/2025 22:00,7/8/2025 10:00,Uyo,Domestic Violence,High,19,Male,Teacher,Shelter,I witnessed the man beating his wife in the compound. She fell down. She told me not to report but I am very worried about her safety.,TRUE,7/8/2025 6:00,Uyo,medium,manual_entry,5.067692,239.2,7.880654,bystander
444,7/19/2025,4:38,Mobile App,Ongoing,FALSE,7/19/2025 17:00,7/21/2025 7:00,Ibadan,Domestic Violence,High,63,Female,Colleague,Medical Care,"He threw me against the wall and broke my phone. I borrowed a neighbour's phone to report. I cannot go back home, it is not safe.",TRUE,7/19/2025 19:00,Ibadan,medium,gps,7.392775,19.6,3.920818,victim
445,7/19/2025,5:17,Community Center,Closed,FALSE,7/19/2025 13:00,7/22/2025 6:00,Jos,Sexual Assault,Critical,45,Male,Neighbor,Shelter,My friend confided in me that she was assaulted by her boyfriend. She is too ashamed to report herself. I am reporting with her knowledge and permission.,TRUE,7/19/2025 17:00,Jos,medium,manual_entry,9.856444,288.4,8.832617,bystander
446,7/19/2025,12:26,Dashboard,Ongoing,FALSE,7/19/2025 10:00,7/20/2025 4:00,Abuja,Sexual Assault,High,25,Female,Colleague,Counseling,I found my younger sister crying and she told me what happened to her. She does not want our parents to know. I am reporting because she needs help.,FALSE,,Abuja,medium,gps,9.098727,27.3,7.43417,bystander
447,7/19/2025,13:20,Dashboard,Ongoing,FALSE,7/19/2025 21:00,7/20/2025 21:00,Owerri,Harassment,Low,34,Male,Guardian,Counseling,"I saw a group of men surrounding a young woman at the market, touching her and refusing to let her pass. She looked terrified. I am reporting on her behalf.",FALSE,,Owerri,medium,gps,5.516622,29.7,7.023018,bystander
448,7/19/2025,15:29,Hotline,Ongoing,FALSE,7/19/2025 1:00,7/21/2025 11:00,Abuja,Child Abuse,Critical,38,Female,Guardian,Shelter,My teacher beats me with a cane almost every day for small mistakes. I have marks on my back and legs. I am afraid to go to school.,TRUE,7/19/2025 4:00,Abuja,low,manual_entry,9.093309,270.3,7.369098,victim
449,7/20/2025,7:46,Dashboard,Ongoing,FALSE,7/21/2025 16:00,7/24/2025 0:00,Owerri,Domestic Violence,Critical,66,Female,Relative,Counseling,"This has been happening for two years. I finally found the courage to report. He controls everything — money, movement. I need support to leave.",TRUE,7/21/2025 23:00,Owerri,high,gps,5.462915,14.6,7.072934,victim
450,7/11/2025,8:24,Mobile App,Ongoing,FALSE,7/11/2025 13:00,7/13/2025 13:00,Benin,Child Abuse,Critical,54,Male,Employer,Shelter,My teacher beats me with a cane almost every day for small mistakes. I have marks on my back and legs. I am afraid to go to school.,FALSE,,Benin,medium,gps,6.2863,9.8,5.562251,victim
451,7/21/2025,4:18,Hotline,Closed,TRUE,7/21/2025 15:00,7/23/2025 12:00,Abuja,Domestic Violence,Critical,26,Female,Employer,Medical Care,I am a neighbour. The woman in the apartment beside mine has been coming out with bruises. She seems too afraid to report herself so I am doing it.,TRUE,7/22/2025 1:00,Abuja,medium,manual_entry,9.047289,276.5,7.351253,bystander
452,6/24/2025,1:41,Dashboard,Ongoing,FALSE,6/24/2025 5:00,6/24/2025 11:00,Kaduna,Domestic Violence,Medium,15,Male,Guardian,Shelter,I was passing by and saw a man dragging a woman by the hair into a house. She was crying. Other people just walked past. I had to report this.,TRUE,6/24/2025 10:00,Kaduna,medium,gps,10.478644,19.9,7.424804,bystander
453,7/22/2025,7:19,Hotline,Closed,FALSE,7/23/2025 20:00,7/24/2025 14:00,Port Harcourt,Domestic Violence,High,39,Male,Partner,Counseling,My husband threatened to kill me if I told anyone. I have bruises on my arms and face. I left the house with my children and I need help urgently.,TRUE,7/24/2025 7:00,Port Harcourt,medium,manual_entry,4.807742,211.7,7.089067,victim
454,7/22/2025,23:33,Community Center,Ongoing,FALSE,7/23/2025 2:00,7/23/2025 5:00,Lagos,Child Abuse,Critical,6,Male,Neighbor,Shelter,My uncle has been touching me in ways that make me uncomfortable. I told my mother but she did not believe me. Please help me.,TRUE,7/23/2025 14:00,Lagos,low,manual_entry,6.556144,380.3,3.363382,victim
455,7/23/2025,4:19,Mobile App,Ongoing,FALSE,7/24/2025 0:00,7/24/2025 5:00,Lagos,Domestic Violence,High,12,Female,Guardian,Counseling,He came home drunk and started hitting me. My children were watching. I am hiding with them in the backyard. Please come quickly.,TRUE,7/24/2025 11:00,Lagos,medium,gps,6.500342,20.6,3.367169,victim
456,7/14/2025,8:48,Dashboard,Closed,FALSE,7/14/2025 7:00,7/14/2025 10:00,Uyo,Harassment,Low,17,Female,Colleague,Legal Aid,Three boys from my street harass me every day on my way to school. They block my path and say terrible things. I cannot take it anymore.,TRUE,7/14/2025 9:00,Uyo,high,gps,5.046729,16.1,7.889606,victim
457,7/23/2025,16:17,Hotline,Ongoing,TRUE,7/23/2025 17:00,7/26/2025 6:00,Jos,Sexual Assault,Critical,14,Female,Relative,Shelter,I was assaulted by someone I considered a friend. He threatened me not to tell anyone. I am finally speaking out because I cannot carry this alone.,FALSE,,Jos,low,manual_entry,9.908915,185.5,8.849241,victim
458,7/23/2025,22:30,Mobile App,Ongoing,FALSE,7/23/2025 18:00,7/24/2025 12:00,Abeokuta,Sexual Assault,Critical,19,Female,Stranger,Medical Care,I was attacked on my way home from work last night. A man I did not know forced himself on me. I am at my friend's place. I need help and medical attention.,TRUE,7/23/2025 20:00,Abeokuta,medium,gps,7.152705,7.9,3.355513,victim
459,7/24/2025,0:08,Mobile App,Ongoing,FALSE,7/25/2025 8:00,7/26/2025 10:00,Abeokuta,Sexual Assault,High,55,Male,Neighbor,Legal Aid,A woman came to my door last night looking terrified. She said she had been assaulted nearby. I let her in and I am reporting on her behalf.,TRUE,7/25/2025 13:00,Abeokuta,high,gps,7.126947,13.9,3.406745,bystander
460,7/24/2025,0:25,Dashboard,Ongoing,FALSE,7/24/2025 11:00,7/24/2025 17:00,Enugu,Child Abuse,Critical,61,Male,Colleague,Shelter,My uncle has been touching me in ways that make me uncomfortable. I told my mother but she did not believe me. Please help me.,TRUE,7/24/2025 15:00,Enugu,high,gps,6.484761,13.3,7.510411,victim
461,7/24/2025,14:50,Mobile App,Closed,FALSE,7/25/2025 19:00,7/26/2025 7:00,Lagos,Child Abuse,Critical,14,Male,Relative,Shelter,My uncle has been touching me in ways that make me uncomfortable. I told my mother but she did not believe me. Please help me.,TRUE,7/25/2025 23:00,Lagos,medium,gps,6.561247,17.4,3.377943,victim
462,7/24/2025,19:45,Mobile App,Ongoing,FALSE,7/25/2025 23:00,7/26/2025 12:00,Bauchi,Sexual Assault,High,30,Female,Relative,Counseling,A woman came to my door last night looking terrified. She said she had been assaulted nearby. I let her in and I am reporting on her behalf.,FALSE,,Bauchi,high,gps,10.355255,29.7,9.874186,bystander
463,7/24/2025,20:05,Community Center,Closed,FALSE,7/25/2025 6:00,7/25/2025 13:00,Lagos,Sexual Assault,Critical,10,Female,Colleague,Medical Care,A woman came to my door last night looking terrified. She said she had been assaulted nearby. I let her in and I am reporting on her behalf.,TRUE,7/25/2025 10:00,Lagos,low,manual_entry,6.516921,433.5,3.331447,bystander
464,7/25/2025,6:45,Dashboard,Closed,FALSE,7/26/2025 4:00,7/26/2025 19:00,Abuja,Domestic Violence,Medium,12,Male,Relative,Shelter,He came home drunk and started hitting me. My children were watching. I am hiding with them in the backyard. Please come quickly.,TRUE,7/26/2025 8:00,Abuja,high,gps,9.053368,5.2,7.402763,victim
465,7/25/2025,6:46,Mobile App,Ongoing,FALSE,7/26/2025 18:00,7/27/2025 16:00,Lagos,Child Abuse,Critical,15,Female,Relative,Counseling,The man my mother is staying with does bad things to me when she is not around. I do not know who else to tell.,TRUE,7/27/2025 2:00,Lagos,high,gps,6.537748,27,3.354989,victim
466,7/25/2025,21:43,Hotline,Ongoing,FALSE,7/25/2025 22:00,7/26/2025 22:00,Port Harcourt,Sexual Assault,Critical,53,Female,Neighbor,Shelter,My roommate told me she was assaulted last week. She has been very withdrawn since then. I convinced her to let me report so she can get support.,TRUE,7/26/2025 5:00,Port Harcourt,medium,manual_entry,4.779536,426.1,7.083293,bystander
467,7/26/2025,3:46,Community Center,Ongoing,FALSE,7/27/2025 18:00,7/28/2025 16:00,Enugu,Domestic Violence,Medium,32,Female,Neighbor,Medical Care,My colleague came to work today with a swollen eye. She said she fell but I do not believe her. I am reporting because I am concerned for her.,TRUE,7/28/2025 6:00,Enugu,low,manual_entry,6.50684,96.7,7.548969,bystander
468,7/26/2025,19:15,Community Center,Ongoing,FALSE,7/27/2025 20:00,7/30/2025 5:00,Port Harcourt,Harassment,Low,58,Male,Partner,Legal Aid,My landlord keeps coming to my room uninvited and making uncomfortable advances. I have asked him to stop but it has continued.,TRUE,7/28/2025 3:00,Port Harcourt,low,manual_entry,4.782768,438.2,7.027031,victim
469,7/13/2025,22:25,Mobile App,Ongoing,FALSE,7/14/2025 8:00,7/14/2025 23:00,Lagos,Harassment,Medium,67,Female,Guardian,Medical Care,"I saw a group of men surrounding a young woman at the market, touching her and refusing to let her pass. She looked terrified. I am reporting on her behalf.",FALSE,,Lagos,high,gps,6.476239,11.5,3.42063,bystander
470,7/27/2025,12:19,Mobile App,Ongoing,FALSE,7/28/2025 22:00,7/31/2025 18:00,Port Harcourt,Harassment,Low,7,Male,Guardian,Counseling,"I saw a group of men surrounding a young woman at the market, touching her and refusing to let her pass. She looked terrified. I am reporting on her behalf.",FALSE,,Port Harcourt,medium,gps,4.777375,10.6,7.057452,bystander
471,7/4/2025,22:48,Mobile App,Ongoing,FALSE,7/5/2025 4:00,7/6/2025 12:00,Ibadan,Domestic Violence,High,9,Male,Relative,Counseling,He hit me again tonight. I managed to lock myself in the bathroom and call for help. This has been going on for months and I am scared for my life.,TRUE,7/5/2025 15:00,Ibadan,high,gps,7.354906,8.7,3.952418,victim
472,7/28/2025,13:15,Dashboard,Closed,FALSE,7/29/2025 18:00,7/30/2025 15:00,Abeokuta,Harassment,Low,28,Female,Neighbor,Legal Aid,My landlord keeps coming to my room uninvited and making uncomfortable advances. I have asked him to stop but it has continued.,TRUE,7/30/2025 11:00,Abeokuta,high,gps,7.162642,26.7,3.394874,victim
473,7/24/2025,17:13,Dashboard,Ongoing,TRUE,7/24/2025 21:00,7/26/2025 4:00,Port Harcourt,Sexual Assault,Critical,9,Female,Colleague,Legal Aid,My roommate told me she was assaulted last week. She has been very withdrawn since then. I convinced her to let me report so she can get support.,TRUE,7/25/2025 2:00,Port Harcourt,high,gps,4.786242,18.8,7.0009,bystander
474,7/29/2025,4:25,Dashboard,Closed,FALSE,7/29/2025 16:00,7/30/2025 3:00,Uyo,Sexual Assault,High,19,Female,Teacher,Legal Aid,My roommate told me she was assaulted last week. She has been very withdrawn since then. I convinced her to let me report so she can get support.,TRUE,7/30/2025 7:00,Uyo,medium,gps,5.001389,16.2,7.952802,bystander
475,7/1/2025,4:41,Mobile App,Ongoing,FALSE,7/1/2025 21:00,7/2/2025 13:00,Kaduna,Sexual Assault,Critical,65,Female,Spouse,Medical Care,My friend confided in me that she was assaulted by her boyfriend. She is too ashamed to report herself. I am reporting with her knowledge and permission.,FALSE,,Kaduna,high,gps,10.547889,7.6,7.426241,bystander
476,7/25/2025,7:40,Dashboard,Closed,FALSE,7/26/2025 12:00,7/29/2025 11:00,Owerri,Sexual Assault,High,26,Female,Neighbor,Counseling,I found my younger sister crying and she told me what happened to her. She does not want our parents to know. I am reporting because she needs help.,TRUE,7/26/2025 13:00,Owerri,medium,gps,5.493652,29.1,7.049804,bystander
477,7/29/2025,12:32,Community Center,Ongoing,FALSE,7/30/2025 18:00,8/2/2025 5:00,Uyo,Domestic Violence,High,37,Female,Spouse,Legal Aid,I witnessed the man beating his wife in the compound. She fell down. She told me not to report but I am very worried about her safety.,FALSE,,Uyo,low,manual_entry,5.005237,417.5,7.954241,bystander
478,7/19/2025,0:36,Community Center,Closed,FALSE,7/20/2025 12:00,7/23/2025 1:00,Lagos,Domestic Violence,High,12,Male,Stranger,Medical Care,He hit me again tonight. I managed to lock myself in the bathroom and call for help. This has been going on for months and I am scared for my life.,TRUE,7/21/2025 11:00,Lagos,medium,manual_entry,6.516277,101.3,3.367514,victim
479,7/30/2025,5:53,Hotline,Ongoing,FALSE,7/30/2025 22:00,8/1/2025 20:00,Lagos,Child Abuse,Critical,5,Male,Relative,Counseling,I noticed a child in my neighbourhood with burns and bruises on different parts of her body. When I asked she said her father did it. I am very worried.,FALSE,,Lagos,medium,manual_entry,6.526292,296.5,3.333897,bystander
480,7/30/2025,22:02,Hotline,Ongoing,FALSE,7/30/2025 3:00,7/31/2025 1:00,Lagos,Sexual Assault,High,65,Female,Colleague,Legal Aid,My uncle assaulted me last weekend when everyone else had gone out. I could not scream. I have not been able to eat or sleep since then.,TRUE,7/30/2025 15:00,Lagos,medium,manual_entry,6.491028,98.1,3.403003,victim
481,7/31/2025,3:04,Hotline,Ongoing,FALSE,7/31/2025 8:00,8/2/2025 11:00,Kaduna,Harassment,Low,15,Female,Neighbor,Legal Aid,Someone has been sending me explicit messages on social media and threatening to share my photos. I do not know what to do.,TRUE,7/31/2025 12:00,Kaduna,low,manual_entry,10.46878,390.7,7.426815,victim
482,7/13/2025,4:01,Community Center,Closed,FALSE,7/14/2025 20:00,7/15/2025 12:00,Port Harcourt,Sexual Assault,Critical,13,Male,Neighbor,Legal Aid,I was assaulted by someone I considered a friend. He threatened me not to tell anyone. I am finally speaking out because I cannot carry this alone.,TRUE,7/15/2025 11:00,Port Harcourt,low,manual_entry,4.790135,483.7,7.03873,victim
483,8/1/2025,4:28,Mobile App,Closed,FALSE,8/3/2025 0:00,8/3/2025 7:00,Port Harcourt,Domestic Violence,High,45,Male,Neighbor,Legal Aid,He came home drunk and started hitting me. My children were watching. I am hiding with them in the backyard. Please come quickly.,TRUE,8/3/2025 18:00,Port Harcourt,medium,gps,4.794469,17.1,7.035367,victim
484,8/1/2025,7:57,Mobile App,Closed,FALSE,8/2/2025 14:00,8/3/2025 13:00,Kaduna,Domestic Violence,Critical,16,Female,Neighbor,Shelter,My colleague came to work today with a swollen eye. She said she fell but I do not believe her. I am reporting because I am concerned for her.,TRUE,8/3/2025 14:00,Kaduna,high,gps,10.532405,14.7,7.396212,bystander
485,8/2/2025,7:46,Community Center,Ongoing,FALSE,8/3/2025 1:00,8/5/2025 7:00,Kaduna,Harassment,Low,64,Male,Employer,Shelter,"I witnessed a man verbally abusing a woman at a bus stop, calling her terrible names. She was in tears. I followed up to make sure she was okay and she asked me to report.",FALSE,,Kaduna,low,manual_entry,10.51714,173.1,7.414105,bystander
486,7/6/2025,8:28,Hotline,Ongoing,FALSE,7/7/2025 5:00,7/7/2025 23:00,Lagos,Sexual Assault,High,36,Female,Neighbor,Counseling,I found my younger sister crying and she told me what happened to her. She does not want our parents to know. I am reporting because she needs help.,TRUE,7/7/2025 15:00,Lagos,medium,manual_entry,6.540767,429.4,3.422883,bystander
487,8/2/2025,11:45,Dashboard,Closed,FALSE,8/2/2025 13:00,8/3/2025 16:00,Ibadan,Sexual Assault,High,23,Female,Stranger,Medical Care,My uncle assaulted me last weekend when everyone else had gone out. I could not scream. I have not been able to eat or sleep since then.,TRUE,8/3/2025 9:00,Ibadan,medium,gps,7.400757,13.6,3.918494,victim
488,8/3/2025,10:47,Dashboard,Closed,FALSE,8/4/2025 9:00,8/7/2025 7:00,Owerri,Sexual Assault,Critical,11,Female,Stranger,Legal Aid,My roommate told me she was assaulted last week. She has been very withdrawn since then. I convinced her to let me report so she can get support.,TRUE,8/5/2025 8:00,Owerri,medium,gps,5.436718,7.9,7.009526,bystander
489,8/3/2025,12:54,Community Center,Closed,FALSE,8/4/2025 14:00,8/6/2025 20:00,Ibadan,Child Abuse,Critical,69,Female,Teacher,Shelter,I noticed a child in my neighbourhood with burns and bruises on different parts of her body. When I asked she said her father did it. I am very worried.,TRUE,8/5/2025 12:00,Ibadan,medium,manual_entry,7.387008,444.9,3.902143,bystander
490,8/3/2025,15:05,Community Center,Ongoing,TRUE,8/4/2025 10:00,8/5/2025 0:00,Owerri,Harassment,Medium,34,Male,Relative,Legal Aid,I have been receiving threatening messages from someone I rejected. He knows where I live and I am very scared.,TRUE,8/4/2025 13:00,Owerri,low,manual_entry,5.483237,140,7.042984,victim
491,8/3/2025,16:41,Dashboard,Closed,FALSE,8/4/2025 20:00,8/6/2025 5:00,Port Harcourt,Sexual Assault,Critical,39,Female,Employer,Counseling,I was assaulted by someone I considered a friend. He threatened me not to tell anyone. I am finally speaking out because I cannot carry this alone.,TRUE,8/5/2025 1:00,Port Harcourt,medium,gps,4.799024,24.6,7.076891,victim
492,7/18/2025,0:55,Mobile App,Closed,TRUE,7/18/2025 3:00,7/20/2025 1:00,Abuja,Child Abuse,Critical,40,Female,Partner,Counseling,I am 14 years old. My father beats me and my siblings severely. He broke my arm last month. I need someone to help us.,TRUE,7/18/2025 18:00,Abuja,medium,gps,9.03716,23.5,7.356114,victim
493,8/4/2025,6:33,Dashboard,Ongoing,FALSE,8/4/2025 16:00,8/7/2025 10:00,Benin,Sexual Assault,Critical,67,Female,Employer,Medical Care,A colleague assaulted me after a work event. I kept quiet because he is my senior and I was afraid. I cannot keep this to myself anymore.,FALSE,,Benin,high,gps,6.357819,22.3,5.603249,victim
494,8/2/2025,7:28,Hotline,Ongoing,FALSE,8/3/2025 1:00,8/5/2025 7:00,Ibadan,Child Abuse,Critical,67,Male,Colleague,Shelter,My uncle has been touching me in ways that make me uncomfortable. I told my mother but she did not believe me. Please help me.,FALSE,,Ibadan,medium,manual_entry,7.39634,484.6,3.940483,victim
495,8/5/2025,4:33,Community Center,Ongoing,FALSE,8/7/2025 0:00,8/8/2025 9:00,Ibadan,Sexual Assault,High,32,Female,Teacher,Shelter,My uncle assaulted me last weekend when everyone else had gone out. I could not scream. I have not been able to eat or sleep since then.,TRUE,8/7/2025 8:00,Ibadan,medium,manual_entry,7.35214,389.8,3.97891,victim
496,8/5/2025,22:46,Hotline,Ongoing,TRUE,8/5/2025 19:00,8/8/2025 5:00,Bauchi,Child Abuse,Critical,37,Female,Guardian,Medical Care,I am 14 years old. My father beats me and my siblings severely. He broke my arm last month. I need someone to help us.,TRUE,8/6/2025 6:00,Bauchi,low,manual_entry,10.345742,380.8,9.86367,victim
497,8/6/2025,1:13,Dashboard,Ongoing,TRUE,8/6/2025 3:00,8/8/2025 10:00,Benin,Domestic Violence,High,51,Female,Guardian,Legal Aid,I have been beaten repeatedly by my partner. Tonight was the worst. I am at a neighbour's house right now. Please send help.,TRUE,8/6/2025 8:00,Benin,medium,gps,6.312215,26.2,5.612723,victim
498,8/6/2025,21:16,Hotline,Closed,TRUE,8/7/2025 6:00,8/8/2025 2:00,Onitsha,Domestic Violence,Medium,56,Female,Guardian,Counseling,I was passing by and saw a man dragging a woman by the hair into a house. She was crying. Other people just walked past. I had to report this.,TRUE,8/7/2025 8:00,Onitsha,medium,manual_entry,6.128897,318.6,6.746158,bystander
499,8/7/2025,2:03,Community Center,Closed,TRUE,8/8/2025 13:00,8/11/2025 12:00,Kano,Sexual Assault,Critical,47,Female,Stranger,Shelter,I was assaulted by someone I considered a friend. He threatened me not to tell anyone. I am finally speaking out because I cannot carry this alone.,TRUE,8/9/2025 1:00,Kano,medium,manual_entry,12.043931,286.4,8.555682,victim
500,8/7/2025,3:55,Mobile App,Ongoing,FALSE,8/7/2025 5:00,8/9/2025 22:00,Abeokuta,Others,Low,14,Female,Neighbor,Legal Aid,I have been receiving death threats from people whose identity I do not fully know. I believe it is connected to a land dispute involving my family.,TRUE,8/7/2025 14:00,Abeokuta,high,gps,7.192524,13.7,3.356501,victim
501,8/7/2025,3:59,Mobile App,Closed,TRUE,8/7/2025 22:00,8/9/2025 21:00,Ibadan,Child Abuse,Critical,16,Female,Employer,Legal Aid,My uncle has been touching me in ways that make me uncomfortable. I told my mother but she did not believe me. Please help me.,TRUE,8/8/2025 8:00,Ibadan,medium,gps,7.346013,18.3,3.95119,victim
502,8/8/2025,1:00,Dashboard,Closed,TRUE,8/9/2025 19:00,8/11/2025 16:00,Abuja,Sexual Assault,Critical,5,Female,Spouse,Shelter,I was attacked on my way home from work last night. A man I did not know forced himself on me. I am at my friend's place. I need help and medical attention.,TRUE,8/10/2025 10:00,Abuja,medium,gps,9.113795,20.3,7.421822,victim
503,8/8/2025,15:30,Dashboard,Closed,FALSE,8/9/2025 20:00,8/11/2025 14:00,Onitsha,Domestic Violence,High,27,Female,Teacher,Medical Care,I live next door and I can hear screaming almost every night. Tonight I saw her running out with blood on her face. I called for help on her behalf.,TRUE,8/10/2025 9:00,Onitsha,high,gps,6.173456,14.6,6.802878,bystander
504,8/8/2025,18:25,Hotline,Closed,FALSE,8/9/2025 10:00,8/11/2025 10:00,Abeokuta,Sexual Assault,High,61,Female,Partner,Medical Care,I found my younger sister crying and she told me what happened to her. She does not want our parents to know. I am reporting because she needs help.,TRUE,8/10/2025 3:00,Abeokuta,medium,manual_entry,7.166728,269.1,3.39682,bystander
505,8/9/2025,7:20,Dashboard,Ongoing,TRUE,8/9/2025 21:00,8/12/2025 15:00,Lagos,Domestic Violence,Medium,53,Female,Partner,Shelter,My husband threatened to kill me if I told anyone. I have bruises on my arms and face. I left the house with my children and I need help urgently.,TRUE,8/9/2025 23:00,Lagos,medium,gps,6.499367,18.3,3.378142,victim
506,8/9/2025,11:37,Dashboard,Closed,FALSE,8/10/2025 19:00,8/11/2025 23:00,Uyo,Harassment,Medium,43,Female,Employer,Counseling,"I saw a group of men surrounding a young woman at the market, touching her and refusing to let her pass. She looked terrified. I am reporting on her behalf.",TRUE,8/11/2025 17:00,Uyo,high,gps,5.009821,10.1,7.961567,bystander
507,8/9/2025,13:21,Community Center,Ongoing,FALSE,8/11/2025 0:00,8/11/2025 20:00,Ibadan,Harassment,Low,70,Female,Partner,Medical Care,I have been receiving threatening messages from someone I rejected. He knows where I live and I am very scared.,TRUE,8/11/2025 12:00,Ibadan,low,manual_entry,7.421906,83,3.900943,victim
508,8/9/2025,13:49,Dashboard,Closed,FALSE,8/10/2025 12:00,8/10/2025 22:00,Benin,Harassment,Medium,41,Female,Spouse,Medical Care,A girl in my office has been visibly distressed. I found out she is being harassed by a senior colleague. She is afraid of losing her job so I am reporting.,TRUE,8/11/2025 7:00,Benin,high,gps,6.355558,15.2,5.646225,bystander
509,8/11/2025,18:11,Mobile App,Closed,FALSE,8/12/2025 4:00,8/13/2025 21:00,Kano,Harassment,Medium,27,Female,Neighbor,Medical Care,Someone has been sending me explicit messages on social media and threatening to share my photos. I do not know what to do.,TRUE,8/12/2025 5:00,Kano,high,gps,11.970258,18.4,8.598795,victim
510,8/12/2025,22:56,Community Center,Ongoing,TRUE,8/13/2025 14:00,8/13/2025 20:00,Kaduna,Domestic Violence,Medium,47,Female,Neighbor,Medical Care,My colleague came to work today with a swollen eye. She said she fell but I do not believe her. I am reporting because I am concerned for her.,FALSE,,Kaduna,low,manual_entry,10.552049,180.4,7.369895,bystander
511,8/13/2025,3:05,Hotline,Ongoing,FALSE,8/13/2025 6:00,8/14/2025 19:00,Enugu,Domestic Violence,Medium,24,Female,Relative,Legal Aid,"He threw me against the wall and broke my phone. I borrowed a neighbour's phone to report. I cannot go back home, it is not safe.",FALSE,,Enugu,medium,manual_entry,6.478142,420,7.526135,victim
512,8/13/2025,12:22,Dashboard,Ongoing,FALSE,8/13/2025 11:00,8/16/2025 8:00,Lagos,Child Abuse,Critical,32,Female,Employer,Legal Aid,The man my mother is staying with does bad things to me when she is not around. I do not know who else to tell.,TRUE,8/13/2025 23:00,Lagos,medium,gps,6.56684,12.4,3.426306,victim
513,8/13/2025,21:25,Dashboard,Ongoing,TRUE,8/14/2025 20:00,8/16/2025 20:00,Uyo,Harassment,Medium,34,Male,Guardian,Counseling,My supervisor has been making inappropriate comments about my body for weeks. Today he touched me without my consent. I feel unsafe at work.,FALSE,,Uyo,medium,gps,5.082127,8.5,7.910221,victim
514,8/14/2025,8:28,Hotline,Ongoing,FALSE,8/15/2025 13:00,8/17/2025 16:00,Bauchi,Domestic Violence,High,22,Female,Spouse,Legal Aid,My husband threatened to kill me if I told anyone. I have bruises on my arms and face. I left the house with my children and I need help urgently.,TRUE,8/15/2025 15:00,Bauchi,medium,manual_entry,10.352004,145.3,9.878655,victim
515,8/14/2025,20:17,Mobile App,Ongoing,TRUE,8/14/2025 12:00,8/15/2025 17:00,Bauchi,Sexual Assault,Critical,14,Male,Partner,Medical Care,I was assaulted by someone I considered a friend. He threatened me not to tell anyone. I am finally speaking out because I cannot carry this alone.,TRUE,8/14/2025 17:00,Bauchi,high,gps,10.29771,21.8,9.877092,victim
516,8/15/2025,11:47,Dashboard,Closed,FALSE,8/16/2025 6:00,8/19/2025 5:00,Benin,Sexual Assault,Critical,16,Female,Colleague,Counseling,I was assaulted by someone I considered a friend. He threatened me not to tell anyone. I am finally speaking out because I cannot carry this alone.,TRUE,8/16/2025 9:00,Benin,high,gps,6.288701,11.3,5.613327,victim
517,8/16/2025,8:19,Dashboard,Closed,TRUE,8/17/2025 8:00,8/19/2025 3:00,Kano,Domestic Violence,High,58,Male,Partner,Medical Care,My colleague came to work today with a swollen eye. She said she fell but I do not believe her. I am reporting because I am concerned for her.,TRUE,8/17/2025 20:00,Kano,medium,gps,11.975201,10.9,8.554057,bystander
518,8/16/2025,12:59,Mobile App,Closed,FALSE,8/16/2025 5:00,8/17/2025 6:00,Owerri,Sexual Assault,Critical,52,Female,Neighbor,Counseling,I found my younger sister crying and she told me what happened to her. She does not want our parents to know. I am reporting because she needs help.,TRUE,8/16/2025 16:00,Owerri,high,gps,5.441295,20.4,7.052929,bystander
519,8/17/2025,10:43,Dashboard,Ongoing,FALSE,8/18/2025 13:00,8/20/2025 12:00,Port Harcourt,Domestic Violence,High,7,Male,Partner,Shelter,My husband threatened to kill me if I told anyone. I have bruises on my arms and face. I left the house with my children and I need help urgently.,FALSE,,Port Harcourt,high,gps,4.799587,5.1,7.072277,victim
520,8/17/2025,11:03,Community Center,Ongoing,TRUE,8/18/2025 22:00,8/21/2025 6:00,Enugu,Domestic Violence,High,17,Male,Guardian,Medical Care,I was passing by and saw a man dragging a woman by the hair into a house. She was crying. Other people just walked past. I had to report this.,TRUE,8/19/2025 4:00,Enugu,medium,manual_entry,6.414936,445,7.527929,bystander
521,8/17/2025,11:18,Mobile App,Ongoing,TRUE,8/17/2025 23:00,8/19/2025 15:00,Enugu,Harassment,High,67,Female,Colleague,Legal Aid,My friend has been showing me messages she is getting from someone who is threatening her. She is too embarrassed to report so I am doing it for her.,TRUE,8/18/2025 1:00,Enugu,medium,gps,6.462349,7,7.575472,bystander
522,8/17/2025,15:22,Dashboard,Ongoing,TRUE,8/18/2025 11:00,8/19/2025 13:00,Uyo,Sexual Assault,High,68,Female,Spouse,Counseling,I was assaulted by someone I considered a friend. He threatened me not to tell anyone. I am finally speaking out because I cannot carry this alone.,TRUE,8/18/2025 22:00,Uyo,high,gps,5.019575,27.3,7.925389,victim
523,8/17/2025,17:22,Community Center,Ongoing,TRUE,8/18/2025 14:00,8/20/2025 18:00,Kaduna,Harassment,Medium,20,Female,Guardian,Shelter,My friend has been showing me messages she is getting from someone who is threatening her. She is too embarrassed to report so I am doing it for her.,FALSE,,Kaduna,low,manual_entry,10.549098,298.2,7.428086,bystander
524,8/18/2025,13:55,Mobile App,Ongoing,FALSE,8/19/2025 0:00,8/21/2025 3:00,Lagos,Others,Critical,68,Female,Partner,Shelter,I was physically attacked by my former employer after I reported him for fraud. I have injuries and I fear for my safety.,TRUE,8/19/2025 10:00,Lagos,high,gps,6.497696,8.3,3.33164,victim
525,8/18/2025,17:13,Community Center,Ongoing,FALSE,8/19/2025 0:00,8/21/2025 17:00,Abeokuta,Harassment,Medium,32,Female,Teacher,Shelter,My landlord keeps coming to my room uninvited and making uncomfortable advances. I have asked him to stop but it has continued.,TRUE,8/19/2025 4:00,Abeokuta,low,manual_entry,7.18451,390.7,3.314027,victim
526,8/18/2025,18:48,Dashboard,Closed,FALSE,8/18/2025 11:00,8/19/2025 10:00,Enugu,Sexual Assault,High,22,Female,Relative,Legal Aid,A colleague assaulted me after a work event. I kept quiet because he is my senior and I was afraid. I cannot keep this to myself anymore.,TRUE,8/19/2025 6:00,Enugu,medium,gps,6.49587,26.8,7.549294,victim
527,8/20/2025,0:33,Community Center,Ongoing,TRUE,8/20/2025 23:00,8/21/2025 5:00,Enugu,Sexual Assault,High,47,Female,Employer,Medical Care,My uncle assaulted me last weekend when everyone else had gone out. I could not scream. I have not been able to eat or sleep since then.,TRUE,8/21/2025 7:00,Enugu,medium,manual_entry,6.502307,216.2,7.576278,victim
528,8/20/2025,13:15,Mobile App,Ongoing,FALSE,8/21/2025 10:00,8/23/2025 9:00,Bauchi,Sexual Assault,High,22,Female,Teacher,Legal Aid,My friend confided in me that she was assaulted by her boyfriend. She is too ashamed to report herself. I am reporting with her knowledge and permission.,TRUE,8/21/2025 18:00,Bauchi,high,gps,10.365593,29.5,9.829271,bystander
529,7/30/2025,16:50,Dashboard,Closed,FALSE,7/31/2025 22:00,8/3/2025 17:00,Kano,Domestic Violence,High,20,Male,Spouse,Legal Aid,"He threw me against the wall and broke my phone. I borrowed a neighbour's phone to report. I cannot go back home, it is not safe.",TRUE,8/1/2025 19:00,Kano,medium,gps,12.028919,11.6,8.582193,victim
530,8/20/2025,18:30,Dashboard,Ongoing,FALSE,8/21/2025 18:00,8/23/2025 19:00,Ibadan,Sexual Assault,Critical,12,Female,Partner,Counseling,I found my younger sister crying and she told me what happened to her. She does not want our parents to know. I am reporting because she needs help.,TRUE,8/22/2025 5:00,Ibadan,high,gps,7.375488,17.9,3.959751,bystander
531,8/14/2025,4:33,Community Center,Ongoing,FALSE,8/15/2025 10:00,8/17/2025 14:00,Ibadan,Sexual Assault,Critical,35,Female,Spouse,Shelter,I was assaulted by someone I considered a friend. He threatened me not to tell anyone. I am finally speaking out because I cannot carry this alone.,TRUE,8/15/2025 16:00,Ibadan,medium,manual_entry,7.414868,449.2,3.995408,victim
532,8/21/2025,15:35,Community Center,Closed,TRUE,8/21/2025 9:00,8/23/2025 18:00,Enugu,Harassment,Medium,28,Female,Colleague,Counseling,"A man followed me from the bus stop all the way to my street, making sexual remarks. I had to enter a shop to escape him. I am still shaking.",TRUE,8/21/2025 15:00,Enugu,medium,manual_entry,6.485227,145.2,7.538177,victim
533,8/21/2025,21:25,Community Center,Closed,TRUE,8/22/2025 0:00,8/22/2025 16:00,Owerri,Harassment,Low,47,Female,Relative,Shelter,A girl in my office has been visibly distressed. I found out she is being harassed by a senior colleague. She is afraid of losing her job so I am reporting.,TRUE,8/22/2025 22:00,Owerri,medium,manual_entry,5.475736,374.1,7.057058,bystander
534,8/22/2025,8:36,Community Center,Closed,TRUE,8/23/2025 7:00,8/24/2025 10:00,Enugu,Harassment,High,53,Female,Relative,Legal Aid,"A man followed me from the bus stop all the way to my street, making sexual remarks. I had to enter a shop to escape him. I am still shaking.",TRUE,8/24/2025 2:00,Enugu,medium,manual_entry,6.432278,60.1,7.507447,victim
535,8/22/2025,16:59,Dashboard,Ongoing,TRUE,8/23/2025 13:00,8/24/2025 10:00,Kaduna,Domestic Violence,Medium,51,Female,Colleague,Shelter,I have been beaten repeatedly by my partner. Tonight was the worst. I am at a neighbour's house right now. Please send help.,TRUE,8/23/2025 22:00,Kaduna,medium,gps,10.495962,8.7,7.395224,victim
536,8/23/2025,3:53,Community Center,Ongoing,FALSE,8/23/2025 12:00,8/26/2025 7:00,Uyo,Domestic Violence,High,22,Female,Neighbor,Counseling,I live next door and I can hear screaming almost every night. Tonight I saw her running out with blood on her face. I called for help on her behalf.,FALSE,,Uyo,low,manual_entry,5.017331,445.3,7.886161,bystander
537,8/23/2025,4:43,Mobile App,Ongoing,FALSE,8/23/2025 14:00,8/26/2025 0:00,Onitsha,Harassment,Medium,8,Male,Colleague,Legal Aid,My friend has been showing me messages she is getting from someone who is threatening her. She is too embarrassed to report so I am doing it for her.,TRUE,8/23/2025 22:00,Onitsha,high,gps,6.097009,10.5,6.738787,bystander
538,8/23/2025,14:45,Hotline,Ongoing,FALSE,8/24/2025 14:00,8/25/2025 14:00,Enugu,Harassment,Medium,25,Female,Employer,Legal Aid,"A man followed me from the bus stop all the way to my street, making sexual remarks. I had to enter a shop to escape him. I am still shaking.",TRUE,8/24/2025 23:00,Enugu,medium,manual_entry,6.507172,465.1,7.539177,victim
539,8/23/2025,20:01,Hotline,Ongoing,TRUE,8/24/2025 1:00,8/26/2025 3:00,Benin,Harassment,Medium,36,Female,Employer,Shelter,"A man followed me from the bus stop all the way to my street, making sexual remarks. I had to enter a shop to escape him. I am still shaking.",TRUE,8/24/2025 2:00,Benin,medium,manual_entry,6.323433,421.9,5.621665,victim
540,8/15/2025,0:01,Dashboard,Closed,FALSE,8/16/2025 7:00,8/16/2025 12:00,Jos,Others,Low,36,Female,Colleague,Counseling,Someone broke into my home while I was inside and threatened me. I escaped through a window. I am currently staying with a relative.,TRUE,8/17/2025 1:00,Jos,high,gps,9.868325,7.3,8.903296,victim
541,8/24/2025,9:25,Hotline,Ongoing,FALSE,8/25/2025 11:00,8/25/2025 12:00,Abeokuta,Domestic Violence,High,26,Female,Neighbor,Counseling,I live next door and I can hear screaming almost every night. Tonight I saw her running out with blood on her face. I called for help on her behalf.,FALSE,,Abeokuta,medium,manual_entry,7.176135,284.9,3.320841,bystander
542,8/24/2025,13:59,Dashboard,Ongoing,FALSE,8/25/2025 21:00,8/28/2025 17:00,Ibadan,Sexual Assault,Critical,25,Female,Stranger,Counseling,A colleague assaulted me after a work event. I kept quiet because he is my senior and I was afraid. I cannot keep this to myself anymore.,TRUE,8/26/2025 5:00,Ibadan,high,gps,7.369258,13.8,3.984912,victim
543,8/24/2025,14:41,Dashboard,Ongoing,FALSE,8/24/2025 9:00,8/25/2025 18:00,Bauchi,Harassment,Medium,52,Male,Stranger,Shelter,"I witnessed a man verbally abusing a woman at a bus stop, calling her terrible names. She was in tears. I followed up to make sure she was okay and she asked me to report.",TRUE,8/24/2025 13:00,Bauchi,high,gps,10.360273,12.1,9.84094,bystander
544,8/24/2025,22:25,Dashboard,Closed,FALSE,8/24/2025 13:00,8/24/2025 14:00,Kano,Harassment,High,35,Female,Neighbor,Legal Aid,Three boys from my street harass me every day on my way to school. They block my path and say terrible things. I cannot take it anymore.,TRUE,8/25/2025 12:00,Kano,high,gps,12.013541,19.4,8.558703,victim
545,8/25/2025,0:10,Community Center,Closed,TRUE,8/25/2025 1:00,8/27/2025 2:00,Bauchi,Domestic Violence,Medium,30,Female,Employer,Legal Aid,My husband threatened to kill me if I told anyone. I have bruises on my arms and face. I left the house with my children and I need help urgently.,TRUE,8/25/2025 22:00,Bauchi,medium,manual_entry,10.364917,234,9.817367,victim
546,8/25/2025,6:46,Hotline,Ongoing,FALSE,8/26/2025 4:00,8/27/2025 13:00,Ibadan,Others,Low,15,Female,Guardian,Shelter,I saw a woman being dragged into a car against her will near the junction. I screamed and people came but the car drove off. I am reporting what I saw.,TRUE,8/26/2025 13:00,Ibadan,medium,manual_entry,7.421773,325.3,3.961965,bystander
547,8/25/2025,6:55,Community Center,Ongoing,FALSE,8/26/2025 3:00,8/29/2025 2:00,Kaduna,Harassment,High,10,Female,Relative,Medical Care,"I witnessed a man verbally abusing a woman at a bus stop, calling her terrible names. She was in tears. I followed up to make sure she was okay and she asked me to report.",FALSE,,Kaduna,medium,manual_entry,10.521274,301.6,7.417769,bystander
548,8/26/2025,8:52,Dashboard,Ongoing,FALSE,8/26/2025 20:00,8/28/2025 17:00,Jos,Others,Medium,42,Female,Teacher,Counseling,A group of people attacked me near my house and stole my belongings. I recognised one of them from the area. I am afraid they will come back.,FALSE,,Jos,high,gps,9.869567,26.4,8.825953,victim
549,8/26/2025,11:48,Mobile App,Closed,TRUE,8/27/2025 5:00,8/28/2025 2:00,Kaduna,Domestic Violence,Medium,49,Female,Neighbor,Counseling,My husband threatened to kill me if I told anyone. I have bruises on my arms and face. I left the house with my children and I need help urgently.,TRUE,8/27/2025 9:00,Kaduna,high,gps,10.482549,24.7,7.385144,victim
550,8/4/2025,13:53,Community Center,Ongoing,FALSE,8/5/2025 1:00,8/5/2025 2:00,Kaduna,Domestic Violence,High,40,Female,Spouse,Counseling,I live next door and I can hear screaming almost every night. Tonight I saw her running out with blood on her face. I called for help on her behalf.,FALSE,,Kaduna,medium,manual_entry,10.538458,466.6,7.401513,bystander
551,8/27/2025,10:26,Dashboard,Closed,FALSE,8/27/2025 5:00,8/28/2025 15:00,Abuja,Harassment,Low,48,Female,Guardian,Counseling,A girl in my office has been visibly distressed. I found out she is being harassed by a senior colleague. She is afraid of losing her job so I am reporting.,TRUE,8/27/2025 13:00,Abuja,medium,gps,9.032284,5.9,7.44551,bystander
552,8/17/2025,17:08,Mobile App,Closed,FALSE,8/18/2025 16:00,8/21/2025 11:00,Jos,Sexual Assault,Critical,35,Female,Stranger,Shelter,A colleague assaulted me after a work event. I kept quiet because he is my senior and I was afraid. I cannot keep this to myself anymore.,TRUE,8/19/2025 2:00,Jos,medium,gps,9.934879,6.4,8.901075,victim
553,8/28/2025,1:15,Dashboard,Ongoing,FALSE,8/29/2025 5:00,8/29/2025 7:00,Jos,Others,High,13,Female,Teacher,Legal Aid,Someone broke into my home while I was inside and threatened me. I escaped through a window. I am currently staying with a relative.,TRUE,8/29/2025 16:00,Jos,medium,gps,9.945991,12.2,8.82569,victim
554,8/28/2025,5:43,Community Center,Ongoing,TRUE,8/29/2025 9:00,9/1/2025 4:00,Abuja,Harassment,Medium,13,Female,Employer,Shelter,"A man followed me from the bus stop all the way to my street, making sexual remarks. I had to enter a shop to escape him. I am still shaking.",TRUE,8/29/2025 19:00,Abuja,low,manual_entry,9.066124,211.9,7.424424,victim
555,8/28/2025,22:31,Community Center,Ongoing,FALSE,8/28/2025 6:00,8/29/2025 18:00,Ibadan,Domestic Violence,Medium,24,Female,Guardian,Counseling,"This has been happening for two years. I finally found the courage to report. He controls everything — money, movement. I need support to leave.",FALSE,,Ibadan,medium,manual_entry,7.397102,232.5,3.91239,victim
556,8/29/2025,10:38,Mobile App,Ongoing,FALSE,8/29/2025 1:00,8/29/2025 10:00,Lagos,Harassment,Medium,66,Female,Guardian,Shelter,"I witnessed a man verbally abusing a woman at a bus stop, calling her terrible names. She was in tears. I followed up to make sure she was okay and she asked me to report.",FALSE,,Lagos,medium,gps,6.555983,25.7,3.351644,bystander
557,8/29/2025,13:58,Mobile App,Ongoing,FALSE,8/29/2025 18:00,8/30/2025 23:00,Bauchi,Domestic Violence,High,28,Male,Partner,Counseling,I am a neighbour. The woman in the apartment beside mine has been coming out with bruises. She seems too afraid to report herself so I am doing it.,TRUE,8/29/2025 22:00,Bauchi,high,gps,10.288182,19.4,9.847897,bystander
558,8/30/2025,2:00,Dashboard,Ongoing,FALSE,8/31/2025 3:00,9/2/2025 20:00,Owerri,Sexual Assault,Critical,51,Female,Neighbor,Counseling,A woman came to my door last night looking terrified. She said she had been assaulted nearby. I let her in and I am reporting on her behalf.,TRUE,8/31/2025 5:00,Owerri,high,gps,5.492894,28.7,7.041309,bystander
559,8/30/2025,11:29,Dashboard,Ongoing,FALSE,8/31/2025 21:00,9/3/2025 6:00,Abeokuta,Harassment,Low,17,Female,Teacher,Counseling,A girl in my office has been visibly distressed. I found out she is being harassed by a senior colleague. She is afraid of losing her job so I am reporting.,FALSE,,Abeokuta,high,gps,7.106649,23.9,3.399646,bystander
560,8/30/2025,17:41,Community Center,Ongoing,TRUE,8/31/2025 14:00,8/31/2025 18:00,Jos,Harassment,Medium,48,Female,Stranger,Shelter,I have been receiving threatening messages from someone I rejected. He knows where I live and I am very scared.,TRUE,8/31/2025 19:00,Jos,low,manual_entry,9.87306,354.6,8.821251,victim
561,8/31/2025,2:14,Mobile App,Ongoing,FALSE,9/1/2025 3:00,9/3/2025 1:00,Bauchi,Sexual Assault,Critical,54,Male,Employer,Shelter,A colleague assaulted me after a work event. I kept quiet because he is my senior and I was afraid. I cannot keep this to myself anymore.,TRUE,9/1/2025 4:00,Bauchi,high,gps,10.354675,11.2,9.889765,victim
562,8/31/2025,14:05,Mobile App,Closed,FALSE,9/1/2025 20:00,9/3/2025 16:00,Abuja,Others,High,5,Male,Teacher,Legal Aid,I saw a woman being dragged into a car against her will near the junction. I screamed and people came but the car drove off. I am reporting what I saw.,TRUE,9/1/2025 23:00,Abuja,high,gps,9.112713,16.9,7.429552,bystander
563,8/31/2025,19:40,Community Center,Ongoing,FALSE,9/1/2025 13:00,9/3/2025 0:00,Onitsha,Child Abuse,Critical,9,Male,Relative,Shelter,My teacher beats me with a cane almost every day for small mistakes. I have marks on my back and legs. I am afraid to go to school.,TRUE,9/2/2025 1:00,Onitsha,low,manual_entry,6.158324,274.5,6.792086,victim
564,9/1/2025,17:35,Mobile App,Ongoing,TRUE,9/3/2025 0:00,9/4/2025 7:00,Ibadan,Harassment,Medium,14,Female,Teacher,Medical Care,My friend has been showing me messages she is getting from someone who is threatening her. She is too embarrassed to report so I am doing it for her.,FALSE,,Ibadan,high,gps,7.336199,25.9,3.937845,bystander
565,9/2/2025,2:56,Hotline,Ongoing,FALSE,9/2/2025 7:00,9/2/2025 23:00,Enugu,Sexual Assault,Critical,7,Male,Stranger,Counseling,A colleague assaulted me after a work event. I kept quiet because he is my senior and I was afraid. I cannot keep this to myself anymore.,FALSE,,Enugu,medium,manual_entry,6.445669,326.2,7.522375,victim
566,9/2/2025,2:59,Mobile App,Ongoing,FALSE,9/3/2025 0:00,9/4/2025 17:00,Benin,Others,Critical,19,Male,Employer,Counseling,I heard a loud argument followed by screaming from a nearby building. When I went to check I found someone badly hurt. I called for help and I am also reporting here.,TRUE,9/3/2025 10:00,Benin,high,gps,6.357342,9.6,5.603288,bystander
567,9/2/2025,8:08,Community Center,Ongoing,FALSE,9/2/2025 15:00,9/3/2025 8:00,Owerri,Sexual Assault,Critical,63,Male,Spouse,Shelter,I found my younger sister crying and she told me what happened to her. She does not want our parents to know. I am reporting because she needs help.,TRUE,9/2/2025 22:00,Owerri,low,manual_entry,5.441705,276.1,7.005318,bystander
568,9/2/2025,11:01,Hotline,Ongoing,FALSE,9/3/2025 6:00,9/3/2025 22:00,Onitsha,Child Abuse,Critical,59,Female,Relative,Shelter,I am 14 years old. My father beats me and my siblings severely. He broke my arm last month. I need someone to help us.,TRUE,9/3/2025 14:00,Onitsha,low,manual_entry,6.161126,55.3,6.744613,victim
569,9/2/2025,13:14,Dashboard,Closed,FALSE,9/3/2025 14:00,9/4/2025 3:00,Port Harcourt,Sexual Assault,Critical,17,Female,Colleague,Legal Aid,I found my younger sister crying and she told me what happened to her. She does not want our parents to know. I am reporting because she needs help.,TRUE,9/4/2025 1:00,Port Harcourt,high,gps,4.850721,9.7,7.049315,bystander
570,9/2/2025,14:13,Mobile App,Ongoing,FALSE,9/2/2025 18:00,9/5/2025 7:00,Lagos,Domestic Violence,Critical,27,Male,Colleague,Legal Aid,"He threw me against the wall and broke my phone. I borrowed a neighbour's phone to report. I cannot go back home, it is not safe.",FALSE,,Lagos,high,gps,6.522459,17.5,3.388441,victim
571,9/2/2025,14:16,Mobile App,Closed,FALSE,9/3/2025 21:00,9/5/2025 21:00,Kaduna,Sexual Assault,Critical,40,Female,Teacher,Shelter,I was assaulted by someone I considered a friend. He threatened me not to tell anyone. I am finally speaking out because I cannot carry this alone.,TRUE,9/4/2025 9:00,Kaduna,high,gps,10.542968,16.3,7.401281,victim
572,9/2/2025,22:27,Dashboard,Ongoing,FALSE,9/3/2025 20:00,9/5/2025 2:00,Benin,Domestic Violence,Medium,9,Female,Colleague,Medical Care,I am a neighbour. The woman in the apartment beside mine has been coming out with bruises. She seems too afraid to report herself so I am doing it.,FALSE,,Benin,high,gps,6.352802,18.9,5.610273,bystander
573,9/3/2025,15:07,Dashboard,Closed,FALSE,9/3/2025 10:00,9/4/2025 6:00,Bauchi,Domestic Violence,Medium,19,Male,Partner,Shelter,He came home drunk and started hitting me. My children were watching. I am hiding with them in the backyard. Please come quickly.,TRUE,9/4/2025 2:00,Bauchi,high,gps,10.292503,15.5,9.882063,victim
574,9/4/2025,10:31,Hotline,Ongoing,FALSE,9/5/2025 10:00,9/8/2025 7:00,Bauchi,Harassment,High,36,Female,Stranger,Legal Aid,My landlord keeps coming to my room uninvited and making uncomfortable advances. I have asked him to stop but it has continued.,FALSE,,Bauchi,medium,manual_entry,10.345543,162.9,9.860045,victim
575,9/4/2025,22:35,Mobile App,Ongoing,FALSE,9/4/2025 7:00,9/5/2025 4:00,Kano,Harassment,Medium,66,Female,Teacher,Medical Care,"I witnessed a man verbally abusing a woman at a bus stop, calling her terrible names. She was in tears. I followed up to make sure she was okay and she asked me to report.",TRUE,9/4/2025 12:00,Kano,medium,gps,12.037258,7.4,8.628729,bystander
576,8/15/2025,8:02,Hotline,Closed,FALSE,8/16/2025 0:00,8/17/2025 23:00,Owerri,Others,Low,55,Female,Colleague,Medical Care,I witnessed a violent attack on a man near the motor park. The victim was seriously injured. I helped him to safety and I am now reporting the incident.,TRUE,8/16/2025 18:00,Owerri,medium,manual_entry,5.504436,204.9,7.067001,bystander
577,8/13/2025,9:44,Hotline,Ongoing,FALSE,8/13/2025 23:00,8/15/2025 1:00,Ibadan,Sexual Assault,Critical,16,Male,Colleague,Medical Care,A woman came to my door last night looking terrified. She said she had been assaulted nearby. I let her in and I am reporting on her behalf.,TRUE,8/14/2025 10:00,Ibadan,low,manual_entry,7.397247,490.7,3.965014,bystander
578,9/1/2025,14:10,Community Center,Ongoing,FALSE,9/1/2025 21:00,9/4/2025 15:00,Uyo,Harassment,Medium,57,Female,Stranger,Medical Care,A girl in my office has been visibly distressed. I found out she is being harassed by a senior colleague. She is afraid of losing her job so I am reporting.,TRUE,9/2/2025 9:00,Uyo,low,manual_entry,5.049561,221.5,7.938072,bystander
579,9/6/2025,2:00,Mobile App,Closed,FALSE,9/7/2025 17:00,9/8/2025 12:00,Uyo,Harassment,Medium,70,Female,Stranger,Medical Care,"I saw a group of men surrounding a young woman at the market, touching her and refusing to let her pass. She looked terrified. I am reporting on her behalf.",TRUE,9/7/2025 23:00,Uyo,high,gps,5.003561,15.5,7.950887,bystander
580,9/6/2025,2:14,Hotline,Ongoing,FALSE,9/6/2025 6:00,9/7/2025 3:00,Benin,Others,Critical,44,Male,Employer,Shelter,My elderly neighbour was beaten and robbed inside her compound. She is hospitalised now. I am reporting on her behalf as her family is being contacted.,TRUE,9/6/2025 12:00,Benin,medium,manual_entry,6.372184,369.7,5.556625,bystander
581,9/6/2025,8:38,Hotline,Ongoing,FALSE,9/7/2025 5:00,9/9/2025 4:00,Kaduna,Harassment,Medium,62,Female,Teacher,Legal Aid,My supervisor has been making inappropriate comments about my body for weeks. Today he touched me without my consent. I feel unsafe at work.,FALSE,,Kaduna,medium,manual_entry,10.543082,236.3,7.379387,victim
582,9/6/2025,18:36,Community Center,Closed,FALSE,9/6/2025 9:00,9/7/2025 16:00,Bauchi,Harassment,High,66,Female,Partner,Shelter,"I saw a group of men surrounding a young woman at the market, touching her and refusing to let her pass. She looked terrified. I am reporting on her behalf.",TRUE,9/7/2025 7:00,Bauchi,low,manual_entry,10.299312,144.8,9.868551,bystander
583,9/7/2025,8:12,Mobile App,Closed,FALSE,9/7/2025 7:00,9/7/2025 16:00,Kano,Harassment,Medium,30,Female,Teacher,Legal Aid,My supervisor has been making inappropriate comments about my body for weeks. Today he touched me without my consent. I feel unsafe at work.,TRUE,9/7/2025 23:00,Kano,high,gps,11.968276,24.3,8.623797,victim
584,9/7/2025,13:36,Dashboard,Ongoing,FALSE,9/7/2025 17:00,9/8/2025 13:00,Uyo,Sexual Assault,Critical,12,Female,Partner,Legal Aid,I found my younger sister crying and she told me what happened to her. She does not want our parents to know. I am reporting because she needs help.,TRUE,9/8/2025 0:00,Uyo,high,gps,5.070913,23.4,7.913547,bystander
585,9/7/2025,15:11,Hotline,Ongoing,TRUE,9/7/2025 9:00,9/10/2025 5:00,Onitsha,Sexual Assault,Critical,40,Female,Colleague,Medical Care,My roommate told me she was assaulted last week. She has been very withdrawn since then. I convinced her to let me report so she can get support.,FALSE,,Onitsha,medium,manual_entry,6.093439,437.2,6.765704,bystander
586,9/5/2025,16:12,Community Center,Ongoing,FALSE,9/6/2025 6:00,9/9/2025 4:00,Bauchi,Sexual Assault,Critical,57,Female,Relative,Shelter,I was assaulted by someone I considered a friend. He threatened me not to tell anyone. I am finally speaking out because I cannot carry this alone.,FALSE,,Bauchi,low,manual_entry,10.327493,486.3,9.892319,victim
587,9/7/2025,21:59,Hotline,Closed,FALSE,9/8/2025 15:00,9/11/2025 2:00,Lagos,Sexual Assault,High,64,Female,Relative,Counseling,A woman came to my door last night looking terrified. She said she had been assaulted nearby. I let her in and I am reporting on her behalf.,TRUE,9/9/2025 12:00,Lagos,medium,manual_entry,6.537581,285.6,3.35518,bystander
588,9/7/2025,23:31,Dashboard,Ongoing,FALSE,9/8/2025 7:00,9/11/2025 5:00,Jos,Domestic Violence,Medium,61,Male,Spouse,Legal Aid,I have been beaten repeatedly by my partner. Tonight was the worst. I am at a neighbour's house right now. Please send help.,TRUE,9/8/2025 9:00,Jos,high,gps,9.909901,15.3,8.862299,victim
589,9/8/2025,4:36,Dashboard,Closed,FALSE,9/8/2025 1:00,9/8/2025 2:00,Jos,Domestic Violence,High,17,Male,Colleague,Counseling,My colleague came to work today with a swollen eye. She said she fell but I do not believe her. I am reporting because I am concerned for her.,TRUE,9/8/2025 18:00,Jos,high,gps,9.924485,13.6,8.818998,bystander
590,9/8/2025,16:23,Dashboard,Closed,FALSE,9/8/2025 1:00,9/10/2025 16:00,Ibadan,Child Abuse,Critical,7,Female,Guardian,Medical Care,My uncle has been touching me in ways that make me uncomfortable. I told my mother but she did not believe me. Please help me.,TRUE,9/8/2025 17:00,Ibadan,high,gps,7.403603,24.9,3.951127,victim
591,8/20/2025,2:24,Mobile App,Ongoing,FALSE,8/21/2025 12:00,8/23/2025 12:00,Ibadan,Others,Critical,18,Male,Neighbor,Legal Aid,I heard a loud argument followed by screaming from a nearby building. When I went to check I found someone badly hurt. I called for help and I am also reporting here.,TRUE,8/21/2025 21:00,Ibadan,high,gps,7.423799,9.1,3.931187,bystander
592,9/9/2025,9:25,Mobile App,Ongoing,TRUE,9/9/2025 15:00,9/11/2025 1:00,Lagos,Domestic Violence,High,24,Female,Neighbor,Shelter,I witnessed the man beating his wife in the compound. She fell down. She told me not to report but I am very worried about her safety.,TRUE,9/10/2025 2:00,Lagos,medium,gps,6.537662,25.2,3.422403,bystander
593,9/10/2025,2:28,Community Center,Ongoing,FALSE,9/11/2025 18:00,9/14/2025 15:00,Kano,Harassment,High,65,Female,Relative,Shelter,"I saw a group of men surrounding a young woman at the market, touching her and refusing to let her pass. She looked terrified. I am reporting on her behalf.",FALSE,,Kano,low,manual_entry,11.962451,132.1,8.635723,bystander
594,9/10/2025,5:11,Community Center,Ongoing,FALSE,9/11/2025 17:00,9/14/2025 4:00,Benin,Harassment,Low,7,Female,Stranger,Legal Aid,"A man followed me from the bus stop all the way to my street, making sexual remarks. I had to enter a shop to escape him. I am still shaking.",TRUE,9/11/2025 22:00,Benin,medium,manual_entry,6.353789,134.5,5.560484,victim
595,9/10/2025,8:04,Dashboard,Ongoing,FALSE,9/10/2025 4:00,9/13/2025 1:00,Lagos,Child Abuse,Critical,22,Male,Spouse,Legal Aid,My teacher beats me with a cane almost every day for small mistakes. I have marks on my back and legs. I am afraid to go to school.,TRUE,9/10/2025 6:00,Lagos,high,gps,6.504496,22.9,3.400017,victim
596,9/10/2025,17:29,Community Center,Ongoing,FALSE,9/10/2025 6:00,9/11/2025 2:00,Lagos,Domestic Violence,High,12,Female,Teacher,Medical Care,I witnessed the man beating his wife in the compound. She fell down. She told me not to report but I am very worried about her safety.,TRUE,9/10/2025 10:00,Lagos,medium,manual_entry,6.481135,403.6,3.387417,bystander
597,9/10/2025,23:48,Dashboard,Ongoing,TRUE,9/11/2025 6:00,9/11/2025 11:00,Abeokuta,Others,Critical,14,Female,Partner,Legal Aid,I saw a woman being dragged into a car against her will near the junction. I screamed and people came but the car drove off. I am reporting what I saw.,TRUE,9/11/2025 9:00,Abeokuta,high,gps,7.132088,6.8,3.373992,bystander
598,9/11/2025,18:42,Mobile App,Ongoing,FALSE,9/11/2025 13:00,9/12/2025 22:00,Owerri,Harassment,High,70,Female,Employer,Medical Care,My landlord keeps coming to my room uninvited and making uncomfortable advances. I have asked him to stop but it has continued.,FALSE,,Owerri,high,gps,5.438174,29.4,7.070454,victim
599,9/12/2025,1:46,Community Center,Ongoing,TRUE,9/13/2025 5:00,9/14/2025 13:00,Kano,Harassment,Medium,9,Female,Colleague,Counseling,Three boys from my street harass me every day on my way to school. They block my path and say terrible things. I cannot take it anymore.,FALSE,,Kano,medium,manual_entry,12.049549,380.9,8.638888,victim
600,9/13/2025,9:28,Community Center,Ongoing,FALSE,9/14/2025 19:00,9/15/2025 22:00,Kano,Domestic Violence,High,10,Male,Relative,Shelter,He came home drunk and started hitting me. My children were watching. I am hiding with them in the backyard. Please come quickly.,TRUE,9/15/2025 6:00,Kano,medium,manual_entry,12.027165,121.4,8.555009,victim
601,9/13/2025,23:12,Dashboard,Closed,FALSE,9/14/2025 12:00,9/17/2025 7:00,Port Harcourt,Domestic Violence,Medium,58,Female,Spouse,Shelter,I live next door and I can hear screaming almost every night. Tonight I saw her running out with blood on her face. I called for help on her behalf.,TRUE,9/14/2025 16:00,Port Harcourt,medium,gps,4.841426,12.5,7.002259,bystander
602,9/6/2025,6:08,Mobile App,Ongoing,TRUE,9/7/2025 19:00,9/8/2025 23:00,Kaduna,Domestic Violence,High,53,Female,Employer,Shelter,I have been beaten repeatedly by my partner. Tonight was the worst. I am at a neighbour's house right now. Please send help.,FALSE,,Kaduna,high,gps,10.462712,13.1,7.398861,victim
603,9/14/2025,13:11,Dashboard,Ongoing,TRUE,9/15/2025 14:00,9/16/2025 6:00,Kaduna,Domestic Violence,Critical,68,Female,Teacher,Medical Care,My colleague came to work today with a swollen eye. She said she fell but I do not believe her. I am reporting because I am concerned for her.,TRUE,9/15/2025 18:00,Kaduna,high,gps,10.509364,19.5,7.443541,bystander
604,9/14/2025,15:22,Community Center,Closed,TRUE,9/14/2025 10:00,9/16/2025 10:00,Abuja,Child Abuse,Critical,66,Female,Neighbor,Counseling,I noticed a child in my neighbourhood with burns and bruises on different parts of her body. When I asked she said her father did it. I am very worried.,TRUE,9/14/2025 13:00,Abuja,medium,manual_entry,9.09483,91.1,7.39319,bystander
605,9/14/2025,22:00,Mobile App,Closed,TRUE,9/14/2025 4:00,9/16/2025 2:00,Lagos,Domestic Violence,High,6,Female,Guardian,Legal Aid,"He threw me against the wall and broke my phone. I borrowed a neighbour's phone to report. I cannot go back home, it is not safe.",TRUE,9/15/2025 1:00,Lagos,medium,gps,6.501763,24.8,3.428912,victim
606,9/14/2025,22:41,Dashboard,Closed,FALSE,9/14/2025 15:00,9/16/2025 8:00,Lagos,Sexual Assault,Critical,50,Female,Relative,Medical Care,I found my younger sister crying and she told me what happened to her. She does not want our parents to know. I am reporting because she needs help.,TRUE,9/15/2025 9:00,Lagos,high,gps,6.517018,25.1,3.374339,bystander
607,9/15/2025,5:06,Mobile App,Closed,FALSE,9/15/2025 2:00,9/17/2025 3:00,Kaduna,Sexual Assault,Critical,20,Female,Neighbor,Medical Care,My roommate told me she was assaulted last week. She has been very withdrawn since then. I convinced her to let me report so she can get support.,TRUE,9/15/2025 14:00,Kaduna,high,gps,10.476862,27.5,7.445981,bystander
608,9/15/2025,5:29,Community Center,Closed,FALSE,9/16/2025 12:00,9/18/2025 2:00,Port Harcourt,Domestic Violence,Medium,40,Female,Guardian,Medical Care,I witnessed the man beating his wife in the compound. She fell down. She told me not to report but I am very worried about her safety.,TRUE,9/17/2025 6:00,Port Harcourt,low,manual_entry,4.834968,305,7.021877,bystander
609,8/25/2025,10:25,Dashboard,Closed,FALSE,8/26/2025 23:00,8/29/2025 11:00,Kaduna,Harassment,Medium,26,Female,Stranger,Counseling,My supervisor has been making inappropriate comments about my body for weeks. Today he touched me without my consent. I feel unsafe at work.,TRUE,8/27/2025 8:00,Kaduna,medium,gps,10.468738,27.9,7.43455,victim
610,9/16/2025,8:12,Community Center,Ongoing,FALSE,9/17/2025 10:00,9/18/2025 6:00,Jos,Sexual Assault,Critical,23,Female,Teacher,Counseling,I found my younger sister crying and she told me what happened to her. She does not want our parents to know. I am reporting because she needs help.,TRUE,9/17/2025 15:00,Jos,medium,manual_entry,9.911951,50.3,8.835626,bystander
611,9/18/2025,18:18,Mobile App,Ongoing,TRUE,9/18/2025 2:00,9/20/2025 1:00,Enugu,Harassment,Low,42,Female,Stranger,Counseling,My friend has been showing me messages she is getting from someone who is threatening her. She is too embarrassed to report so I am doing it for her.,FALSE,,Enugu,medium,gps,6.503486,6.6,7.511506,bystander
612,9/18/2025,21:10,Community Center,Ongoing,TRUE,9/19/2025 10:00,9/22/2025 2:00,Abeokuta,Harassment,Low,29,Female,Employer,Legal Aid,"I saw a group of men surrounding a young woman at the market, touching her and refusing to let her pass. She looked terrified. I am reporting on her behalf.",FALSE,,Abeokuta,medium,manual_entry,7.140733,195.2,3.406262,bystander
613,9/19/2025,5:59,Community Center,Closed,TRUE,9/19/2025 7:00,9/22/2025 2:00,Ibadan,Child Abuse,Critical,8,Female,Partner,Counseling,My teacher beats me with a cane almost every day for small mistakes. I have marks on my back and legs. I am afraid to go to school.,TRUE,9/20/2025 5:00,Ibadan,low,manual_entry,7.369473,130.4,3.960853,victim
614,8/24/2025,17:03,Dashboard,Closed,TRUE,8/24/2025 7:00,8/26/2025 22:00,Enugu,Sexual Assault,Critical,48,Male,Stranger,Shelter,My roommate told me she was assaulted last week. She has been very withdrawn since then. I convinced her to let me report so she can get support.,TRUE,8/24/2025 14:00,Enugu,medium,gps,6.448159,21,7.523822,bystander
615,9/20/2025,0:30,Hotline,Ongoing,FALSE,9/21/2025 10:00,9/22/2025 19:00,Kaduna,Child Abuse,Critical,23,Female,Stranger,Legal Aid,I am 14 years old. My father beats me and my siblings severely. He broke my arm last month. I need someone to help us.,TRUE,9/21/2025 14:00,Kaduna,low,manual_entry,10.558898,55.9,7.407433,victim
616,9/20/2025,5:42,Hotline,Closed,TRUE,9/20/2025 6:00,9/22/2025 18:00,Enugu,Others,Critical,69,Female,Stranger,Shelter,Someone broke into my home while I was inside and threatened me. I escaped through a window. I am currently staying with a relative.,TRUE,9/21/2025 3:00,Enugu,medium,manual_entry,6.49781,419.9,7.519395,victim
617,9/20/2025,7:55,Community Center,Ongoing,FALSE,9/20/2025 18:00,9/23/2025 14:00,Kano,Others,Critical,64,Female,Teacher,Legal Aid,I was robbed at gunpoint and the attacker hit me on the head before running away. I managed to get to safety but I am injured and still shaking.,TRUE,9/20/2025 20:00,Kano,low,manual_entry,11.97351,475.1,8.545113,victim
618,9/20/2025,11:16,Hotline,Ongoing,TRUE,9/21/2025 23:00,9/23/2025 5:00,Enugu,Domestic Violence,Medium,13,Female,Teacher,Medical Care,"This has been happening for two years. I finally found the courage to report. He controls everything — money, movement. I need support to leave.",TRUE,9/22/2025 3:00,Enugu,low,manual_entry,6.473567,306.5,7.533253,victim
619,9/21/2025,18:03,Mobile App,Ongoing,FALSE,9/23/2025 0:00,9/26/2025 0:00,Port Harcourt,Others,High,17,Female,Employer,Medical Care,I heard a loud argument followed by screaming from a nearby building. When I went to check I found someone badly hurt. I called for help and I am also reporting here.,TRUE,9/23/2025 2:00,Port Harcourt,medium,gps,4.852036,13.9,7.047121,bystander
620,9/22/2025,11:35,Community Center,Ongoing,FALSE,9/22/2025 7:00,9/23/2025 5:00,Onitsha,Domestic Violence,High,31,Female,Spouse,Counseling,I witnessed the man beating his wife in the compound. She fell down. She told me not to report but I am very worried about her safety.,FALSE,,Onitsha,medium,manual_entry,6.189619,345.9,6.755553,bystander
621,9/10/2025,13:08,Mobile App,Closed,FALSE,9/10/2025 21:00,9/13/2025 20:00,Port Harcourt,Child Abuse,Critical,48,Female,Spouse,Counseling,I am a teacher. One of my students has been coming to school with visible injuries and seems very withdrawn. I suspect abuse at home.,TRUE,9/11/2025 8:00,Port Harcourt,high,gps,4.852462,24.1,7.07746,bystander
622,9/6/2025,18:58,Hotline,Ongoing,FALSE,9/7/2025 15:00,9/8/2025 22:00,Kaduna,Others,Low,19,Female,Employer,Counseling,I heard a loud argument followed by screaming from a nearby building. When I went to check I found someone badly hurt. I called for help and I am also reporting here.,TRUE,9/7/2025 19:00,Kaduna,medium,manual_entry,10.537592,212,7.450978,bystander
623,9/23/2025,19:44,Community Center,Closed,TRUE,9/24/2025 2:00,9/24/2025 3:00,Uyo,Child Abuse,Critical,58,Female,Stranger,Legal Aid,The man my mother is staying with does bad things to me when she is not around. I do not know who else to tell.,TRUE,9/25/2025 2:00,Uyo,medium,manual_entry,5.063802,318.1,7.925422,victim
624,9/24/2025,2:42,Mobile App,Ongoing,TRUE,9/24/2025 1:00,9/25/2025 16:00,Kano,Sexual Assault,High,20,Male,Relative,Shelter,I found my younger sister crying and she told me what happened to her. She does not want our parents to know. I am reporting because she needs help.,FALSE,,Kano,high,gps,11.965324,5.5,8.545253,bystander
625,9/24/2025,4:31,Dashboard,Closed,FALSE,9/24/2025 7:00,9/24/2025 12:00,Port Harcourt,Sexual Assault,High,23,Female,Spouse,Shelter,My uncle assaulted me last weekend when everyone else had gone out. I could not scream. I have not been able to eat or sleep since then.,TRUE,9/24/2025 22:00,Port Harcourt,high,gps,4.857685,11.6,7.061465,victim
626,9/25/2025,5:26,Hotline,Closed,FALSE,9/25/2025 17:00,9/27/2025 8:00,Bauchi,Sexual Assault,Critical,62,Male,Teacher,Legal Aid,My roommate told me she was assaulted last week. She has been very withdrawn since then. I convinced her to let me report so she can get support.,TRUE,9/25/2025 20:00,Bauchi,low,manual_entry,10.345454,380.4,9.842352,bystander
627,9/25/2025,17:43,Dashboard,Ongoing,FALSE,9/25/2025 12:00,9/28/2025 3:00,Kaduna,Domestic Violence,High,49,Female,Partner,Legal Aid,"This has been happening for two years. I finally found the courage to report. He controls everything — money, movement. I need support to leave.",FALSE,,Kaduna,medium,gps,10.472231,25.5,7.379019,victim
628,9/25/2025,23:22,Mobile App,Ongoing,FALSE,9/26/2025 18:00,9/28/2025 9:00,Lagos,Sexual Assault,High,50,Female,Guardian,Medical Care,A woman came to my door last night looking terrified. She said she had been assaulted nearby. I let her in and I am reporting on her behalf.,TRUE,9/27/2025 4:00,Lagos,high,gps,6.542957,28,3.372231,bystander
629,9/26/2025,23:39,Mobile App,Ongoing,TRUE,9/27/2025 4:00,9/29/2025 10:00,Jos,Domestic Violence,High,19,Female,Neighbor,Legal Aid,He came home drunk and started hitting me. My children were watching. I am hiding with them in the backyard. Please come quickly.,FALSE,,Jos,high,gps,9.866552,23.7,8.857459,victim
630,9/27/2025,1:18,Mobile App,Closed,FALSE,9/28/2025 17:00,9/30/2025 18:00,Onitsha,Sexual Assault,High,40,Female,Relative,Legal Aid,I was drugged at a party and woke up realising something had happened to me. I am confused and scared. I do not know what to do or who to tell.,TRUE,9/28/2025 19:00,Onitsha,high,gps,6.099221,13,6.795197,victim
631,8/28/2025,2:02,Community Center,Ongoing,FALSE,8/29/2025 9:00,8/30/2025 14:00,Lagos,Sexual Assault,Critical,10,Female,Spouse,Shelter,My uncle assaulted me last weekend when everyone else had gone out. I could not scream. I have not been able to eat or sleep since then.,TRUE,8/29/2025 20:00,Lagos,medium,manual_entry,6.501299,487,3.408956,victim
632,9/27/2025,11:17,Community Center,Ongoing,TRUE,9/28/2025 4:00,9/29/2025 18:00,Abeokuta,Child Abuse,Critical,17,Female,Guardian,Shelter,I am 14 years old. My father beats me and my siblings severely. He broke my arm last month. I need someone to help us.,FALSE,,Abeokuta,medium,manual_entry,7.128536,87.1,3.357422,victim
633,9/28/2025,1:20,Mobile App,Ongoing,FALSE,9/28/2025 17:00,9/29/2025 4:00,Uyo,Domestic Violence,High,20,Male,Employer,Medical Care,My colleague came to work today with a swollen eye. She said she fell but I do not believe her. I am reporting because I am concerned for her.,TRUE,9/29/2025 0:00,Uyo,high,gps,4.988862,24.1,7.870045,bystander
634,9/28/2025,8:08,Hotline,Closed,FALSE,9/28/2025 13:00,10/1/2025 4:00,Ibadan,Harassment,Low,31,Female,Partner,Legal Aid,"A man followed me from the bus stop all the way to my street, making sexual remarks. I had to enter a shop to escape him. I am still shaking.",TRUE,9/29/2025 2:00,Ibadan,low,manual_entry,7.366749,302.5,3.944994,victim
635,9/28/2025,11:18,Community Center,Ongoing,FALSE,9/28/2025 5:00,9/29/2025 16:00,Lagos,Domestic Violence,High,14,Female,Colleague,Counseling,I was passing by and saw a man dragging a woman by the hair into a house. She was crying. Other people just walked past. I had to report this.,FALSE,,Lagos,low,manual_entry,6.534402,100.6,3.358366,bystander
636,9/28/2025,23:29,Dashboard,Closed,FALSE,9/29/2025 0:00,9/30/2025 21:00,Benin,Domestic Violence,Critical,67,Female,Neighbor,Counseling,I am a neighbour. The woman in the apartment beside mine has been coming out with bruises. She seems too afraid to report herself so I am doing it.,TRUE,9/29/2025 7:00,Benin,medium,gps,6.354498,21.4,5.639712,bystander
637,9/29/2025,7:03,Community Center,Ongoing,TRUE,9/29/2025 23:00,10/2/2025 8:00,Owerri,Domestic Violence,Medium,38,Female,Employer,Counseling,I am a neighbour. The woman in the apartment beside mine has been coming out with bruises. She seems too afraid to report herself so I am doing it.,TRUE,9/30/2025 7:00,Owerri,low,manual_entry,5.511585,139.9,6.987262,bystander
638,9/29/2025,18:19,Community Center,Closed,FALSE,9/30/2025 23:00,10/1/2025 10:00,Bauchi,Harassment,Low,68,Female,Guardian,Shelter,I have been receiving threatening messages from someone I rejected. He knows where I live and I am very scared.,TRUE,10/1/2025 3:00,Bauchi,low,manual_entry,10.313851,477,9.804693,victim
639,9/29/2025,22:01,Mobile App,Ongoing,FALSE,9/29/2025 1:00,9/30/2025 21:00,Owerri,Others,Critical,40,Female,Guardian,Legal Aid,Someone broke into my home while I was inside and threatened me. I escaped through a window. I am currently staying with a relative.,TRUE,9/29/2025 3:00,Owerri,high,gps,5.457805,5.6,7.081966,victim
640,9/29/2025,23:12,Mobile App,Ongoing,FALSE,9/29/2025 14:00,9/30/2025 17:00,Kaduna,Domestic Violence,High,32,Female,Employer,Medical Care,He came home drunk and started hitting me. My children were watching. I am hiding with them in the backyard. Please come quickly.,TRUE,9/29/2025 19:00,Kaduna,medium,gps,10.47475,23.2,7.416389,victim
641,9/30/2025,9:04,Community Center,Ongoing,FALSE,10/1/2025 21:00,10/2/2025 0:00,Uyo,Harassment,Low,37,Female,Neighbor,Shelter,My friend has been showing me messages she is getting from someone who is threatening her. She is too embarrassed to report so I am doing it for her.,TRUE,10/2/2025 8:00,Uyo,medium,manual_entry,5.049516,126.6,7.933046,bystander
642,9/30/2025,9:28,Mobile App,Ongoing,FALSE,10/1/2025 21:00,10/3/2025 8:00,Bauchi,Sexual Assault,High,66,Male,Neighbor,Shelter,A woman came to my door last night looking terrified. She said she had been assaulted nearby. I let her in and I am reporting on her behalf.,TRUE,10/2/2025 8:00,Bauchi,high,gps,10.321765,14.7,9.795177,bystander
643,9/15/2025,16:46,Hotline,Ongoing,FALSE,9/15/2025 7:00,9/15/2025 10:00,Uyo,Harassment,High,21,Female,Relative,Shelter,I have been receiving threatening messages from someone I rejected. He knows where I live and I am very scared.,TRUE,9/15/2025 18:00,Uyo,medium,manual_entry,5.020346,278.8,7.914571,victim
644,9/30/2025,20:43,Community Center,Ongoing,FALSE,10/1/2025 8:00,10/4/2025 5:00,Port Harcourt,Sexual Assault,Critical,46,Female,Relative,Shelter,I was attacked on my way home from work last night. A man I did not know forced himself on me. I am at my friend's place. I need help and medical attention.,TRUE,10/1/2025 12:00,Port Harcourt,medium,manual_entry,4.774387,302.3,7.034863,victim
645,10/1/2025,12:00,Community Center,Ongoing,FALSE,10/1/2025 16:00,10/4/2025 12:00,Port Harcourt,Domestic Violence,High,18,Female,Partner,Shelter,I witnessed the man beating his wife in the compound. She fell down. She told me not to report but I am very worried about her safety.,TRUE,10/2/2025 0:00,Port Harcourt,low,manual_entry,4.76892,58.3,7.007658,bystander
646,10/1/2025,12:39,Mobile App,Ongoing,FALSE,10/2/2025 17:00,10/4/2025 8:00,Bauchi,Others,Critical,23,Female,Relative,Counseling,I witnessed a violent attack on a man near the motor park. The victim was seriously injured. I helped him to safety and I am now reporting the incident.,TRUE,10/3/2025 2:00,Bauchi,high,gps,10.305492,20.6,9.807472,bystander
647,10/1/2025,14:00,Mobile App,Closed,TRUE,10/2/2025 12:00,10/4/2025 0:00,Abeokuta,Others,Critical,32,Female,Teacher,Legal Aid,I was physically attacked by my former employer after I reported him for fraud. I have injuries and I fear for my safety.,TRUE,10/2/2025 20:00,Abeokuta,high,gps,7.154254,21.4,3.380846,victim
648,10/1/2025,21:16,Mobile App,Closed,TRUE,10/2/2025 10:00,10/3/2025 16:00,Kaduna,Sexual Assault,High,29,Female,Colleague,Medical Care,A woman came to my door last night looking terrified. She said she had been assaulted nearby. I let her in and I am reporting on her behalf.,TRUE,10/3/2025 0:00,Kaduna,high,gps,10.540559,15.7,7.386515,bystander
649,10/2/2025,23:08,Hotline,Ongoing,TRUE,10/3/2025 5:00,10/6/2025 3:00,Enugu,Domestic Violence,High,25,Male,Guardian,Legal Aid,My colleague came to work today with a swollen eye. She said she fell but I do not believe her. I am reporting because I am concerned for her.,TRUE,10/3/2025 16:00,Enugu,low,manual_entry,6.425148,438.2,7.506857,bystander
650,10/3/2025,15:54,Dashboard,Ongoing,FALSE,10/3/2025 9:00,10/5/2025 17:00,Owerri,Sexual Assault,High,37,Female,Spouse,Counseling,I was drugged at a party and woke up realising something had happened to me. I am confused and scared. I do not know what to do or who to tell.,FALSE,,Owerri,high,gps,5.497243,21.4,7.053948,victim
651,10/3/2025,20:09,Mobile App,Closed,FALSE,10/3/2025 5:00,10/6/2025 5:00,Onitsha,Domestic Violence,Medium,29,Male,Colleague,Counseling,He came home drunk and started hitting me. My children were watching. I am hiding with them in the backyard. Please come quickly.,TRUE,10/3/2025 23:00,Onitsha,high,gps,6.095959,9.6,6.830621,victim
652,10/4/2025,7:48,Dashboard,Ongoing,FALSE,10/4/2025 2:00,10/5/2025 19:00,Port Harcourt,Domestic Violence,High,32,Female,Relative,Shelter,I am a neighbour. The woman in the apartment beside mine has been coming out with bruises. She seems too afraid to report herself so I am doing it.,FALSE,,Port Harcourt,high,gps,4.770797,12.6,7.05393,bystander
653,10/4/2025,19:06,Community Center,Closed,TRUE,10/4/2025 13:00,10/5/2025 3:00,Kaduna,Harassment,Low,45,Female,Stranger,Counseling,Three boys from my street harass me every day on my way to school. They block my path and say terrible things. I cannot take it anymore.,TRUE,10/4/2025 18:00,Kaduna,medium,manual_entry,10.531406,322.5,7.453597,victim
654,10/5/2025,5:11,Mobile App,Closed,TRUE,10/5/2025 15:00,10/6/2025 21:00,Jos,Child Abuse,Critical,70,Female,Employer,Shelter,A child came to my shop crying and said his guardian beats him regularly and does not feed him. He begged me to help him. I am reporting immediately.,TRUE,10/6/2025 13:00,Jos,high,gps,9.917909,22.2,8.888473,bystander
655,10/5/2025,6:18,Community Center,Ongoing,FALSE,10/6/2025 9:00,10/8/2025 22:00,Lagos,Domestic Violence,Medium,9,Female,Neighbor,Medical Care,My husband threatened to kill me if I told anyone. I have bruises on my arms and face. I left the house with my children and I need help urgently.,FALSE,,Lagos,medium,manual_entry,6.508345,271.2,3.410683,victim
656,10/5/2025,8:10,Hotline,Closed,FALSE,10/5/2025 13:00,10/6/2025 18:00,Ibadan,Child Abuse,Critical,36,Female,Spouse,Medical Care,A child came to my shop crying and said his guardian beats him regularly and does not feed him. He begged me to help him. I am reporting immediately.,TRUE,10/5/2025 15:00,Ibadan,low,manual_entry,7.335511,466.4,3.986482,bystander
657,10/5/2025,10:14,Hotline,Ongoing,TRUE,10/7/2025 0:00,10/8/2025 2:00,Abeokuta,Child Abuse,Critical,59,Female,Relative,Counseling,I am a teacher. One of my students has been coming to school with visible injuries and seems very withdrawn. I suspect abuse at home.,FALSE,,Abeokuta,medium,manual_entry,7.152259,440.2,3.39363,bystander
658,9/7/2025,17:47,Hotline,Closed,FALSE,9/8/2025 6:00,9/9/2025 14:00,Benin,Harassment,Low,8,Female,Spouse,Counseling,"I witnessed a man verbally abusing a woman at a bus stop, calling her terrible names. She was in tears. I followed up to make sure she was okay and she asked me to report.",TRUE,9/8/2025 20:00,Benin,low,manual_entry,6.330232,323.6,5.618058,bystander
659,10/5/2025,17:57,Mobile App,Ongoing,FALSE,10/6/2025 2:00,10/8/2025 23:00,Lagos,Sexual Assault,Critical,28,Female,Relative,Counseling,My friend confided in me that she was assaulted by her boyfriend. She is too ashamed to report herself. I am reporting with her knowledge and permission.,TRUE,10/6/2025 14:00,Lagos,medium,gps,6.52704,7.7,3.402359,bystander
660,10/5/2025,21:46,Hotline,Ongoing,TRUE,10/5/2025 16:00,10/8/2025 11:00,Uyo,Child Abuse,Critical,69,Female,Teacher,Shelter,My teacher beats me with a cane almost every day for small mistakes. I have marks on my back and legs. I am afraid to go to school.,TRUE,10/6/2025 4:00,Uyo,medium,manual_entry,4.995863,282.3,7.868835,victim
661,10/6/2025,16:22,Hotline,Ongoing,FALSE,10/6/2025 19:00,10/9/2025 4:00,Onitsha,Domestic Violence,High,38,Female,Neighbor,Counseling,I witnessed the man beating his wife in the compound. She fell down. She told me not to report but I am very worried about her safety.,TRUE,10/7/2025 0:00,Onitsha,medium,manual_entry,6.11751,257.6,6.752954,bystander
662,10/6/2025,18:02,Community Center,Closed,FALSE,10/7/2025 16:00,10/7/2025 23:00,Bauchi,Harassment,Low,60,Female,Colleague,Medical Care,"I saw a group of men surrounding a young woman at the market, touching her and refusing to let her pass. She looked terrified. I am reporting on her behalf.",TRUE,10/8/2025 15:00,Bauchi,low,manual_entry,10.352978,258.6,9.816121,bystander
663,10/6/2025,19:53,Community Center,Closed,TRUE,10/7/2025 23:00,10/10/2025 16:00,Kaduna,Harassment,Medium,70,Female,Teacher,Shelter,A girl in my office has been visibly distressed. I found out she is being harassed by a senior colleague. She is afraid of losing her job so I am reporting.,TRUE,10/8/2025 3:00,Kaduna,low,manual_entry,10.558087,226.9,7.40019,bystander
664,10/8/2025,16:31,Mobile App,Closed,FALSE,10/8/2025 2:00,10/9/2025 1:00,Owerri,Child Abuse,Critical,25,Male,Employer,Legal Aid,I noticed a child in my neighbourhood with burns and bruises on different parts of her body. When I asked she said her father did it. I am very worried.,TRUE,10/8/2025 17:00,Owerri,medium,gps,5.451812,27.4,7.06227,bystander
665,10/9/2025,5:21,Mobile App,Closed,FALSE,10/9/2025 17:00,10/11/2025 11:00,Kano,Domestic Violence,High,66,Male,Partner,Counseling,He hit me again tonight. I managed to lock myself in the bathroom and call for help. This has been going on for months and I am scared for my life.,TRUE,10/10/2025 16:00,Kano,medium,gps,12.018071,24.9,8.59182,victim
666,9/23/2025,6:09,Mobile App,Ongoing,FALSE,9/23/2025 8:00,9/25/2025 18:00,Enugu,Sexual Assault,High,30,Male,Teacher,Shelter,A colleague assaulted me after a work event. I kept quiet because he is my senior and I was afraid. I cannot keep this to myself anymore.,TRUE,9/23/2025 10:00,Enugu,high,gps,6.463936,23.2,7.56832,victim
667,10/10/2025,4:49,Dashboard,Closed,FALSE,10/11/2025 12:00,10/13/2025 13:00,Benin,Harassment,Low,43,Female,Teacher,Counseling,"A man followed me from the bus stop all the way to my street, making sexual remarks. I had to enter a shop to escape him. I am still shaking.",TRUE,10/11/2025 14:00,Benin,high,gps,6.307845,19.1,5.653333,victim
668,10/1/2025,8:51,Community Center,Closed,TRUE,10/1/2025 10:00,10/2/2025 9:00,Ibadan,Harassment,Medium,66,Female,Colleague,Medical Care,"I witnessed a man verbally abusing a woman at a bus stop, calling her terrible names. She was in tears. I followed up to make sure she was okay and she asked me to report.",TRUE,10/2/2025 9:00,Ibadan,medium,manual_entry,7.424979,189.3,3.962033,bystander
669,10/11/2025,8:52,Mobile App,Closed,FALSE,10/12/2025 17:00,10/13/2025 17:00,Kaduna,Sexual Assault,Critical,37,Female,Teacher,Legal Aid,My friend confided in me that she was assaulted by her boyfriend. She is too ashamed to report herself. I am reporting with her knowledge and permission.,TRUE,10/12/2025 21:00,Kaduna,high,gps,10.480454,5.1,7.434523,bystander
670,10/11/2025,16:14,Community Center,Ongoing,FALSE,10/12/2025 6:00,10/14/2025 22:00,Owerri,Child Abuse,Critical,36,Female,Stranger,Shelter,A child came to my shop crying and said his guardian beats him regularly and does not feed him. He begged me to help him. I am reporting immediately.,FALSE,,Owerri,low,manual_entry,5.44082,323.6,6.986365,bystander
671,10/12/2025,10:37,Hotline,Ongoing,TRUE,10/12/2025 14:00,10/15/2025 3:00,Uyo,Domestic Violence,Critical,7,Male,Partner,Medical Care,My colleague came to work today with a swollen eye. She said she fell but I do not believe her. I am reporting because I am concerned for her.,TRUE,10/12/2025 22:00,Uyo,low,manual_entry,5.013468,160.1,7.909062,bystander
672,10/12/2025,20:01,Mobile App,Ongoing,TRUE,10/13/2025 17:00,10/16/2025 17:00,Abeokuta,Child Abuse,Critical,11,Female,Guardian,Medical Care,I noticed a child in my neighbourhood with burns and bruises on different parts of her body. When I asked she said her father did it. I am very worried.,FALSE,,Abeokuta,high,gps,7.184327,8.7,3.384617,bystander
673,10/8/2025,23:07,Hotline,Ongoing,FALSE,10/8/2025 10:00,10/8/2025 15:00,Benin,Harassment,Medium,44,Female,Partner,Shelter,My friend has been showing me messages she is getting from someone who is threatening her. She is too embarrassed to report so I am doing it for her.,TRUE,10/8/2025 20:00,Benin,low,manual_entry,6.359271,72.1,5.596249,bystander
674,10/13/2025,1:13,Mobile App,Ongoing,FALSE,10/13/2025 11:00,10/15/2025 0:00,Uyo,Sexual Assault,Critical,36,Female,Spouse,Counseling,A colleague assaulted me after a work event. I kept quiet because he is my senior and I was afraid. I cannot keep this to myself anymore.,TRUE,10/13/2025 23:00,Uyo,medium,gps,5.022293,24.7,7.899904,victim
675,10/13/2025,4:37,Mobile App,Ongoing,TRUE,10/15/2025 0:00,10/16/2025 23:00,Lagos,Child Abuse,Critical,10,Female,Teacher,Shelter,I noticed a child in my neighbourhood with burns and bruises on different parts of her body. When I asked she said her father did it. I am very worried.,FALSE,,Lagos,high,gps,6.573165,13.1,3.333211,bystander
676,10/13/2025,4:50,Hotline,Ongoing,TRUE,10/14/2025 4:00,10/17/2025 3:00,Bauchi,Sexual Assault,High,56,Female,Relative,Shelter,I found my younger sister crying and she told me what happened to her. She does not want our parents to know. I am reporting because she needs help.,TRUE,10/14/2025 12:00,Bauchi,medium,manual_entry,10.352503,198.1,9.852068,bystander
677,10/14/2025,6:06,Dashboard,Ongoing,FALSE,10/15/2025 21:00,10/17/2025 0:00,Enugu,Sexual Assault,High,69,Female,Relative,Counseling,A colleague assaulted me after a work event. I kept quiet because he is my senior and I was afraid. I cannot keep this to myself anymore.,TRUE,10/15/2025 23:00,Enugu,medium,gps,6.452262,18.2,7.568926,victim
678,10/14/2025,21:39,Mobile App,Ongoing,FALSE,10/15/2025 23:00,10/17/2025 12:00,Port Harcourt,Harassment,Medium,10,Female,Employer,Medical Care,My friend has been showing me messages she is getting from someone who is threatening her. She is too embarrassed to report so I am doing it for her.,TRUE,10/16/2025 5:00,Port Harcourt,medium,gps,4.814267,29.9,7.087142,bystander
679,9/29/2025,23:22,Mobile App,Ongoing,FALSE,9/30/2025 16:00,10/3/2025 8:00,Kaduna,Domestic Violence,High,66,Female,Teacher,Counseling,He came home drunk and started hitting me. My children were watching. I am hiding with them in the backyard. Please come quickly.,TRUE,10/1/2025 3:00,Kaduna,high,gps,10.55057,27.1,7.408672,victim
680,10/15/2025,0:04,Hotline,Ongoing,FALSE,10/15/2025 19:00,10/16/2025 20:00,Lagos,Domestic Violence,High,27,Female,Employer,Shelter,"This has been happening for two years. I finally found the courage to report. He controls everything — money, movement. I need support to leave.",TRUE,10/15/2025 20:00,Lagos,low,manual_entry,6.502083,381.9,3.388435,victim
681,10/15/2025,7:56,Dashboard,Ongoing,FALSE,10/16/2025 3:00,10/18/2025 8:00,Abeokuta,Harassment,Low,55,Female,Partner,Counseling,Someone has been sending me explicit messages on social media and threatening to share my photos. I do not know what to do.,TRUE,10/16/2025 9:00,Abeokuta,medium,gps,7.188736,10.3,3.332966,victim
682,10/15/2025,23:35,Community Center,Closed,FALSE,10/15/2025 19:00,10/17/2025 4:00,Benin,Sexual Assault,Critical,8,Female,Relative,Counseling,I was drugged at a party and woke up realising something had happened to me. I am confused and scared. I do not know what to do or who to tell.,TRUE,10/15/2025 22:00,Benin,medium,manual_entry,6.347297,395.2,5.616856,victim
683,9/29/2025,3:08,Hotline,Closed,FALSE,9/29/2025 22:00,10/2/2025 1:00,Bauchi,Domestic Violence,High,22,Male,Employer,Medical Care,I have been beaten repeatedly by my partner. Tonight was the worst. I am at a neighbour's house right now. Please send help.,TRUE,9/30/2025 22:00,Bauchi,low,manual_entry,10.339111,424.4,9.807357,victim
684,10/16/2025,6:54,Community Center,Ongoing,FALSE,10/16/2025 22:00,10/19/2025 12:00,Enugu,Domestic Violence,Medium,61,Female,Teacher,Counseling,My colleague came to work today with a swollen eye. She said she fell but I do not believe her. I am reporting because I am concerned for her.,FALSE,,Enugu,low,manual_entry,6.479982,266.7,7.587303,bystander
685,9/21/2025,10:05,Community Center,Closed,FALSE,9/21/2025 22:00,9/24/2025 10:00,Port Harcourt,Others,Critical,24,Female,Guardian,Counseling,My elderly neighbour was beaten and robbed inside her compound. She is hospitalised now. I am reporting on her behalf as her family is being contacted.,TRUE,9/22/2025 12:00,Port Harcourt,low,manual_entry,4.783568,425.8,7.023554,bystander
686,9/27/2025,16:34,Dashboard,Closed,TRUE,9/28/2025 12:00,10/1/2025 9:00,Lagos,Domestic Violence,Critical,27,Female,Employer,Counseling,I live next door and I can hear screaming almost every night. Tonight I saw her running out with blood on her face. I called for help on her behalf.,TRUE,9/28/2025 13:00,Lagos,medium,gps,6.57154,13.3,3.347298,bystander
687,9/20/2025,16:51,Hotline,Ongoing,FALSE,9/20/2025 10:00,9/21/2025 22:00,Owerri,Harassment,Medium,44,Female,Neighbor,Legal Aid,Three boys from my street harass me every day on my way to school. They block my path and say terrible things. I cannot take it anymore.,FALSE,,Owerri,medium,manual_entry,5.519039,331.9,7.032528,victim
688,10/17/2025,3:46,Mobile App,Ongoing,FALSE,10/18/2025 15:00,10/20/2025 17:00,Onitsha,Sexual Assault,Critical,12,Female,Spouse,Legal Aid,My friend confided in me that she was assaulted by her boyfriend. She is too ashamed to report herself. I am reporting with her knowledge and permission.,TRUE,10/18/2025 17:00,Onitsha,high,gps,6.117523,22.6,6.824075,bystander
689,10/18/2025,7:02,Mobile App,Ongoing,FALSE,10/18/2025 18:00,10/20/2025 23:00,Bauchi,Domestic Violence,High,15,Female,Colleague,Shelter,I am a neighbour. The woman in the apartment beside mine has been coming out with bruises. She seems too afraid to report herself so I am doing it.,TRUE,10/18/2025 22:00,Bauchi,high,gps,10.310331,10.4,9.845682,bystander
690,10/12/2025,6:15,Dashboard,Ongoing,FALSE,10/12/2025 8:00,10/14/2025 8:00,Lagos,Domestic Violence,High,6,Male,Spouse,Legal Aid,"He threw me against the wall and broke my phone. I borrowed a neighbour's phone to report. I cannot go back home, it is not safe.",FALSE,,Lagos,high,gps,6.510323,16.1,3.388495,victim
691,10/20/2025,7:02,Hotline,Ongoing,FALSE,10/21/2025 9:00,10/22/2025 5:00,Lagos,Domestic Violence,Medium,39,Female,Partner,Counseling,He hit me again tonight. I managed to lock myself in the bathroom and call for help. This has been going on for months and I am scared for my life.,TRUE,10/21/2025 17:00,Lagos,medium,manual_entry,6.490752,399,3.368308,victim
692,10/20/2025,11:42,Dashboard,Ongoing,FALSE,10/21/2025 10:00,10/22/2025 3:00,Kaduna,Domestic Violence,Medium,7,Male,Spouse,Counseling,He hit me again tonight. I managed to lock myself in the bathroom and call for help. This has been going on for months and I am scared for my life.,TRUE,10/21/2025 11:00,Kaduna,medium,gps,10.557441,26.6,7.392313,victim
693,10/20/2025,11:49,Mobile App,Ongoing,FALSE,10/20/2025 20:00,10/21/2025 2:00,Enugu,Harassment,Medium,35,Female,Partner,Counseling,My supervisor has been making inappropriate comments about my body for weeks. Today he touched me without my consent. I feel unsafe at work.,TRUE,10/21/2025 6:00,Enugu,high,gps,6.474074,16.7,7.528919,victim
694,10/20/2025,15:30,Hotline,Ongoing,FALSE,10/21/2025 10:00,10/23/2025 2:00,Onitsha,Sexual Assault,Critical,18,Female,Teacher,Medical Care,I was drugged at a party and woke up realising something had happened to me. I am confused and scared. I do not know what to do or who to tell.,TRUE,10/21/2025 15:00,Onitsha,low,manual_entry,6.170147,194.4,6.750087,victim
695,10/20/2025,21:29,Hotline,Ongoing,FALSE,10/20/2025 18:00,10/23/2025 15:00,Owerri,Harassment,Medium,63,Female,Employer,Shelter,"I saw a group of men surrounding a young woman at the market, touching her and refusing to let her pass. She looked terrified. I am reporting on her behalf.",TRUE,10/21/2025 2:00,Owerri,medium,manual_entry,5.530582,117.2,7.028679,bystander
696,10/21/2025,8:41,Community Center,Ongoing,FALSE,10/21/2025 1:00,10/24/2025 1:00,Lagos,Domestic Violence,Critical,28,Female,Colleague,Shelter,My colleague came to work today with a swollen eye. She said she fell but I do not believe her. I am reporting because I am concerned for her.,TRUE,10/21/2025 5:00,Lagos,medium,manual_entry,6.498005,172,3.33655,bystander
697,10/21/2025,13:06,Community Center,Closed,FALSE,10/21/2025 16:00,10/22/2025 14:00,Ibadan,Harassment,Medium,24,Female,Teacher,Legal Aid,"A man followed me from the bus stop all the way to my street, making sexual remarks. I had to enter a shop to escape him. I am still shaking.",TRUE,10/21/2025 19:00,Ibadan,medium,manual_entry,7.344476,293.3,3.948977,victim
698,10/22/2025,7:59,Dashboard,Ongoing,TRUE,10/22/2025 2:00,10/24/2025 15:00,Abuja,Domestic Violence,Critical,16,Female,Relative,Legal Aid,I was passing by and saw a man dragging a woman by the hair into a house. She was crying. Other people just walked past. I had to report this.,FALSE,,Abuja,high,gps,9.0602,6.3,7.431488,bystander
699,10/22/2025,11:34,Community Center,Closed,FALSE,10/22/2025 12:00,10/24/2025 22:00,Ibadan,Harassment,Low,20,Female,Neighbor,Counseling,My landlord keeps coming to my room uninvited and making uncomfortable advances. I have asked him to stop but it has continued.,TRUE,10/23/2025 8:00,Ibadan,medium,manual_entry,7.370589,417.8,3.921871,victim
700,10/22/2025,18:55,Community Center,Closed,FALSE,10/23/2025 13:00,10/24/2025 6:00,Owerri,Sexual Assault,Critical,52,Female,Guardian,Medical Care,My roommate told me she was assaulted last week. She has been very withdrawn since then. I convinced her to let me report so she can get support.,TRUE,10/23/2025 16:00,Owerri,medium,manual_entry,5.495314,93.8,7.053978,bystander
701,10/22/2025,23:02,Community Center,Ongoing,TRUE,10/23/2025 7:00,10/24/2025 13:00,Lagos,Child Abuse,Critical,51,Female,Relative,Medical Care,A child came to my shop crying and said his guardian beats him regularly and does not feed him. He begged me to help him. I am reporting immediately.,FALSE,,Lagos,medium,manual_entry,6.491104,460.8,3.345962,bystander
702,10/23/2025,2:15,Mobile App,Ongoing,FALSE,10/24/2025 21:00,10/26/2025 16:00,Onitsha,Sexual Assault,Critical,68,Female,Spouse,Medical Care,A colleague assaulted me after a work event. I kept quiet because he is my senior and I was afraid. I cannot keep this to myself anymore.,FALSE,,Onitsha,high,gps,6.096467,17.2,6.81064,victim
703,10/23/2025,14:42,Mobile App,Ongoing,FALSE,10/23/2025 8:00,10/25/2025 5:00,Port Harcourt,Child Abuse,Critical,39,Female,Spouse,Legal Aid,My uncle has been touching me in ways that make me uncomfortable. I told my mother but she did not believe me. Please help me.,TRUE,10/23/2025 11:00,Port Harcourt,high,gps,4.83198,20.1,7.047263,victim
704,10/24/2025,4:23,Hotline,Ongoing,TRUE,10/25/2025 2:00,10/25/2025 16:00,Owerri,Harassment,Medium,33,Female,Employer,Legal Aid,A girl in my office has been visibly distressed. I found out she is being harassed by a senior colleague. She is afraid of losing her job so I am reporting.,TRUE,10/25/2025 13:00,Owerri,medium,manual_entry,5.518017,289.7,7.063867,bystander
705,10/24/2025,4:57,Dashboard,Ongoing,FALSE,10/24/2025 16:00,10/26/2025 0:00,Benin,Harassment,Medium,22,Female,Relative,Medical Care,A girl in my office has been visibly distressed. I found out she is being harassed by a senior colleague. She is afraid of losing her job so I am reporting.,TRUE,10/25/2025 0:00,Benin,high,gps,6.343535,10.2,5.640527,bystander
706,10/24/2025,20:08,Mobile App,Ongoing,TRUE,10/25/2025 13:00,10/27/2025 9:00,Abuja,Others,Medium,24,Female,Partner,Shelter,I witnessed a violent attack on a man near the motor park. The victim was seriously injured. I helped him to safety and I am now reporting the incident.,TRUE,10/25/2025 17:00,Abuja,medium,gps,9.047084,6.9,7.359792,bystander
707,10/25/2025,19:32,Hotline,Ongoing,FALSE,10/26/2025 14:00,10/29/2025 2:00,Onitsha,Domestic Violence,Critical,24,Female,Partner,Legal Aid,I live next door and I can hear screaming almost every night. Tonight I saw her running out with blood on her face. I called for help on her behalf.,TRUE,10/26/2025 16:00,Onitsha,low,manual_entry,6.119775,188.6,6.742709,bystander
708,10/25/2025,20:17,Dashboard,Ongoing,FALSE,10/26/2025 15:00,10/27/2025 5:00,Bauchi,Domestic Violence,High,25,Female,Colleague,Shelter,He hit me again tonight. I managed to lock myself in the bathroom and call for help. This has been going on for months and I am scared for my life.,TRUE,10/27/2025 1:00,Bauchi,high,gps,10.318917,13.2,9.887861,victim
709,10/26/2025,10:34,Community Center,Closed,FALSE,10/26/2025 14:00,10/27/2025 8:00,Kaduna,Harassment,Low,48,Female,Partner,Medical Care,My landlord keeps coming to my room uninvited and making uncomfortable advances. I have asked him to stop but it has continued.,TRUE,10/27/2025 9:00,Kaduna,low,manual_entry,10.464434,390.7,7.378711,victim
710,10/26/2025,13:04,Hotline,Closed,FALSE,10/27/2025 11:00,10/29/2025 1:00,Lagos,Harassment,Low,30,Male,Employer,Legal Aid,"I witnessed a man verbally abusing a woman at a bus stop, calling her terrible names. She was in tears. I followed up to make sure she was okay and she asked me to report.",TRUE,10/28/2025 0:00,Lagos,medium,manual_entry,6.51962,138,3.422588,bystander
711,10/26/2025,19:12,Hotline,Ongoing,FALSE,10/27/2025 13:00,10/29/2025 4:00,Kaduna,Domestic Violence,Medium,26,Female,Teacher,Legal Aid,"This has been happening for two years. I finally found the courage to report. He controls everything — money, movement. I need support to leave.",FALSE,,Kaduna,medium,manual_entry,10.492116,495.6,7.417223,victim
712,10/27/2025,5:23,Dashboard,Closed,FALSE,10/28/2025 9:00,10/30/2025 13:00,Ibadan,Sexual Assault,Critical,24,Female,Stranger,Shelter,I was attacked on my way home from work last night. A man I did not know forced himself on me. I am at my friend's place. I need help and medical attention.,TRUE,10/28/2025 14:00,Ibadan,high,gps,7.331657,14.2,3.911834,victim
713,10/27/2025,6:32,Hotline,Closed,TRUE,10/28/2025 22:00,10/31/2025 22:00,Bauchi,Sexual Assault,High,18,Male,Guardian,Shelter,A colleague assaulted me after a work event. I kept quiet because he is my senior and I was afraid. I cannot keep this to myself anymore.,TRUE,10/29/2025 10:00,Bauchi,medium,manual_entry,10.364463,439.6,9.890712,victim
714,10/27/2025,11:11,Mobile App,Ongoing,FALSE,10/28/2025 21:00,10/31/2025 0:00,Jos,Domestic Violence,High,25,Female,Employer,Legal Aid,He came home drunk and started hitting me. My children were watching. I am hiding with them in the backyard. Please come quickly.,TRUE,10/29/2025 9:00,Jos,high,gps,9.846994,15.9,8.903481,victim
715,10/27/2025,12:26,Community Center,Ongoing,FALSE,10/27/2025 12:00,10/30/2025 1:00,Lagos,Sexual Assault,Critical,18,Female,Spouse,Counseling,I was drugged at a party and woke up realising something had happened to me. I am confused and scared. I do not know what to do or who to tell.,TRUE,10/27/2025 21:00,Lagos,medium,manual_entry,6.538312,428,3.415992,victim
716,10/28/2025,9:02,Mobile App,Ongoing,FALSE,10/29/2025 19:00,10/30/2025 12:00,Owerri,Harassment,Medium,19,Female,Stranger,Shelter,A girl in my office has been visibly distressed. I found out she is being harassed by a senior colleague. She is afraid of losing her job so I am reporting.,TRUE,10/29/2025 21:00,Owerri,high,gps,5.479074,23,7.03486,bystander
717,10/28/2025,18:35,Mobile App,Ongoing,FALSE,10/28/2025 9:00,10/28/2025 20:00,Benin,Child Abuse,Critical,22,Female,Guardian,Counseling,I work at a clinic. A child was brought in with injuries that are inconsistent with the story the adult gave. I suspect the child is being abused.,TRUE,10/28/2025 16:00,Benin,medium,gps,6.333885,20.1,5.620386,bystander
718,10/29/2025,0:51,Mobile App,Ongoing,FALSE,10/29/2025 12:00,10/31/2025 23:00,Abeokuta,Domestic Violence,High,6,Female,Neighbor,Shelter,"He threw me against the wall and broke my phone. I borrowed a neighbour's phone to report. I cannot go back home, it is not safe.",TRUE,10/29/2025 21:00,Abeokuta,high,gps,7.111465,13.9,3.314897,victim
719,10/29/2025,5:03,Community Center,Ongoing,TRUE,10/30/2025 15:00,10/30/2025 16:00,Port Harcourt,Child Abuse,Critical,50,Female,Neighbor,Shelter,I noticed a child in my neighbourhood with burns and bruises on different parts of her body. When I asked she said her father did it. I am very worried.,TRUE,10/31/2025 3:00,Port Harcourt,medium,manual_entry,4.796393,234.9,7.070268,bystander
720,10/29/2025,12:31,Mobile App,Ongoing,TRUE,10/29/2025 3:00,10/31/2025 17:00,Abuja,Child Abuse,Critical,10,Female,Spouse,Medical Care,My teacher beats me with a cane almost every day for small mistakes. I have marks on my back and legs. I am afraid to go to school.,FALSE,,Abuja,high,gps,9.046685,29,7.415943,victim
721,10/30/2025,4:47,Dashboard,Ongoing,FALSE,10/31/2025 23:00,11/3/2025 19:00,Bauchi,Harassment,Medium,9,Female,Teacher,Counseling,Three boys from my street harass me every day on my way to school. They block my path and say terrible things. I cannot take it anymore.,FALSE,,Bauchi,high,gps,10.362791,16.6,9.80359,victim
722,10/30/2025,15:28,Hotline,Closed,FALSE,10/31/2025 16:00,11/1/2025 4:00,Owerri,Others,Medium,23,Female,Partner,Medical Care,I witnessed a violent attack on a man near the motor park. The victim was seriously injured. I helped him to safety and I am now reporting the incident.,TRUE,11/1/2025 0:00,Owerri,low,manual_entry,5.50086,357.8,7.027675,bystander
723,10/30/2025,16:29,Dashboard,Ongoing,FALSE,10/30/2025 22:00,11/2/2025 19:00,Abuja,Harassment,High,63,Female,Spouse,Legal Aid,A girl in my office has been visibly distressed. I found out she is being harassed by a senior colleague. She is afraid of losing her job so I am reporting.,FALSE,,Abuja,medium,gps,9.113314,27.7,7.366315,bystander
724,10/30/2025,20:49,Community Center,Ongoing,FALSE,10/30/2025 23:00,11/1/2025 13:00,Bauchi,Child Abuse,Critical,26,Female,Employer,Legal Aid,I noticed a child in my neighbourhood with burns and bruises on different parts of her body. When I asked she said her father did it. I am very worried.,TRUE,10/31/2025 0:00,Bauchi,medium,manual_entry,10.335063,377.1,9.878012,bystander
725,10/31/2025,2:23,Hotline,Ongoing,TRUE,11/1/2025 17:00,11/4/2025 6:00,Kaduna,Others,Medium,28,Female,Colleague,Legal Aid,I have been receiving death threats from people whose identity I do not fully know. I believe it is connected to a land dispute involving my family.,TRUE,11/2/2025 3:00,Kaduna,medium,manual_entry,10.554961,414,7.434825,victim
726,10/31/2025,21:52,Mobile App,Ongoing,FALSE,11/1/2025 8:00,11/1/2025 19:00,Owerri,Child Abuse,Critical,61,Female,Spouse,Shelter,I am a teacher. One of my students has been coming to school with visible injuries and seems very withdrawn. I suspect abuse at home.,TRUE,11/1/2025 10:00,Owerri,high,gps,5.483317,11.3,7.045085,bystander
727,11/2/2025,0:42,Dashboard,Ongoing,FALSE,11/2/2025 17:00,11/2/2025 19:00,Jos,Domestic Violence,High,45,Female,Relative,Legal Aid,I witnessed the man beating his wife in the compound. She fell down. She told me not to report but I am very worried about her safety.,FALSE,,Jos,medium,gps,9.93339,23.5,8.865361,bystander
728,11/2/2025,9:39,Mobile App,Closed,TRUE,11/2/2025 12:00,11/3/2025 22:00,Enugu,Harassment,Medium,16,Female,Guardian,Shelter,I have been receiving threatening messages from someone I rejected. He knows where I live and I am very scared.,TRUE,11/3/2025 11:00,Enugu,high,gps,6.411439,25,7.589495,victim
729,10/7/2025,13:32,Dashboard,Ongoing,FALSE,10/7/2025 6:00,10/8/2025 1:00,Ibadan,Harassment,Low,46,Female,Partner,Medical Care,Someone has been sending me explicit messages on social media and threatening to share my photos. I do not know what to do.,TRUE,10/7/2025 9:00,Ibadan,high,gps,7.396453,24.3,3.964651,victim
730,11/3/2025,2:13,Hotline,Ongoing,FALSE,11/4/2025 5:00,11/5/2025 3:00,Onitsha,Sexual Assault,High,54,Female,Neighbor,Legal Aid,I was attacked on my way home from work last night. A man I did not know forced himself on me. I am at my friend's place. I need help and medical attention.,TRUE,11/4/2025 17:00,Onitsha,low,manual_entry,6.114368,339,6.802889,victim
731,11/3/2025,23:31,Dashboard,Ongoing,FALSE,11/3/2025 11:00,11/5/2025 23:00,Ibadan,Harassment,Low,58,Female,Relative,Counseling,A girl in my office has been visibly distressed. I found out she is being harassed by a senior colleague. She is afraid of losing her job so I am reporting.,TRUE,11/3/2025 16:00,Ibadan,medium,gps,7.366886,10.8,3.962123,bystander
732,11/4/2025,4:33,Hotline,Ongoing,TRUE,11/4/2025 17:00,11/5/2025 12:00,Owerri,Sexual Assault,Critical,48,Female,Teacher,Counseling,My friend confided in me that she was assaulted by her boyfriend. She is too ashamed to report herself. I am reporting with her knowledge and permission.,TRUE,11/5/2025 0:00,Owerri,medium,manual_entry,5.444259,221.9,7.049085,bystander
733,11/4/2025,11:22,Mobile App,Ongoing,FALSE,11/4/2025 7:00,11/7/2025 4:00,Kano,Sexual Assault,Critical,53,Male,Spouse,Medical Care,A woman came to my door last night looking terrified. She said she had been assaulted nearby. I let her in and I am reporting on her behalf.,TRUE,11/4/2025 14:00,Kano,medium,gps,12.052141,26.5,8.546821,bystander
734,11/4/2025,12:55,Mobile App,Closed,FALSE,11/4/2025 18:00,11/5/2025 7:00,Kaduna,Sexual Assault,Critical,19,Female,Employer,Shelter,I was assaulted by someone I considered a friend. He threatened me not to tell anyone. I am finally speaking out because I cannot carry this alone.,TRUE,11/5/2025 3:00,Kaduna,high,gps,10.558217,16.5,7.407191,victim
735,11/5/2025,17:26,Hotline,Ongoing,FALSE,11/5/2025 13:00,11/8/2025 8:00,Onitsha,Domestic Violence,High,14,Male,Partner,Medical Care,He hit me again tonight. I managed to lock myself in the bathroom and call for help. This has been going on for months and I am scared for my life.,TRUE,11/6/2025 1:00,Onitsha,medium,manual_entry,6.179875,296.4,6.815239,victim
736,11/5/2025,19:15,Hotline,Closed,FALSE,11/5/2025 1:00,11/7/2025 6:00,Onitsha,Others,Critical,15,Female,Teacher,Medical Care,My elderly neighbour was beaten and robbed inside her compound. She is hospitalised now. I am reporting on her behalf as her family is being contacted.,TRUE,11/5/2025 5:00,Onitsha,medium,manual_entry,6.149502,208.2,6.810845,bystander
737,11/6/2025,6:36,Dashboard,Ongoing,TRUE,11/6/2025 13:00,11/6/2025 18:00,Kaduna,Domestic Violence,High,64,Female,Relative,Counseling,"This has been happening for two years. I finally found the courage to report. He controls everything — money, movement. I need support to leave.",TRUE,11/6/2025 15:00,Kaduna,medium,gps,10.548352,21.4,7.406914,victim
738,10/24/2025,19:43,Community Center,Closed,FALSE,10/25/2025 17:00,10/26/2025 9:00,Abeokuta,Sexual Assault,Critical,15,Female,Relative,Medical Care,A colleague assaulted me after a work event. I kept quiet because he is my senior and I was afraid. I cannot keep this to myself anymore.,TRUE,10/26/2025 16:00,Abeokuta,low,manual_entry,7.130203,435.4,3.378659,victim
739,11/8/2025,7:21,Community Center,Closed,FALSE,11/9/2025 19:00,11/10/2025 19:00,Owerri,Harassment,High,43,Male,Employer,Shelter,Someone has been sending me explicit messages on social media and threatening to share my photos. I do not know what to do.,TRUE,11/9/2025 23:00,Owerri,medium,manual_entry,5.514385,182.6,7.059529,victim
740,11/8/2025,16:05,Mobile App,Ongoing,FALSE,11/9/2025 6:00,11/10/2025 18:00,Kaduna,Domestic Violence,Medium,43,Female,Teacher,Medical Care,I witnessed the man beating his wife in the compound. She fell down. She told me not to report but I am very worried about her safety.,FALSE,,Kaduna,medium,gps,10.540281,24.2,7.410058,bystander
741,10/28/2025,17:50,Community Center,Ongoing,FALSE,10/28/2025 11:00,10/28/2025 21:00,Kaduna,Sexual Assault,Critical,26,Female,Teacher,Shelter,A woman came to my door last night looking terrified. She said she had been assaulted nearby. I let her in and I am reporting on her behalf.,TRUE,10/28/2025 12:00,Kaduna,medium,manual_entry,10.542283,498.2,7.378521,bystander
742,11/8/2025,22:16,Mobile App,Ongoing,FALSE,11/8/2025 12:00,11/10/2025 21:00,Kano,Domestic Violence,High,10,Male,Teacher,Counseling,My husband threatened to kill me if I told anyone. I have bruises on my arms and face. I left the house with my children and I need help urgently.,TRUE,11/8/2025 16:00,Kano,high,gps,12.006649,21.1,8.542576,victim
743,11/9/2025,3:03,Dashboard,Closed,FALSE,11/10/2025 11:00,11/12/2025 19:00,Ibadan,Harassment,Medium,48,Female,Partner,Counseling,"I saw a group of men surrounding a young woman at the market, touching her and refusing to let her pass. She looked terrified. I am reporting on her behalf.",TRUE,11/10/2025 18:00,Ibadan,high,gps,7.359959,27.8,3.933646,bystander
744,11/9/2025,4:04,Community Center,Closed,FALSE,11/9/2025 3:00,11/9/2025 13:00,Bauchi,Sexual Assault,Critical,40,Female,Teacher,Shelter,A colleague assaulted me after a work event. I kept quiet because he is my senior and I was afraid. I cannot keep this to myself anymore.,TRUE,11/9/2025 6:00,Bauchi,medium,manual_entry,10.305417,399.8,9.863747,victim
745,11/9/2025,19:19,Hotline,Ongoing,FALSE,11/9/2025 10:00,11/9/2025 11:00,Kaduna,Harassment,Medium,34,Male,Colleague,Counseling,A girl in my office has been visibly distressed. I found out she is being harassed by a senior colleague. She is afraid of losing her job so I am reporting.,FALSE,,Kaduna,medium,manual_entry,10.499356,118.2,7.411369,bystander
746,11/10/2025,20:56,Hotline,Closed,FALSE,11/11/2025 13:00,11/11/2025 14:00,Lagos,Others,Medium,46,Male,Stranger,Medical Care,I witnessed a violent attack on a man near the motor park. The victim was seriously injured. I helped him to safety and I am now reporting the incident.,TRUE,11/12/2025 6:00,Lagos,medium,manual_entry,6.498154,265.2,3.366525,bystander
747,11/11/2025,21:34,Community Center,Ongoing,FALSE,11/12/2025 11:00,11/13/2025 16:00,Kaduna,Child Abuse,Critical,21,Female,Relative,Shelter,I am a teacher. One of my students has been coming to school with visible injuries and seems very withdrawn. I suspect abuse at home.,TRUE,11/12/2025 23:00,Kaduna,medium,manual_entry,10.483227,104.5,7.37382,bystander
748,11/13/2025,2:09,Mobile App,Closed,TRUE,11/14/2025 20:00,11/16/2025 11:00,Kano,Harassment,Medium,11,Female,Colleague,Shelter,"I saw a group of men surrounding a young woman at the market, touching her and refusing to let her pass. She looked terrified. I am reporting on her behalf.",TRUE,11/15/2025 9:00,Kano,medium,gps,12.012545,7.3,8.608821,bystander
749,11/13/2025,12:38,Dashboard,Closed,TRUE,11/14/2025 6:00,11/15/2025 20:00,Abeokuta,Harassment,Low,63,Male,Neighbor,Legal Aid,My friend has been showing me messages she is getting from someone who is threatening her. She is too embarrassed to report so I am doing it for her.,TRUE,11/15/2025 3:00,Abeokuta,medium,gps,7.159449,6,3.358249,bystander
750,11/4/2025,18:02,Community Center,Ongoing,FALSE,11/4/2025 20:00,11/6/2025 22:00,Bauchi,Harassment,Medium,21,Male,Teacher,Counseling,My friend has been showing me messages she is getting from someone who is threatening her. She is too embarrassed to report so I am doing it for her.,FALSE,,Bauchi,medium,manual_entry,10.303779,268.9,9.880533,bystander
751,11/13/2025,18:16,Dashboard,Ongoing,FALSE,11/13/2025 9:00,11/13/2025 14:00,Port Harcourt,Domestic Violence,High,6,Female,Guardian,Shelter,"This has been happening for two years. I finally found the courage to report. He controls everything — money, movement. I need support to leave.",TRUE,11/13/2025 21:00,Port Harcourt,high,gps,4.817508,17.2,7.047718,victim
752,11/14/2025,6:18,Mobile App,Ongoing,FALSE,11/15/2025 18:00,11/17/2025 10:00,Abeokuta,Others,Critical,58,Male,Teacher,Medical Care,I have been receiving death threats from people whose identity I do not fully know. I believe it is connected to a land dispute involving my family.,TRUE,11/16/2025 2:00,Abeokuta,high,gps,7.100064,5.9,3.346025,victim
753,11/14/2025,13:33,Hotline,Closed,TRUE,11/15/2025 23:00,11/16/2025 5:00,Lagos,Child Abuse,Critical,49,Female,Spouse,Legal Aid,My teacher beats me with a cane almost every day for small mistakes. I have marks on my back and legs. I am afraid to go to school.,TRUE,11/16/2025 12:00,Lagos,medium,manual_entry,6.51242,473,3.369082,victim
754,11/14/2025,21:28,Mobile App,Ongoing,FALSE,11/14/2025 5:00,11/14/2025 10:00,Benin,Harassment,Low,54,Female,Stranger,Counseling,"A man followed me from the bus stop all the way to my street, making sexual remarks. I had to enter a shop to escape him. I am still shaking.",FALSE,,Benin,high,gps,6.343017,16.8,5.60706,victim
755,11/12/2025,22:32,Hotline,Ongoing,TRUE,11/13/2025 21:00,11/14/2025 14:00,Port Harcourt,Domestic Violence,Medium,51,Female,Partner,Legal Aid,"He threw me against the wall and broke my phone. I borrowed a neighbour's phone to report. I cannot go back home, it is not safe.",TRUE,11/14/2025 8:00,Port Harcourt,medium,manual_entry,4.826391,419.3,7.076288,victim
756,11/15/2025,15:11,Mobile App,Ongoing,TRUE,11/16/2025 16:00,11/17/2025 14:00,Uyo,Domestic Violence,High,67,Female,Stranger,Counseling,He hit me again tonight. I managed to lock myself in the bathroom and call for help. This has been going on for months and I am scared for my life.,FALSE,,Uyo,high,gps,5.068999,7.9,7.934612,victim
757,11/16/2025,8:14,Hotline,Ongoing,FALSE,11/16/2025 13:00,11/18/2025 20:00,Bauchi,Harassment,Medium,57,Female,Spouse,Counseling,I have been receiving threatening messages from someone I rejected. He knows where I live and I am very scared.,TRUE,11/17/2025 1:00,Bauchi,medium,manual_entry,10.361352,104.4,9.796023,victim
758,11/16/2025,9:23,Mobile App,Closed,TRUE,11/16/2025 14:00,11/16/2025 20:00,Port Harcourt,Others,Low,49,Female,Neighbor,Counseling,I was physically attacked by my former employer after I reported him for fraud. I have injuries and I fear for my safety.,TRUE,11/17/2025 9:00,Port Harcourt,high,gps,4.785178,8,7.000556,victim
759,11/16/2025,21:15,Dashboard,Ongoing,TRUE,11/16/2025 11:00,11/18/2025 11:00,Uyo,Sexual Assault,Critical,58,Female,Teacher,Counseling,I was assaulted by someone I considered a friend. He threatened me not to tell anyone. I am finally speaking out because I cannot carry this alone.,TRUE,11/16/2025 19:00,Uyo,medium,gps,5.052447,6,7.952603,victim
760,10/24/2025,2:49,Hotline,Closed,FALSE,10/25/2025 1:00,10/25/2025 22:00,Kaduna,Harassment,Medium,6,Female,Spouse,Legal Aid,My supervisor has been making inappropriate comments about my body for weeks. Today he touched me without my consent. I feel unsafe at work.,TRUE,10/25/2025 2:00,Kaduna,low,manual_entry,10.484848,52.9,7.459203,victim
761,11/18/2025,4:00,Mobile App,Ongoing,FALSE,11/19/2025 22:00,11/21/2025 11:00,Lagos,Domestic Violence,High,40,Male,Neighbor,Legal Aid,My colleague came to work today with a swollen eye. She said she fell but I do not believe her. I am reporting because I am concerned for her.,TRUE,11/20/2025 6:00,Lagos,high,gps,6.480427,8.6,3.422644,bystander
762,11/18/2025,6:28,Hotline,Closed,FALSE,11/19/2025 5:00,11/21/2025 10:00,Port Harcourt,Domestic Violence,High,31,Female,Partner,Legal Aid,My colleague came to work today with a swollen eye. She said she fell but I do not believe her. I am reporting because I am concerned for her.,TRUE,11/19/2025 13:00,Port Harcourt,low,manual_entry,4.800762,318.3,7.009942,bystander
763,11/18/2025,13:34,Hotline,Ongoing,FALSE,11/18/2025 6:00,11/19/2025 21:00,Lagos,Harassment,Medium,49,Female,Stranger,Medical Care,Three boys from my street harass me every day on my way to school. They block my path and say terrible things. I cannot take it anymore.,TRUE,11/18/2025 7:00,Lagos,low,manual_entry,6.522987,102.9,3.354878,victim
764,11/19/2025,4:56,Mobile App,Ongoing,FALSE,11/20/2025 0:00,11/22/2025 22:00,Jos,Others,High,53,Female,Guardian,Shelter,A group of people attacked me near my house and stole my belongings. I recognised one of them from the area. I am afraid they will come back.,TRUE,11/20/2025 8:00,Jos,medium,gps,9.874987,10.2,8.839029,victim
765,11/19/2025,9:42,Hotline,Ongoing,FALSE,11/19/2025 8:00,11/20/2025 4:00,Bauchi,Sexual Assault,High,38,Female,Neighbor,Counseling,I was attacked on my way home from work last night. A man I did not know forced himself on me. I am at my friend's place. I need help and medical attention.,TRUE,11/19/2025 16:00,Bauchi,low,manual_entry,10.346103,351.6,9.848116,victim
766,11/19/2025,13:51,Mobile App,Closed,TRUE,11/20/2025 18:00,11/22/2025 17:00,Abuja,Sexual Assault,Critical,34,Female,Employer,Counseling,My friend confided in me that she was assaulted by her boyfriend. She is too ashamed to report herself. I am reporting with her knowledge and permission.,TRUE,11/21/2025 4:00,Abuja,high,gps,9.057631,13.4,7.409633,bystander
767,11/19/2025,15:35,Dashboard,Ongoing,TRUE,11/19/2025 7:00,11/19/2025 14:00,Kano,Domestic Violence,Critical,25,Female,Spouse,Counseling,He hit me again tonight. I managed to lock myself in the bathroom and call for help. This has been going on for months and I am scared for my life.,FALSE,,Kano,high,gps,12.023815,17.1,8.569262,victim
768,11/20/2025,10:52,Hotline,Ongoing,FALSE,11/20/2025 16:00,11/23/2025 1:00,Kano,Child Abuse,Critical,65,Female,Relative,Counseling,The man my mother is staying with does bad things to me when she is not around. I do not know who else to tell.,TRUE,11/20/2025 22:00,Kano,medium,manual_entry,11.993555,153.5,8.554189,victim
769,11/21/2025,6:06,Hotline,Ongoing,FALSE,11/21/2025 15:00,11/22/2025 4:00,Owerri,Harassment,Low,48,Female,Guardian,Medical Care,My landlord keeps coming to my room uninvited and making uncomfortable advances. I have asked him to stop but it has continued.,TRUE,11/21/2025 22:00,Owerri,medium,manual_entry,5.451715,451.1,7.051412,victim
770,11/22/2025,20:29,Mobile App,Closed,FALSE,11/23/2025 14:00,11/26/2025 5:00,Abeokuta,Domestic Violence,High,16,Female,Employer,Medical Care,I am a neighbour. The woman in the apartment beside mine has been coming out with bruises. She seems too afraid to report herself so I am doing it.,TRUE,11/23/2025 16:00,Abeokuta,high,gps,7.115644,10.4,3.364416,bystander
771,11/23/2025,4:03,Community Center,Ongoing,TRUE,11/24/2025 1:00,11/26/2025 1:00,Kano,Sexual Assault,High,53,Female,Colleague,Counseling,I was drugged at a party and woke up realising something had happened to me. I am confused and scared. I do not know what to do or who to tell.,TRUE,11/24/2025 13:00,Kano,medium,manual_entry,12.023105,489,8.552688,victim
772,11/23/2025,10:04,Mobile App,Closed,FALSE,11/23/2025 9:00,11/23/2025 14:00,Ibadan,Domestic Violence,High,41,Female,Guardian,Shelter,I was passing by and saw a man dragging a woman by the hair into a house. She was crying. Other people just walked past. I had to report this.,TRUE,11/24/2025 8:00,Ibadan,high,gps,7.384231,8.4,3.922656,bystander
773,11/24/2025,11:22,Dashboard,Ongoing,TRUE,11/25/2025 3:00,11/26/2025 1:00,Owerri,Harassment,Medium,47,Female,Stranger,Legal Aid,Three boys from my street harass me every day on my way to school. They block my path and say terrible things. I cannot take it anymore.,FALSE,,Owerri,high,gps,5.529893,20.1,7.031655,victim
774,11/24/2025,17:45,Community Center,Ongoing,FALSE,11/25/2025 12:00,11/26/2025 18:00,Uyo,Child Abuse,Critical,13,Female,Neighbor,Counseling,I am a teacher. One of my students has been coming to school with visible injuries and seems very withdrawn. I suspect abuse at home.,TRUE,11/25/2025 21:00,Uyo,low,manual_entry,5.068299,316.2,7.917823,bystander
775,11/25/2025,12:38,Dashboard,Closed,FALSE,11/25/2025 1:00,11/27/2025 8:00,Kaduna,Harassment,Medium,23,Female,Colleague,Legal Aid,Three boys from my street harass me every day on my way to school. They block my path and say terrible things. I cannot take it anymore.,TRUE,11/26/2025 1:00,Kaduna,high,gps,10.464841,13.2,7.429815,victim
776,11/7/2025,16:51,Community Center,Closed,FALSE,11/7/2025 10:00,11/7/2025 11:00,Benin,Domestic Violence,Medium,28,Female,Stranger,Medical Care,"He threw me against the wall and broke my phone. I borrowed a neighbour's phone to report. I cannot go back home, it is not safe.",TRUE,11/8/2025 0:00,Benin,low,manual_entry,6.38014,496.1,5.613861,victim
777,11/25/2025,22:20,Dashboard,Closed,FALSE,11/26/2025 10:00,11/28/2025 13:00,Port Harcourt,Harassment,Low,8,Female,Spouse,Shelter,A girl in my office has been visibly distressed. I found out she is being harassed by a senior colleague. She is afraid of losing her job so I am reporting.,TRUE,11/27/2025 2:00,Port Harcourt,medium,gps,4.847519,25.5,7.088221,bystander
778,11/27/2025,1:28,Mobile App,Closed,FALSE,11/27/2025 16:00,11/28/2025 3:00,Kano,Harassment,Low,30,Female,Employer,Counseling,"A man followed me from the bus stop all the way to my street, making sexual remarks. I had to enter a shop to escape him. I am still shaking.",TRUE,11/28/2025 10:00,Kano,medium,gps,11.975008,23.3,8.563204,victim
779,11/27/2025,8:26,Community Center,Ongoing,TRUE,11/27/2025 23:00,11/29/2025 13:00,Uyo,Domestic Violence,High,22,Female,Teacher,Medical Care,My colleague came to work today with a swollen eye. She said she fell but I do not believe her. I am reporting because I am concerned for her.,TRUE,11/28/2025 1:00,Uyo,medium,manual_entry,5.048798,122.8,7.903903,bystander
780,11/28/2025,14:17,Hotline,Ongoing,FALSE,11/30/2025 0:00,11/30/2025 4:00,Owerri,Domestic Violence,High,51,Male,Teacher,Medical Care,I am a neighbour. The woman in the apartment beside mine has been coming out with bruises. She seems too afraid to report herself so I am doing it.,FALSE,,Owerri,low,manual_entry,5.517586,443.4,7.073302,bystander
781,11/29/2025,16:58,Mobile App,Ongoing,TRUE,11/30/2025 0:00,12/2/2025 12:00,Port Harcourt,Domestic Violence,Medium,35,Female,Neighbor,Legal Aid,My colleague came to work today with a swollen eye. She said she fell but I do not believe her. I am reporting because I am concerned for her.,FALSE,,Port Harcourt,medium,gps,4.800942,6.8,7.023487,bystander
782,11/29/2025,18:19,Hotline,Ongoing,FALSE,11/29/2025 3:00,11/30/2025 17:00,Abuja,Child Abuse,Critical,9,Female,Neighbor,Counseling,The man my mother is staying with does bad things to me when she is not around. I do not know who else to tell.,TRUE,11/29/2025 8:00,Abuja,low,manual_entry,9.104553,404.5,7.376081,victim
783,11/30/2025,20:45,Community Center,Closed,FALSE,12/2/2025 0:00,12/2/2025 8:00,Kano,Others,Critical,7,Female,Guardian,Counseling,I was physically attacked by my former employer after I reported him for fraud. I have injuries and I fear for my safety.,TRUE,12/2/2025 17:00,Kano,medium,manual_entry,12.034461,449.6,8.584374,victim
784,12/1/2025,14:12,Mobile App,Closed,TRUE,12/2/2025 0:00,12/4/2025 12:00,Port Harcourt,Harassment,High,37,Female,Spouse,Medical Care,Three boys from my street harass me every day on my way to school. They block my path and say terrible things. I cannot take it anymore.,TRUE,12/2/2025 20:00,Port Harcourt,high,gps,4.832355,9.4,7.009354,victim
785,12/2/2025,3:58,Mobile App,Closed,FALSE,12/3/2025 22:00,12/5/2025 1:00,Bauchi,Sexual Assault,Critical,10,Female,Guardian,Medical Care,I found my younger sister crying and she told me what happened to her. She does not want our parents to know. I am reporting because she needs help.,TRUE,12/4/2025 3:00,Bauchi,high,gps,10.328186,18.5,9.839377,bystander
786,12/2/2025,12:44,Dashboard,Closed,FALSE,12/4/2025 0:00,12/5/2025 5:00,Onitsha,Harassment,Low,52,Female,Neighbor,Counseling,"I witnessed a man verbally abusing a woman at a bus stop, calling her terrible names. She was in tears. I followed up to make sure she was okay and she asked me to report.",TRUE,12/4/2025 11:00,Onitsha,high,gps,6.151461,17.6,6.753801,bystander
787,12/3/2025,4:39,Hotline,Closed,FALSE,12/3/2025 4:00,12/3/2025 13:00,Port Harcourt,Others,High,33,Female,Employer,Shelter,I was physically attacked by my former employer after I reported him for fraud. I have injuries and I fear for my safety.,TRUE,12/3/2025 16:00,Port Harcourt,medium,manual_entry,4.839287,275.7,7.08608,victim
788,12/3/2025,20:14,Dashboard,Ongoing,FALSE,12/4/2025 22:00,12/7/2025 19:00,Port Harcourt,Harassment,Low,63,Female,Employer,Legal Aid,"A man followed me from the bus stop all the way to my street, making sexual remarks. I had to enter a shop to escape him. I am still shaking.",TRUE,12/5/2025 7:00,Port Harcourt,high,gps,4.787274,20.5,7.009371,victim
789,12/4/2025,1:31,Hotline,Closed,FALSE,12/5/2025 6:00,12/5/2025 18:00,Abeokuta,Domestic Violence,High,18,Female,Relative,Shelter,He hit me again tonight. I managed to lock myself in the bathroom and call for help. This has been going on for months and I am scared for my life.,TRUE,12/5/2025 9:00,Abeokuta,low,manual_entry,7.099864,179.8,3.376097,victim
790,12/4/2025,22:24,Hotline,Closed,FALSE,12/4/2025 11:00,12/5/2025 23:00,Owerri,Others,High,41,Female,Colleague,Counseling,Someone broke into my home while I was inside and threatened me. I escaped through a window. I am currently staying with a relative.,TRUE,12/4/2025 15:00,Owerri,medium,manual_entry,5.494309,117.7,7.03797,victim
791,11/30/2025,2:41,Hotline,Closed,FALSE,12/1/2025 17:00,12/1/2025 20:00,Uyo,Child Abuse,Critical,16,Male,Relative,Counseling,My neighbour's child came to our house at night crying and said her stepmother had beaten her and thrown her outside. She has marks on her body.,TRUE,12/2/2025 3:00,Uyo,low,manual_entry,5.010895,263.3,7.901891,bystander
792,11/6/2025,5:48,Mobile App,Ongoing,TRUE,11/8/2025 0:00,11/8/2025 3:00,Lagos,Harassment,Low,36,Female,Employer,Legal Aid,A girl in my office has been visibly distressed. I found out she is being harassed by a senior colleague. She is afraid of losing her job so I am reporting.,TRUE,11/8/2025 2:00,Lagos,high,gps,6.533848,25.9,3.378877,bystander
793,12/6/2025,8:10,Hotline,Ongoing,FALSE,12/7/2025 14:00,12/9/2025 10:00,Uyo,Harassment,Low,9,Female,Guardian,Shelter,I have been receiving threatening messages from someone I rejected. He knows where I live and I am very scared.,TRUE,12/7/2025 20:00,Uyo,medium,manual_entry,5.086479,256.1,7.876444,victim
794,12/6/2025,17:42,Dashboard,Closed,FALSE,12/6/2025 11:00,12/7/2025 21:00,Kano,Others,Low,50,Female,Relative,Shelter,A group of people attacked me near my house and stole my belongings. I recognised one of them from the area. I am afraid they will come back.,TRUE,12/6/2025 19:00,Kano,high,gps,12.021714,24.2,8.582432,victim
795,12/6/2025,22:35,Community Center,Closed,FALSE,12/6/2025 23:00,12/8/2025 12:00,Uyo,Child Abuse,Critical,70,Female,Neighbor,Counseling,A child came to my shop crying and said his guardian beats him regularly and does not feed him. He begged me to help him. I am reporting immediately.,TRUE,12/7/2025 14:00,Uyo,low,manual_entry,5.03052,370.3,7.93456,bystander
796,12/7/2025,0:27,Community Center,Closed,TRUE,12/7/2025 12:00,12/8/2025 8:00,Enugu,Sexual Assault,High,22,Female,Stranger,Shelter,A colleague assaulted me after a work event. I kept quiet because he is my senior and I was afraid. I cannot keep this to myself anymore.,TRUE,12/7/2025 18:00,Enugu,low,manual_entry,6.477644,497.2,7.595526,victim
797,12/7/2025,13:28,Hotline,Closed,TRUE,12/7/2025 17:00,12/9/2025 17:00,Bauchi,Child Abuse,Critical,15,Female,Employer,Counseling,A child came to my shop crying and said his guardian beats him regularly and does not feed him. He begged me to help him. I am reporting immediately.,TRUE,12/7/2025 23:00,Bauchi,low,manual_entry,10.278639,349.5,9.804611,bystander
798,11/28/2025,13:44,Hotline,Closed,FALSE,11/29/2025 0:00,12/1/2025 10:00,Owerri,Sexual Assault,Critical,7,Female,Partner,Shelter,A colleague assaulted me after a work event. I kept quiet because he is my senior and I was afraid. I cannot keep this to myself anymore.,TRUE,11/29/2025 18:00,Owerri,medium,manual_entry,5.506034,104.7,7.041139,victim
799,12/7/2025,20:07,Mobile App,Ongoing,FALSE,12/8/2025 8:00,12/9/2025 3:00,Abeokuta,Sexual Assault,High,29,Male,Guardian,Medical Care,A woman came to my door last night looking terrified. She said she had been assaulted nearby. I let her in and I am reporting on her behalf.,FALSE,,Abeokuta,high,gps,7.124916,5.1,3.319842,bystander
800,12/8/2025,17:01,Hotline,Ongoing,FALSE,12/9/2025 7:00,12/10/2025 21:00,Onitsha,Harassment,Low,14,Male,Spouse,Medical Care,"I witnessed a man verbally abusing a woman at a bus stop, calling her terrible names. She was in tears. I followed up to make sure she was okay and she asked me to report.",FALSE,,Onitsha,low,manual_entry,6.101366,409.8,6.826419,bystander
801,12/8/2025,17:43,Dashboard,Ongoing,FALSE,12/9/2025 21:00,12/10/2025 12:00,Benin,Domestic Violence,Critical,12,Female,Stranger,Medical Care,I have been beaten repeatedly by my partner. Tonight was the worst. I am at a neighbour's house right now. Please send help.,FALSE,,Benin,high,gps,6.304187,22,5.586037,victim
802,12/9/2025,12:10,Hotline,Ongoing,FALSE,12/9/2025 2:00,12/11/2025 6:00,Kano,Harassment,High,42,Female,Neighbor,Legal Aid,Three boys from my street harass me every day on my way to school. They block my path and say terrible things. I cannot take it anymore.,TRUE,12/9/2025 6:00,Kano,low,manual_entry,11.974866,196.9,8.5775,victim
803,12/9/2025,13:47,Mobile App,Ongoing,FALSE,12/10/2025 10:00,12/11/2025 15:00,Abuja,Harassment,High,23,Female,Neighbor,Counseling,"I saw a group of men surrounding a young woman at the market, touching her and refusing to let her pass. She looked terrified. I am reporting on her behalf.",FALSE,,Abuja,high,gps,9.033442,5.6,7.400506,bystander
804,12/9/2025,18:20,Mobile App,Ongoing,FALSE,12/10/2025 9:00,12/12/2025 12:00,Onitsha,Sexual Assault,High,22,Female,Stranger,Medical Care,My roommate told me she was assaulted last week. She has been very withdrawn since then. I convinced her to let me report so she can get support.,TRUE,12/10/2025 15:00,Onitsha,medium,gps,6.099561,28.6,6.817036,bystander
805,12/9/2025,21:20,Dashboard,Ongoing,TRUE,12/9/2025 10:00,12/11/2025 17:00,Port Harcourt,Harassment,Medium,17,Female,Employer,Counseling,"I saw a group of men surrounding a young woman at the market, touching her and refusing to let her pass. She looked terrified. I am reporting on her behalf.",TRUE,12/9/2025 16:00,Port Harcourt,high,gps,4.788971,13.8,7.053801,bystander
806,11/22/2025,7:32,Mobile App,Ongoing,FALSE,11/22/2025 14:00,11/24/2025 23:00,Abuja,Domestic Violence,High,9,Male,Guardian,Shelter,I was passing by and saw a man dragging a woman by the hair into a house. She was crying. Other people just walked past. I had to report this.,FALSE,,Abuja,high,gps,9.114508,12.2,7.413688,bystander
807,12/10/2025,19:39,Dashboard,Ongoing,FALSE,12/10/2025 9:00,12/10/2025 21:00,Lagos,Domestic Violence,High,24,Female,Employer,Medical Care,"This has been happening for two years. I finally found the courage to report. He controls everything — money, movement. I need support to leave.",TRUE,12/10/2025 14:00,Lagos,medium,gps,6.527696,29.7,3.361633,victim
808,12/10/2025,21:04,Community Center,Ongoing,FALSE,12/11/2025 1:00,12/11/2025 13:00,Owerri,Sexual Assault,High,20,Female,Neighbor,Shelter,I found my younger sister crying and she told me what happened to her. She does not want our parents to know. I am reporting because she needs help.,TRUE,12/11/2025 12:00,Owerri,medium,manual_entry,5.4669,128.7,7.050249,bystander
809,12/10/2025,23:45,Community Center,Closed,FALSE,12/10/2025 13:00,12/11/2025 13:00,Abeokuta,Domestic Violence,High,65,Female,Neighbor,Counseling,My colleague came to work today with a swollen eye. She said she fell but I do not believe her. I am reporting because I am concerned for her.,TRUE,12/11/2025 2:00,Abeokuta,medium,manual_entry,7.196914,69,3.378084,bystander
810,12/11/2025,8:36,Mobile App,Closed,FALSE,12/11/2025 20:00,12/14/2025 12:00,Benin,Domestic Violence,High,46,Female,Teacher,Legal Aid,My husband threatened to kill me if I told anyone. I have bruises on my arms and face. I left the house with my children and I need help urgently.,TRUE,12/12/2025 14:00,Benin,high,gps,6.340778,5.7,5.626765,victim
811,12/12/2025,6:14,Dashboard,Ongoing,FALSE,12/12/2025 17:00,12/14/2025 8:00,Abeokuta,Sexual Assault,Critical,39,Female,Employer,Medical Care,My roommate told me she was assaulted last week. She has been very withdrawn since then. I convinced her to let me report so she can get support.,FALSE,,Abeokuta,high,gps,7.144021,8.1,3.317914,bystander
812,11/15/2025,18:15,Hotline,Closed,FALSE,11/15/2025 12:00,11/18/2025 3:00,Ibadan,Domestic Violence,High,60,Female,Teacher,Medical Care,I was passing by and saw a man dragging a woman by the hair into a house. She was crying. Other people just walked past. I had to report this.,TRUE,11/16/2025 11:00,Ibadan,low,manual_entry,7.38373,103.7,3.992763,bystander
813,12/13/2025,4:46,Community Center,Closed,FALSE,12/13/2025 5:00,12/15/2025 4:00,Lagos,Domestic Violence,High,70,Male,Relative,Shelter,I live next door and I can hear screaming almost every night. Tonight I saw her running out with blood on her face. I called for help on her behalf.,TRUE,12/14/2025 0:00,Lagos,medium,manual_entry,6.49193,440.8,3.3982,bystander
814,12/13/2025,6:58,Dashboard,Ongoing,TRUE,12/14/2025 0:00,12/16/2025 18:00,Abuja,Sexual Assault,Critical,17,Female,Colleague,Counseling,My uncle assaulted me last weekend when everyone else had gone out. I could not scream. I have not been able to eat or sleep since then.,FALSE,,Abuja,high,gps,9.046593,9.1,7.402183,victim
815,12/13/2025,17:20,Hotline,Ongoing,TRUE,12/13/2025 21:00,12/16/2025 9:00,Ibadan,Harassment,Medium,53,Female,Partner,Shelter,A girl in my office has been visibly distressed. I found out she is being harassed by a senior colleague. She is afraid of losing her job so I am reporting.,FALSE,,Ibadan,low,manual_entry,7.337168,73.8,3.942037,bystander
816,12/15/2025,5:00,Community Center,Ongoing,FALSE,12/16/2025 17:00,12/18/2025 15:00,Abeokuta,Child Abuse,Critical,12,Female,Guardian,Shelter,My uncle has been touching me in ways that make me uncomfortable. I told my mother but she did not believe me. Please help me.,TRUE,12/16/2025 22:00,Abeokuta,low,manual_entry,7.173116,281.2,3.346657,victim
817,12/15/2025,8:43,Community Center,Closed,FALSE,12/16/2025 15:00,12/17/2025 13:00,Abeokuta,Domestic Violence,Critical,36,Female,Guardian,Shelter,I witnessed the man beating his wife in the compound. She fell down. She told me not to report but I am very worried about her safety.,TRUE,12/17/2025 9:00,Abeokuta,medium,manual_entry,7.163991,422.1,3.391445,bystander
818,12/15/2025,15:55,Dashboard,Closed,FALSE,12/16/2025 20:00,12/18/2025 19:00,Lagos,Others,High,16,Female,Partner,Shelter,A group of people attacked me near my house and stole my belongings. I recognised one of them from the area. I am afraid they will come back.,TRUE,12/17/2025 0:00,Lagos,high,gps,6.567118,25.6,3.352664,victim
819,12/15/2025,22:46,Dashboard,Ongoing,FALSE,12/16/2025 10:00,12/17/2025 23:00,Enugu,Child Abuse,Critical,5,Male,Guardian,Medical Care,My teacher beats me with a cane almost every day for small mistakes. I have marks on my back and legs. I am afraid to go to school.,TRUE,12/16/2025 18:00,Enugu,high,gps,6.448332,7.6,7.511642,victim
820,12/17/2025,6:25,Hotline,Closed,FALSE,12/17/2025 13:00,12/20/2025 13:00,Lagos,Harassment,Low,45,Female,Teacher,Legal Aid,My supervisor has been making inappropriate comments about my body for weeks. Today he touched me without my consent. I feel unsafe at work.,TRUE,12/18/2025 9:00,Lagos,low,manual_entry,6.573648,237.8,3.4219,victim
821,11/28/2025,11:09,Hotline,Closed,FALSE,11/28/2025 9:00,11/28/2025 12:00,Kaduna,Others,Critical,17,Female,Colleague,Shelter,My elderly neighbour was beaten and robbed inside her compound. She is hospitalised now. I am reporting on her behalf as her family is being contacted.,TRUE,11/29/2025 1:00,Kaduna,medium,manual_entry,10.514496,112.6,7.450703,bystander
822,12/17/2025,21:28,Dashboard,Ongoing,TRUE,12/17/2025 12:00,12/19/2025 3:00,Abeokuta,Harassment,Low,10,Male,Spouse,Shelter,I have been receiving threatening messages from someone I rejected. He knows where I live and I am very scared.,TRUE,12/17/2025 14:00,Abeokuta,medium,gps,7.149596,8.6,3.374259,victim
823,12/18/2025,3:38,Hotline,Ongoing,FALSE,12/18/2025 9:00,12/19/2025 12:00,Abeokuta,Domestic Violence,Medium,45,Female,Spouse,Legal Aid,I was passing by and saw a man dragging a woman by the hair into a house. She was crying. Other people just walked past. I had to report this.,TRUE,12/18/2025 11:00,Abeokuta,low,manual_entry,7.106412,85,3.387427,bystander
824,12/18/2025,6:08,Dashboard,Closed,TRUE,12/18/2025 3:00,12/19/2025 5:00,Kaduna,Harassment,High,24,Female,Stranger,Counseling,My landlord keeps coming to my room uninvited and making uncomfortable advances. I have asked him to stop but it has continued.,TRUE,12/18/2025 7:00,Kaduna,medium,gps,10.473271,17.8,7.449107,victim
825,11/29/2025,3:25,Hotline,Ongoing,FALSE,11/29/2025 8:00,11/30/2025 17:00,Port Harcourt,Others,Low,48,Female,Neighbor,Legal Aid,Someone broke into my home while I was inside and threatened me. I escaped through a window. I am currently staying with a relative.,TRUE,11/29/2025 13:00,Port Harcourt,low,manual_entry,4.843803,402.1,7.070674,victim
826,12/19/2025,10:19,Hotline,Ongoing,TRUE,12/19/2025 13:00,12/20/2025 13:00,Kaduna,Sexual Assault,Critical,13,Female,Colleague,Legal Aid,A woman came to my door last night looking terrified. She said she had been assaulted nearby. I let her in and I am reporting on her behalf.,TRUE,12/19/2025 14:00,Kaduna,medium,manual_entry,10.464116,477,7.396813,bystander
827,12/19/2025,13:03,Mobile App,Closed,FALSE,12/19/2025 11:00,12/22/2025 4:00,Onitsha,Sexual Assault,Critical,17,Female,Guardian,Shelter,I was assaulted by someone I considered a friend. He threatened me not to tell anyone. I am finally speaking out because I cannot carry this alone.,TRUE,12/20/2025 11:00,Onitsha,medium,gps,6.119111,19.3,6.773014,victim
828,12/19/2025,14:33,Dashboard,Ongoing,FALSE,12/19/2025 1:00,12/21/2025 21:00,Abeokuta,Sexual Assault,Critical,10,Female,Stranger,Legal Aid,I was attacked on my way home from work last night. A man I did not know forced himself on me. I am at my friend's place. I need help and medical attention.,TRUE,12/19/2025 5:00,Abeokuta,high,gps,7.106264,27.5,3.405596,victim
829,12/19/2025,20:58,Community Center,Closed,FALSE,12/19/2025 14:00,12/22/2025 7:00,Lagos,Domestic Violence,Critical,35,Female,Neighbor,Legal Aid,My husband threatened to kill me if I told anyone. I have bruises on my arms and face. I left the house with my children and I need help urgently.,TRUE,12/20/2025 13:00,Lagos,low,manual_entry,6.52978,247.8,3.359752,victim
830,12/18/2025,1:26,Mobile App,Closed,TRUE,12/18/2025 23:00,12/21/2025 0:00,Ibadan,Domestic Violence,High,34,Male,Teacher,Medical Care,I live next door and I can hear screaming almost every night. Tonight I saw her running out with blood on her face. I called for help on her behalf.,TRUE,12/19/2025 13:00,Ibadan,high,gps,7.367198,15.2,3.94172,bystander
831,12/20/2025,6:40,Mobile App,Ongoing,FALSE,12/21/2025 6:00,12/21/2025 21:00,Abeokuta,Domestic Violence,Critical,44,Female,Spouse,Medical Care,He hit me again tonight. I managed to lock myself in the bathroom and call for help. This has been going on for months and I am scared for my life.,TRUE,12/21/2025 14:00,Abeokuta,medium,gps,7.157559,12.2,3.363468,victim
832,11/26/2025,19:32,Dashboard,Ongoing,FALSE,11/26/2025 21:00,11/29/2025 13:00,Bauchi,Child Abuse,Critical,59,Female,Stranger,Medical Care,A child came to my shop crying and said his guardian beats him regularly and does not feed him. He begged me to help him. I am reporting immediately.,TRUE,11/27/2025 2:00,Bauchi,medium,gps,10.357739,12.8,9.843896,bystander
833,12/20/2025,22:28,Dashboard,Ongoing,TRUE,12/21/2025 12:00,12/23/2025 17:00,Bauchi,Harassment,Medium,27,Female,Spouse,Medical Care,"I witnessed a man verbally abusing a woman at a bus stop, calling her terrible names. She was in tears. I followed up to make sure she was okay and she asked me to report.",TRUE,12/21/2025 19:00,Bauchi,high,gps,10.365016,27.4,9.879342,bystander
834,12/17/2025,1:44,Hotline,Ongoing,FALSE,12/17/2025 12:00,12/17/2025 14:00,Enugu,Others,Low,9,Female,Employer,Shelter,I was robbed at gunpoint and the attacker hit me on the head before running away. I managed to get to safety but I am injured and still shaking.,FALSE,,Enugu,low,manual_entry,6.429251,228.4,7.58946,victim
835,12/21/2025,12:35,Mobile App,Ongoing,FALSE,12/21/2025 10:00,12/23/2025 13:00,Lagos,Sexual Assault,Critical,39,Female,Colleague,Medical Care,I was attacked on my way home from work last night. A man I did not know forced himself on me. I am at my friend's place. I need help and medical attention.,TRUE,12/21/2025 20:00,Lagos,medium,gps,6.486037,28.1,3.410945,victim
836,12/21/2025,15:25,Hotline,Ongoing,FALSE,12/22/2025 0:00,12/23/2025 2:00,Port Harcourt,Harassment,Low,64,Female,Stranger,Legal Aid,A girl in my office has been visibly distressed. I found out she is being harassed by a senior colleague. She is afraid of losing her job so I am reporting.,TRUE,12/22/2025 10:00,Port Harcourt,medium,manual_entry,4.803662,105.2,7.087597,bystander
837,12/2/2025,19:22,Hotline,Ongoing,FALSE,12/2/2025 18:00,12/4/2025 5:00,Lagos,Child Abuse,Critical,43,Female,Stranger,Legal Aid,My neighbour's child came to our house at night crying and said her stepmother had beaten her and thrown her outside. She has marks on her body.,FALSE,,Lagos,medium,manual_entry,6.561206,210.2,3.409793,bystander
838,12/20/2025,0:03,Community Center,Ongoing,TRUE,12/21/2025 9:00,12/22/2025 21:00,Bauchi,Sexual Assault,High,25,Male,Relative,Counseling,My uncle assaulted me last weekend when everyone else had gone out. I could not scream. I have not been able to eat or sleep since then.,TRUE,12/21/2025 17:00,Bauchi,medium,manual_entry,10.344803,270.2,9.824668,victim
839,11/26/2025,15:27,Dashboard,Closed,TRUE,11/26/2025 2:00,11/26/2025 15:00,Kano,Domestic Violence,High,21,Male,Relative,Medical Care,My husband threatened to kill me if I told anyone. I have bruises on my arms and face. I left the house with my children and I need help urgently.,TRUE,11/27/2025 2:00,Kano,high,gps,11.960292,17.5,8.582298,victim
840,12/24/2025,20:46,Dashboard,Ongoing,FALSE,12/25/2025 1:00,12/26/2025 19:00,Bauchi,Domestic Violence,Critical,17,Female,Guardian,Shelter,I was passing by and saw a man dragging a woman by the hair into a house. She was crying. Other people just walked past. I had to report this.,TRUE,12/25/2025 11:00,Bauchi,high,gps,10.283152,21.5,9.863695,bystander
841,12/27/2025,5:25,Mobile App,Closed,FALSE,12/27/2025 13:00,12/29/2025 3:00,Ibadan,Child Abuse,Critical,65,Female,Employer,Legal Aid,I work at a clinic. A child was brought in with injuries that are inconsistent with the story the adult gave. I suspect the child is being abused.,TRUE,12/28/2025 11:00,Ibadan,medium,gps,7.36211,11.5,3.994561,bystander
842,12/16/2025,9:00,Community Center,Ongoing,TRUE,12/17/2025 11:00,12/17/2025 14:00,Kaduna,Child Abuse,Critical,14,Female,Relative,Shelter,I am 14 years old. My father beats me and my siblings severely. He broke my arm last month. I need someone to help us.,FALSE,,Kaduna,medium,manual_entry,10.524597,446.1,7.448748,victim
843,12/27/2025,15:52,Hotline,Ongoing,FALSE,12/28/2025 5:00,12/29/2025 22:00,Lagos,Sexual Assault,Critical,18,Female,Neighbor,Counseling,I found my younger sister crying and she told me what happened to her. She does not want our parents to know. I am reporting because she needs help.,FALSE,,Lagos,low,manual_entry,6.487652,64.8,3.415401,bystander
844,12/28/2025,2:02,Mobile App,Ongoing,FALSE,12/29/2025 8:00,12/31/2025 16:00,Enugu,Harassment,Medium,46,Female,Neighbor,Counseling,A girl in my office has been visibly distressed. I found out she is being harassed by a senior colleague. She is afraid of losing her job so I am reporting.,TRUE,12/29/2025 20:00,Enugu,high,gps,6.500676,19.2,7.545106,bystander
845,12/28/2025,9:20,Mobile App,Ongoing,FALSE,12/29/2025 7:00,1/1/2026 7:00,Owerri,Child Abuse,Critical,48,Female,Relative,Medical Care,I work at a clinic. A child was brought in with injuries that are inconsistent with the story the adult gave. I suspect the child is being abused.,FALSE,,Owerri,high,gps,5.494225,11.6,7.059781,bystander
846,12/28/2025,11:00,Hotline,Ongoing,FALSE,12/29/2025 20:00,12/31/2025 18:00,Kaduna,Child Abuse,Critical,12,Female,Relative,Shelter,My teacher beats me with a cane almost every day for small mistakes. I have marks on my back and legs. I am afraid to go to school.,FALSE,,Kaduna,low,manual_entry,10.477984,62.7,7.416757,victim
847,12/28/2025,14:17,Dashboard,Ongoing,FALSE,12/29/2025 0:00,12/30/2025 21:00,Uyo,Child Abuse,Critical,26,Female,Colleague,Medical Care,I am 14 years old. My father beats me and my siblings severely. He broke my arm last month. I need someone to help us.,FALSE,,Uyo,medium,gps,5.027566,13.5,7.877437,victim
848,12/5/2025,20:10,Mobile App,Ongoing,FALSE,12/5/2025 23:00,12/7/2025 21:00,Abuja,Child Abuse,Critical,33,Female,Teacher,Medical Care,I work at a clinic. A child was brought in with injuries that are inconsistent with the story the adult gave. I suspect the child is being abused.,TRUE,12/6/2025 0:00,Abuja,high,gps,9.063253,10.9,7.355417,bystander
849,12/28/2025,20:30,Mobile App,Closed,TRUE,12/28/2025 6:00,12/28/2025 15:00,Abeokuta,Sexual Assault,High,19,Female,Colleague,Legal Aid,My friend confided in me that she was assaulted by her boyfriend. She is too ashamed to report herself. I am reporting with her knowledge and permission.,TRUE,12/28/2025 16:00,Abeokuta,high,gps,7.100081,5.5,3.325417,bystander
850,12/29/2025,8:44,Hotline,Closed,FALSE,12/30/2025 6:00,1/1/2026 13:00,Abeokuta,Domestic Violence,High,10,Male,Guardian,Shelter,My colleague came to work today with a swollen eye. She said she fell but I do not believe her. I am reporting because I am concerned for her.,TRUE,12/31/2025 1:00,Abeokuta,medium,manual_entry,7.193812,170,3.366853,bystander
851,12/30/2025,3:36,Hotline,Closed,FALSE,12/30/2025 2:00,12/31/2025 19:00,Bauchi,Domestic Violence,High,50,Male,Relative,Shelter,I live next door and I can hear screaming almost every night. Tonight I saw her running out with blood on her face. I called for help on her behalf.,TRUE,12/30/2025 15:00,Bauchi,medium,manual_entry,10.362382,307.6,9.83745,bystander
852,12/30/2025,9:14,Community Center,Ongoing,FALSE,12/31/2025 21:00,1/2/2026 0:00,Abeokuta,Harassment,Medium,47,Female,Spouse,Medical Care,"I witnessed a man verbally abusing a woman at a bus stop, calling her terrible names. She was in tears. I followed up to make sure she was okay and she asked me to report.",TRUE,1/1/2026 6:00,Abeokuta,medium,manual_entry,7.128682,125,3.362514,bystander
853,12/30/2025,16:10,Hotline,Closed,FALSE,12/31/2025 4:00,1/1/2026 6:00,Kano,Domestic Violence,High,23,Male,Spouse,Shelter,I have been beaten repeatedly by my partner. Tonight was the worst. I am at a neighbour's house right now. Please send help.,TRUE,12/31/2025 20:00,Kano,low,manual_entry,11.996151,428.2,8.552566,victim
854,12/30/2025,23:02,Mobile App,Ongoing,FALSE,12/30/2025 17:00,12/31/2025 0:00,Ibadan,Child Abuse,Critical,16,Female,Guardian,Shelter,My uncle has been touching me in ways that make me uncomfortable. I told my mother but she did not believe me. Please help me.,TRUE,12/31/2025 3:00,Ibadan,high,gps,7.391583,20.6,3.918604,victim
855,12/21/2025,10:58,Mobile App,Closed,TRUE,12/22/2025 14:00,12/24/2025 10:00,Kaduna,Sexual Assault,Critical,9,Female,Guardian,Shelter,I was drugged at a party and woke up realising something had happened to me. I am confused and scared. I do not know what to do or who to tell.,TRUE,12/22/2025 23:00,Kaduna,medium,gps,10.522459,16.9,7.43152,victim
856,12/18/2025,2:50,Dashboard,Ongoing,FALSE,12/18/2025 5:00,12/19/2025 20:00,Uyo,Domestic Violence,High,41,Female,Relative,Legal Aid,I was passing by and saw a man dragging a woman by the hair into a house. She was crying. Other people just walked past. I had to report this.,TRUE,12/18/2025 10:00,Uyo,medium,gps,5.002902,12.8,7.868935,bystander
857,1/1/2026,3:45,Mobile App,Closed,FALSE,1/1/2026 17:00,1/4/2026 11:00,Kaduna,Domestic Violence,High,13,Female,Spouse,Legal Aid,He came home drunk and started hitting me. My children were watching. I am hiding with them in the backyard. Please come quickly.,TRUE,1/2/2026 8:00,Kaduna,medium,gps,10.538576,9.5,7.41248,victim
858,1/2/2026,0:58,Mobile App,Ongoing,FALSE,1/3/2026 22:00,1/6/2026 17:00,Abeokuta,Domestic Violence,High,37,Female,Guardian,Shelter,I witnessed the man beating his wife in the compound. She fell down. She told me not to report but I am very worried about her safety.,FALSE,,Abeokuta,high,gps,7.103316,21.5,3.411387,bystander
859,1/2/2026,9:47,Mobile App,Closed,FALSE,1/3/2026 17:00,1/6/2026 14:00,Lagos,Others,Critical,44,Female,Colleague,Legal Aid,Someone broke into my home while I was inside and threatened me. I escaped through a window. I am currently staying with a relative.,TRUE,1/4/2026 13:00,Lagos,high,gps,6.480178,28.4,3.398704,victim
860,1/2/2026,10:50,Community Center,Ongoing,TRUE,1/2/2026 13:00,1/4/2026 12:00,Kaduna,Domestic Violence,High,30,Male,Neighbor,Shelter,I witnessed the man beating his wife in the compound. She fell down. She told me not to report but I am very worried about her safety.,TRUE,1/2/2026 17:00,Kaduna,medium,manual_entry,10.558868,429.9,7.390418,bystander
861,1/3/2026,5:05,Community Center,Closed,FALSE,1/3/2026 5:00,1/4/2026 8:00,Benin,Domestic Violence,High,67,Female,Guardian,Legal Aid,My colleague came to work today with a swollen eye. She said she fell but I do not believe her. I am reporting because I am concerned for her.,TRUE,1/3/2026 19:00,Benin,medium,manual_entry,6.299225,340.7,5.565838,bystander
862,1/3/2026,16:56,Community Center,Closed,TRUE,1/3/2026 16:00,1/5/2026 20:00,Lagos,Domestic Violence,Medium,27,Female,Neighbor,Legal Aid,I was passing by and saw a man dragging a woman by the hair into a house. She was crying. Other people just walked past. I had to report this.,TRUE,1/4/2026 0:00,Lagos,low,manual_entry,6.504728,62.5,3.339305,bystander
863,1/3/2026,22:56,Mobile App,Ongoing,FALSE,1/4/2026 8:00,1/7/2026 8:00,Kano,Sexual Assault,High,40,Male,Relative,Shelter,I found my younger sister crying and she told me what happened to her. She does not want our parents to know. I am reporting because she needs help.,FALSE,,Kano,high,gps,12.021416,10,8.548229,bystander
864,1/4/2026,3:30,Hotline,Ongoing,FALSE,1/4/2026 2:00,1/5/2026 12:00,Kaduna,Domestic Violence,High,30,Male,Guardian,Legal Aid,He came home drunk and started hitting me. My children were watching. I am hiding with them in the backyard. Please come quickly.,FALSE,,Kaduna,low,manual_entry,10.511442,339.9,7.46617,victim
865,1/5/2026,16:53,Dashboard,Closed,FALSE,1/6/2026 8:00,1/6/2026 11:00,Onitsha,Domestic Violence,Critical,43,Female,Partner,Legal Aid,I live next door and I can hear screaming almost every night. Tonight I saw her running out with blood on her face. I called for help on her behalf.,TRUE,1/6/2026 10:00,Onitsha,high,gps,6.174197,12.8,6.798522,bystander
866,1/6/2026,6:20,Mobile App,Ongoing,FALSE,1/7/2026 3:00,1/9/2026 2:00,Kano,Sexual Assault,High,38,Male,Colleague,Shelter,I was attacked on my way home from work last night. A man I did not know forced himself on me. I am at my friend's place. I need help and medical attention.,TRUE,1/7/2026 5:00,Kano,medium,gps,11.982825,26.1,8.60439,victim
867,1/6/2026,12:45,Community Center,Closed,FALSE,1/7/2026 13:00,1/10/2026 6:00,Bauchi,Domestic Violence,Critical,52,Female,Guardian,Shelter,My husband threatened to kill me if I told anyone. I have bruises on my arms and face. I left the house with my children and I need help urgently.,TRUE,1/7/2026 17:00,Bauchi,medium,manual_entry,10.318504,273.4,9.836808,victim
868,12/16/2025,13:26,Dashboard,Closed,FALSE,12/17/2025 15:00,12/18/2025 7:00,Port Harcourt,Domestic Violence,Medium,50,Female,Guardian,Legal Aid,"He threw me against the wall and broke my phone. I borrowed a neighbour's phone to report. I cannot go back home, it is not safe.",TRUE,12/18/2025 2:00,Port Harcourt,medium,gps,4.778671,23.4,7.08846,victim
869,1/7/2026,14:22,Mobile App,Ongoing,FALSE,1/7/2026 14:00,1/8/2026 9:00,Jos,Child Abuse,Critical,38,Female,Spouse,Legal Aid,I am 14 years old. My father beats me and my siblings severely. He broke my arm last month. I need someone to help us.,TRUE,1/7/2026 18:00,Jos,high,gps,9.891478,15.2,8.827762,victim
870,1/8/2026,2:28,Hotline,Ongoing,FALSE,1/9/2026 11:00,1/11/2026 11:00,Kano,Domestic Violence,High,45,Female,Partner,Shelter,I have been beaten repeatedly by my partner. Tonight was the worst. I am at a neighbour's house right now. Please send help.,TRUE,1/9/2026 13:00,Kano,medium,manual_entry,11.988976,263.7,8.583413,victim
871,1/9/2026,12:21,Dashboard,Closed,FALSE,1/9/2026 10:00,1/11/2026 9:00,Uyo,Domestic Violence,High,62,Female,Colleague,Shelter,He came home drunk and started hitting me. My children were watching. I am hiding with them in the backyard. Please come quickly.,TRUE,1/10/2026 2:00,Uyo,high,gps,5.070454,5.5,7.936161,victim
872,1/9/2026,18:55,Mobile App,Closed,FALSE,1/10/2026 19:00,1/11/2026 2:00,Kaduna,Child Abuse,Critical,55,Female,Teacher,Counseling,I am a teacher. One of my students has been coming to school with visible injuries and seems very withdrawn. I suspect abuse at home.,TRUE,1/11/2026 18:00,Kaduna,medium,gps,10.53743,11,7.367603,bystander
873,12/31/2025,21:32,Community Center,Closed,TRUE,1/1/2026 17:00,1/3/2026 16:00,Lagos,Sexual Assault,Critical,10,Female,Relative,Medical Care,My friend confided in me that she was assaulted by her boyfriend. She is too ashamed to report herself. I am reporting with her knowledge and permission.,TRUE,1/2/2026 15:00,Lagos,low,manual_entry,6.516015,435.9,3.377334,bystander
874,1/10/2026,7:16,Hotline,Ongoing,FALSE,1/11/2026 2:00,1/12/2026 11:00,Uyo,Harassment,Medium,5,Female,Guardian,Legal Aid,A girl in my office has been visibly distressed. I found out she is being harassed by a senior colleague. She is afraid of losing her job so I am reporting.,TRUE,1/11/2026 6:00,Uyo,low,manual_entry,4.989619,462.2,7.888781,bystander
875,1/3/2026,6:07,Mobile App,Ongoing,FALSE,1/3/2026 3:00,1/4/2026 15:00,Uyo,Sexual Assault,Critical,63,Female,Partner,Legal Aid,A woman came to my door last night looking terrified. She said she had been assaulted nearby. I let her in and I am reporting on her behalf.,FALSE,,Uyo,high,gps,5.063729,16.8,7.876511,bystander
876,1/11/2026,11:17,Hotline,Ongoing,FALSE,1/12/2026 22:00,1/15/2026 5:00,Benin,Sexual Assault,Critical,31,Female,Teacher,Legal Aid,I was drugged at a party and woke up realising something had happened to me. I am confused and scared. I do not know what to do or who to tell.,FALSE,,Benin,low,manual_entry,6.338531,364.3,5.57522,victim
877,1/11/2026,11:46,Community Center,Closed,FALSE,1/12/2026 3:00,1/15/2026 2:00,Abeokuta,Sexual Assault,Critical,59,Female,Employer,Legal Aid,A colleague assaulted me after a work event. I kept quiet because he is my senior and I was afraid. I cannot keep this to myself anymore.,TRUE,1/13/2026 3:00,Abeokuta,low,manual_entry,7.098712,392.9,3.33602,victim
878,1/11/2026,17:26,Dashboard,Ongoing,FALSE,1/12/2026 18:00,1/13/2026 12:00,Abeokuta,Sexual Assault,Critical,51,Female,Partner,Shelter,My uncle assaulted me last weekend when everyone else had gone out. I could not scream. I have not been able to eat or sleep since then.,TRUE,1/12/2026 22:00,Abeokuta,high,gps,7.195087,19.4,3.392054,victim
879,1/12/2026,21:50,Mobile App,Closed,FALSE,1/12/2026 16:00,1/15/2026 11:00,Kaduna,Child Abuse,Critical,21,Male,Stranger,Counseling,I am a teacher. One of my students has been coming to school with visible injuries and seems very withdrawn. I suspect abuse at home.,TRUE,1/13/2026 15:00,Kaduna,medium,gps,10.556458,24.1,7.415285,bystander
880,1/13/2026,14:14,Hotline,Closed,TRUE,1/14/2026 5:00,1/16/2026 19:00,Onitsha,Harassment,Medium,59,Male,Guardian,Shelter,"I witnessed a man verbally abusing a woman at a bus stop, calling her terrible names. She was in tears. I followed up to make sure she was okay and she asked me to report.",TRUE,1/15/2026 5:00,Onitsha,low,manual_entry,6.103774,359.4,6.791796,bystander
881,1/13/2026,14:44,Mobile App,Ongoing,FALSE,1/13/2026 13:00,1/14/2026 0:00,Ibadan,Sexual Assault,Critical,18,Female,Colleague,Legal Aid,I was attacked on my way home from work last night. A man I did not know forced himself on me. I am at my friend's place. I need help and medical attention.,TRUE,1/13/2026 16:00,Ibadan,high,gps,7.372938,28.6,3.981436,victim
882,1/4/2026,16:34,Community Center,Closed,FALSE,1/4/2026 2:00,1/7/2026 2:00,Onitsha,Sexual Assault,Critical,65,Female,Partner,Medical Care,I found my younger sister crying and she told me what happened to her. She does not want our parents to know. I am reporting because she needs help.,TRUE,1/4/2026 23:00,Onitsha,low,manual_entry,6.102608,458.1,6.785824,bystander
883,1/11/2026,2:44,Hotline,Closed,FALSE,1/11/2026 17:00,1/12/2026 15:00,Kaduna,Sexual Assault,Critical,20,Female,Guardian,Medical Care,I was attacked on my way home from work last night. A man I did not know forced himself on me. I am at my friend's place. I need help and medical attention.,TRUE,1/11/2026 19:00,Kaduna,medium,manual_entry,10.475505,320.2,7.398968,victim
884,12/16/2025,19:39,Mobile App,Ongoing,TRUE,12/17/2025 0:00,12/17/2025 22:00,Kaduna,Domestic Violence,High,26,Female,Partner,Shelter,I was passing by and saw a man dragging a woman by the hair into a house. She was crying. Other people just walked past. I had to report this.,FALSE,,Kaduna,medium,gps,10.534236,18.1,7.414102,bystander
885,1/13/2026,7:45,Dashboard,Closed,TRUE,1/13/2026 8:00,1/14/2026 13:00,Abeokuta,Domestic Violence,Medium,40,Female,Spouse,Counseling,I was passing by and saw a man dragging a woman by the hair into a house. She was crying. Other people just walked past. I had to report this.,TRUE,1/14/2026 7:00,Abeokuta,high,gps,7.135089,12.2,3.351348,bystander
886,1/16/2026,9:33,Community Center,Ongoing,FALSE,1/16/2026 9:00,1/18/2026 17:00,Enugu,Harassment,Low,23,Female,Teacher,Shelter,My landlord keeps coming to my room uninvited and making uncomfortable advances. I have asked him to stop but it has continued.,FALSE,,Enugu,medium,manual_entry,6.454345,377,7.574902,victim
887,1/16/2026,22:43,Dashboard,Ongoing,TRUE,1/16/2026 12:00,1/18/2026 17:00,Onitsha,Domestic Violence,Critical,24,Male,Guardian,Counseling,I am a neighbour. The woman in the apartment beside mine has been coming out with bruises. She seems too afraid to report herself so I am doing it.,FALSE,,Onitsha,high,gps,6.182008,10.9,6.832533,bystander
888,1/17/2026,13:54,Community Center,Ongoing,TRUE,1/18/2026 0:00,1/20/2026 11:00,Jos,Domestic Violence,High,34,Female,Neighbor,Legal Aid,I am a neighbour. The woman in the apartment beside mine has been coming out with bruises. She seems too afraid to report herself so I am doing it.,TRUE,1/18/2026 8:00,Jos,medium,manual_entry,9.92519,488.5,8.839841,bystander
889,12/25/2025,14:51,Dashboard,Ongoing,FALSE,12/26/2025 22:00,12/29/2025 0:00,Owerri,Child Abuse,Critical,35,Female,Partner,Counseling,My uncle has been touching me in ways that make me uncomfortable. I told my mother but she did not believe me. Please help me.,FALSE,,Owerri,high,gps,5.502413,6.8,7.02706,victim
890,1/17/2026,19:42,Mobile App,Closed,FALSE,1/17/2026 22:00,1/19/2026 5:00,Lagos,Domestic Violence,High,30,Male,Relative,Counseling,He hit me again tonight. I managed to lock myself in the bathroom and call for help. This has been going on for months and I am scared for my life.,TRUE,1/18/2026 14:00,Lagos,medium,gps,6.499867,28.5,3.413287,victim
891,1/10/2026,23:09,Mobile App,Ongoing,FALSE,1/10/2026 17:00,1/13/2026 10:00,Abeokuta,Child Abuse,Critical,38,Female,Guardian,Shelter,My teacher beats me with a cane almost every day for small mistakes. I have marks on my back and legs. I am afraid to go to school.,TRUE,1/10/2026 22:00,Abeokuta,medium,gps,7.101343,14.3,3.402076,victim
892,1/18/2026,7:38,Mobile App,Ongoing,FALSE,1/18/2026 17:00,1/19/2026 15:00,Bauchi,Domestic Violence,High,57,Male,Partner,Shelter,I am a neighbour. The woman in the apartment beside mine has been coming out with bruises. She seems too afraid to report herself so I am doing it.,TRUE,1/18/2026 23:00,Bauchi,high,gps,10.311948,7.2,9.85792,bystander
893,1/19/2026,1:23,Mobile App,Ongoing,FALSE,1/19/2026 17:00,1/20/2026 8:00,Kano,Domestic Violence,High,41,Female,Spouse,Counseling,I witnessed the man beating his wife in the compound. She fell down. She told me not to report but I am very worried about her safety.,TRUE,1/19/2026 20:00,Kano,high,gps,12.018135,23.7,8.631512,bystander
894,12/21/2025,15:47,Mobile App,Ongoing,FALSE,12/21/2025 17:00,12/23/2025 3:00,Abuja,Sexual Assault,Critical,22,Male,Neighbor,Medical Care,I found my younger sister crying and she told me what happened to her. She does not want our parents to know. I am reporting because she needs help.,TRUE,12/22/2025 0:00,Abuja,high,gps,9.090167,23.4,7.409993,bystander
895,1/19/2026,18:47,Dashboard,Ongoing,TRUE,1/20/2026 12:00,1/22/2026 21:00,Abuja,Harassment,Medium,36,Female,Stranger,Legal Aid,My friend has been showing me messages she is getting from someone who is threatening her. She is too embarrassed to report so I am doing it for her.,TRUE,1/20/2026 15:00,Abuja,high,gps,9.033165,5.9,7.400441,bystander
896,1/19/2026,20:50,Mobile App,Ongoing,TRUE,1/20/2026 22:00,1/23/2026 10:00,Kaduna,Sexual Assault,Critical,21,Female,Stranger,Medical Care,My roommate told me she was assaulted last week. She has been very withdrawn since then. I convinced her to let me report so she can get support.,TRUE,1/21/2026 6:00,Kaduna,high,gps,10.475517,29.7,7.440243,bystander
897,1/20/2026,6:52,Community Center,Ongoing,FALSE,1/21/2026 8:00,1/21/2026 23:00,Lagos,Domestic Violence,High,22,Female,Teacher,Shelter,I have been beaten repeatedly by my partner. Tonight was the worst. I am at a neighbour's house right now. Please send help.,FALSE,,Lagos,low,manual_entry,6.525622,207.3,3.397223,victim
898,1/20/2026,11:03,Mobile App,Ongoing,FALSE,1/20/2026 12:00,1/21/2026 10:00,Port Harcourt,Sexual Assault,High,27,Male,Spouse,Counseling,I was assaulted by someone I considered a friend. He threatened me not to tell anyone. I am finally speaking out because I cannot carry this alone.,FALSE,,Port Harcourt,medium,gps,4.769767,27.3,7.008279,victim
899,1/21/2026,11:13,Hotline,Ongoing,TRUE,1/21/2026 1:00,1/23/2026 21:00,Abeokuta,Domestic Violence,High,56,Female,Employer,Shelter,I live next door and I can hear screaming almost every night. Tonight I saw her running out with blood on her face. I called for help on her behalf.,FALSE,,Abeokuta,low,manual_entry,7.169132,160.8,3.319108,bystander
900,1/22/2026,20:37,Community Center,Ongoing,TRUE,1/22/2026 22:00,1/23/2026 2:00,Kaduna,Sexual Assault,High,26,Female,Relative,Medical Care,I was drugged at a party and woke up realising something had happened to me. I am confused and scared. I do not know what to do or who to tell.,TRUE,1/23/2026 9:00,Kaduna,medium,manual_entry,10.467626,315.7,7.367711,victim
901,1/23/2026,14:26,Dashboard,Ongoing,FALSE,1/23/2026 10:00,1/23/2026 14:00,Port Harcourt,Sexual Assault,High,18,Female,Neighbor,Shelter,My friend confided in me that she was assaulted by her boyfriend. She is too ashamed to report herself. I am reporting with her knowledge and permission.,TRUE,1/23/2026 22:00,Port Harcourt,high,gps,4.86125,20.7,7.073551,bystander
902,12/27/2025,18:35,Community Center,Ongoing,FALSE,12/27/2025 22:00,12/28/2025 4:00,Port Harcourt,Sexual Assault,High,43,Female,Colleague,Legal Aid,I was drugged at a party and woke up realising something had happened to me. I am confused and scared. I do not know what to do or who to tell.,TRUE,12/28/2025 6:00,Port Harcourt,low,manual_entry,4.800925,145.1,7.029454,victim
903,1/24/2026,0:41,Dashboard,Ongoing,FALSE,1/24/2026 21:00,1/25/2026 5:00,Enugu,Domestic Violence,Medium,66,Female,Stranger,Medical Care,I witnessed the man beating his wife in the compound. She fell down. She told me not to report but I am very worried about her safety.,FALSE,,Enugu,medium,gps,6.44337,14.5,7.573865,bystander
904,1/25/2026,1:55,Community Center,Ongoing,FALSE,1/25/2026 12:00,1/26/2026 19:00,Enugu,Harassment,Low,17,Female,Neighbor,Shelter,"A man followed me from the bus stop all the way to my street, making sexual remarks. I had to enter a shop to escape him. I am still shaking.",FALSE,,Enugu,low,manual_entry,6.474537,59.2,7.51492,victim
905,1/25/2026,17:00,Hotline,Ongoing,TRUE,1/26/2026 1:00,1/28/2026 5:00,Abuja,Others,Medium,50,Male,Colleague,Medical Care,My elderly neighbour was beaten and robbed inside her compound. She is hospitalised now. I am reporting on her behalf as her family is being contacted.,TRUE,1/26/2026 12:00,Abuja,medium,manual_entry,9.043911,270.9,7.35844,bystander
906,1/25/2026,22:57,Mobile App,Ongoing,FALSE,1/26/2026 20:00,1/27/2026 13:00,Lagos,Domestic Violence,Medium,25,Female,Colleague,Legal Aid,I was passing by and saw a man dragging a woman by the hair into a house. She was crying. Other people just walked past. I had to report this.,TRUE,1/26/2026 22:00,Lagos,medium,gps,6.54043,10,3.405637,bystander
907,1/26/2026,1:22,Community Center,Ongoing,TRUE,1/27/2026 7:00,1/28/2026 18:00,Lagos,Sexual Assault,High,59,Female,Neighbor,Counseling,A colleague assaulted me after a work event. I kept quiet because he is my senior and I was afraid. I cannot keep this to myself anymore.,TRUE,1/27/2026 14:00,Lagos,medium,manual_entry,6.500905,414.9,3.331294,victim
908,1/26/2026,5:55,Mobile App,Ongoing,FALSE,1/27/2026 17:00,1/30/2026 0:00,Abuja,Others,High,15,Female,Guardian,Legal Aid,I was physically attacked by my former employer after I reported him for fraud. I have injuries and I fear for my safety.,TRUE,1/28/2026 2:00,Abuja,high,gps,9.034717,21.9,7.445386,victim
909,1/27/2026,16:10,Dashboard,Ongoing,FALSE,1/28/2026 10:00,1/31/2026 6:00,Kano,Others,High,34,Male,Employer,Counseling,I have been receiving death threats from people whose identity I do not fully know. I believe it is connected to a land dispute involving my family.,TRUE,1/28/2026 18:00,Kano,high,gps,11.981744,12.5,8.618922,victim
910,1/28/2026,2:23,Hotline,Closed,FALSE,1/28/2026 16:00,1/31/2026 11:00,Uyo,Domestic Violence,High,28,Male,Employer,Counseling,"This has been happening for two years. I finally found the courage to report. He controls everything — money, movement. I need support to leave.",TRUE,1/29/2026 6:00,Uyo,low,manual_entry,5.050166,297.9,7.900994,victim
911,1/28/2026,5:17,Community Center,Closed,FALSE,1/28/2026 7:00,1/31/2026 1:00,Bauchi,Sexual Assault,High,39,Male,Relative,Counseling,A woman came to my door last night looking terrified. She said she had been assaulted nearby. I let her in and I am reporting on her behalf.,TRUE,1/28/2026 21:00,Bauchi,medium,manual_entry,10.286369,347.4,9.806339,bystander
912,1/28/2026,5:34,Hotline,Closed,TRUE,1/28/2026 17:00,1/29/2026 4:00,Abeokuta,Child Abuse,Critical,32,Female,Stranger,Shelter,I am 14 years old. My father beats me and my siblings severely. He broke my arm last month. I need someone to help us.,TRUE,1/29/2026 10:00,Abeokuta,medium,manual_entry,7.159001,130.8,3.389363,victim
913,1/28/2026,15:56,Hotline,Closed,FALSE,1/28/2026 3:00,1/28/2026 14:00,Kano,Domestic Violence,High,46,Female,Colleague,Medical Care,I was passing by and saw a man dragging a woman by the hair into a house. She was crying. Other people just walked past. I had to report this.,TRUE,1/28/2026 17:00,Kano,medium,manual_entry,12.01659,191.3,8.59503,bystander
914,1/29/2026,16:01,Hotline,Ongoing,TRUE,1/30/2026 16:00,2/1/2026 2:00,Bauchi,Child Abuse,Critical,36,Female,Partner,Counseling,I noticed a child in my neighbourhood with burns and bruises on different parts of her body. When I asked she said her father did it. I am very worried.,TRUE,1/30/2026 19:00,Bauchi,low,manual_entry,10.269995,386.2,9.891049,bystander
915,1/30/2026,12:30,Dashboard,Ongoing,TRUE,1/31/2026 4:00,2/3/2026 1:00,Benin,Domestic Violence,Medium,43,Female,Partner,Medical Care,I was passing by and saw a man dragging a woman by the hair into a house. She was crying. Other people just walked past. I had to report this.,TRUE,1/31/2026 11:00,Benin,high,gps,6.364871,21.4,5.582982,bystander
916,1/1/2026,15:48,Community Center,Closed,FALSE,1/2/2026 19:00,1/5/2026 10:00,Owerri,Sexual Assault,High,28,Female,Teacher,Shelter,A woman came to my door last night looking terrified. She said she had been assaulted nearby. I let her in and I am reporting on her behalf.,TRUE,1/3/2026 5:00,Owerri,medium,manual_entry,5.531597,360.8,7.043488,bystander
917,1/31/2026,8:18,Dashboard,Closed,TRUE,1/31/2026 6:00,1/31/2026 23:00,Uyo,Others,High,24,Female,Stranger,Counseling,I was robbed at gunpoint and the attacker hit me on the head before running away. I managed to get to safety but I am injured and still shaking.,TRUE,1/31/2026 11:00,Uyo,high,gps,5.045942,25.4,7.937607,victim
918,1/31/2026,9:47,Community Center,Closed,TRUE,1/31/2026 14:00,2/3/2026 4:00,Lagos,Harassment,Medium,48,Female,Stranger,Medical Care,My supervisor has been making inappropriate comments about my body for weeks. Today he touched me without my consent. I feel unsafe at work.,TRUE,2/1/2026 11:00,Lagos,low,manual_entry,6.555577,246.1,3.394848,victim
919,2/1/2026,17:43,Dashboard,Ongoing,TRUE,2/1/2026 20:00,2/4/2026 8:00,Onitsha,Sexual Assault,High,40,Male,Partner,Counseling,My roommate told me she was assaulted last week. She has been very withdrawn since then. I convinced her to let me report so she can get support.,TRUE,2/2/2026 3:00,Onitsha,high,gps,6.10561,27.6,6.770827,bystander
920,2/1/2026,20:02,Community Center,Ongoing,FALSE,2/2/2026 7:00,2/2/2026 10:00,Jos,Child Abuse,Critical,51,Female,Neighbor,Shelter,I noticed a child in my neighbourhood with burns and bruises on different parts of her body. When I asked she said her father did it. I am very worried.,FALSE,,Jos,low,manual_entry,9.939308,182.7,8.830762,bystander
921,2/1/2026,23:37,Mobile App,Ongoing,FALSE,2/1/2026 22:00,2/2/2026 0:00,Abeokuta,Harassment,Medium,45,Female,Partner,Shelter,"I saw a group of men surrounding a young woman at the market, touching her and refusing to let her pass. She looked terrified. I am reporting on her behalf.",TRUE,2/2/2026 10:00,Abeokuta,high,gps,7.134717,26.2,3.355108,bystander
922,2/2/2026,6:03,Mobile App,Ongoing,FALSE,2/3/2026 8:00,2/5/2026 12:00,Port Harcourt,Harassment,Medium,67,Female,Spouse,Counseling,My friend has been showing me messages she is getting from someone who is threatening her. She is too embarrassed to report so I am doing it for her.,TRUE,2/3/2026 18:00,Port Harcourt,medium,gps,4.80954,27.6,7.061094,bystander
923,2/2/2026,15:29,Dashboard,Ongoing,FALSE,2/3/2026 22:00,2/4/2026 6:00,Port Harcourt,Domestic Violence,High,57,Female,Neighbor,Medical Care,I was passing by and saw a man dragging a woman by the hair into a house. She was crying. Other people just walked past. I had to report this.,TRUE,2/4/2026 5:00,Port Harcourt,medium,gps,4.859908,6.6,7.023869,bystander
924,2/2/2026,16:25,Dashboard,Ongoing,FALSE,2/2/2026 8:00,2/5/2026 0:00,Onitsha,Sexual Assault,High,62,Female,Employer,Shelter,I was drugged at a party and woke up realising something had happened to me. I am confused and scared. I do not know what to do or who to tell.,TRUE,2/2/2026 19:00,Onitsha,medium,gps,6.10495,15.9,6.756747,victim
925,2/2/2026,22:03,Mobile App,Closed,FALSE,2/3/2026 23:00,2/5/2026 0:00,Uyo,Harassment,Low,64,Male,Employer,Legal Aid,A girl in my office has been visibly distressed. I found out she is being harassed by a senior colleague. She is afraid of losing her job so I am reporting.,TRUE,2/4/2026 15:00,Uyo,high,gps,5.076392,17.7,7.927381,bystander
926,2/3/2026,15:53,Mobile App,Ongoing,FALSE,2/3/2026 9:00,2/4/2026 23:00,Benin,Domestic Violence,High,19,Female,Guardian,Shelter,I was passing by and saw a man dragging a woman by the hair into a house. She was crying. Other people just walked past. I had to report this.,FALSE,,Benin,high,gps,6.313591,25.8,5.635295,bystander
927,2/4/2026,0:55,Hotline,Ongoing,TRUE,2/4/2026 11:00,2/5/2026 14:00,Jos,Domestic Violence,Critical,53,Female,Colleague,Counseling,My husband threatened to kill me if I told anyone. I have bruises on my arms and face. I left the house with my children and I need help urgently.,TRUE,2/4/2026 23:00,Jos,medium,manual_entry,9.932637,108.1,8.892951,victim
928,2/5/2026,10:14,Mobile App,Ongoing,FALSE,2/6/2026 15:00,2/9/2026 6:00,Onitsha,Domestic Violence,High,11,Male,Employer,Shelter,"This has been happening for two years. I finally found the courage to report. He controls everything — money, movement. I need support to leave.",TRUE,2/6/2026 22:00,Onitsha,high,gps,6.184693,12.6,6.762224,victim
929,2/5/2026,13:46,Hotline,Ongoing,FALSE,2/5/2026 4:00,2/5/2026 7:00,Ibadan,Harassment,Low,23,Female,Partner,Shelter,My supervisor has been making inappropriate comments about my body for weeks. Today he touched me without my consent. I feel unsafe at work.,TRUE,2/5/2026 9:00,Ibadan,low,manual_entry,7.403004,128.6,3.943054,victim
930,2/6/2026,15:10,Dashboard,Ongoing,TRUE,2/6/2026 22:00,2/9/2026 6:00,Onitsha,Child Abuse,Critical,55,Male,Stranger,Legal Aid,I am a teacher. One of my students has been coming to school with visible injuries and seems very withdrawn. I suspect abuse at home.,TRUE,2/7/2026 2:00,Onitsha,high,gps,6.177,17.2,6.809849,bystander
931,2/7/2026,13:33,Mobile App,Ongoing,FALSE,2/7/2026 3:00,2/10/2026 3:00,Uyo,Sexual Assault,High,35,Female,Partner,Legal Aid,I was attacked on my way home from work last night. A man I did not know forced himself on me. I am at my friend's place. I need help and medical attention.,TRUE,2/7/2026 6:00,Uyo,medium,gps,5.065345,20.1,7.928416,victim
932,2/7/2026,21:22,Hotline,Ongoing,FALSE,2/8/2026 5:00,2/10/2026 16:00,Uyo,Domestic Violence,Medium,6,Female,Guardian,Shelter,"This has been happening for two years. I finally found the courage to report. He controls everything — money, movement. I need support to leave.",FALSE,,Uyo,low,manual_entry,5.005443,401.7,7.917303,victim
933,2/8/2026,5:46,Community Center,Closed,TRUE,2/8/2026 3:00,2/10/2026 20:00,Kaduna,Sexual Assault,Critical,65,Female,Colleague,Counseling,I found my younger sister crying and she told me what happened to her. She does not want our parents to know. I am reporting because she needs help.,TRUE,2/8/2026 7:00,Kaduna,low,manual_entry,10.558967,441.9,7.460239,bystander
934,2/8/2026,13:28,Mobile App,Ongoing,FALSE,2/9/2026 23:00,2/11/2026 13:00,Onitsha,Harassment,Medium,39,Female,Teacher,Counseling,"A man followed me from the bus stop all the way to my street, making sexual remarks. I had to enter a shop to escape him. I am still shaking.",FALSE,,Onitsha,high,gps,6.097117,23.3,6.753481,victim
935,2/8/2026,21:29,Hotline,Ongoing,TRUE,2/9/2026 18:00,2/11/2026 17:00,Kaduna,Harassment,Medium,69,Female,Neighbor,Counseling,"I saw a group of men surrounding a young woman at the market, touching her and refusing to let her pass. She looked terrified. I am reporting on her behalf.",TRUE,2/9/2026 21:00,Kaduna,low,manual_entry,10.473673,247.6,7.439098,bystander
936,2/9/2026,16:28,Hotline,Ongoing,TRUE,2/9/2026 16:00,2/12/2026 5:00,Jos,Harassment,Medium,19,Female,Relative,Shelter,"I witnessed a man verbally abusing a woman at a bus stop, calling her terrible names. She was in tears. I followed up to make sure she was okay and she asked me to report.",TRUE,2/10/2026 1:00,Jos,medium,manual_entry,9.928279,217.6,8.829651,bystander
937,2/9/2026,20:59,Community Center,Ongoing,FALSE,2/10/2026 17:00,2/12/2026 1:00,Abeokuta,Harassment,Low,24,Female,Guardian,Shelter,A girl in my office has been visibly distressed. I found out she is being harassed by a senior colleague. She is afraid of losing her job so I am reporting.,TRUE,2/11/2026 2:00,Abeokuta,low,manual_entry,7.148085,112.1,3.39597,bystander
938,2/9/2026,21:16,Mobile App,Closed,FALSE,2/10/2026 3:00,2/12/2026 14:00,Uyo,Domestic Violence,Critical,19,Female,Teacher,Legal Aid,I am a neighbour. The woman in the apartment beside mine has been coming out with bruises. She seems too afraid to report herself so I am doing it.,TRUE,2/10/2026 20:00,Uyo,high,gps,5.06098,28.6,7.917024,bystander
939,2/11/2026,5:30,Hotline,Ongoing,TRUE,2/11/2026 1:00,2/13/2026 20:00,Benin,Harassment,Medium,5,Male,Neighbor,Legal Aid,My landlord keeps coming to my room uninvited and making uncomfortable advances. I have asked him to stop but it has continued.,FALSE,,Benin,medium,manual_entry,6.344035,230.7,5.604536,victim
940,2/11/2026,10:10,Dashboard,Ongoing,FALSE,2/11/2026 4:00,2/13/2026 7:00,Abuja,Domestic Violence,High,24,Male,Employer,Counseling,He came home drunk and started hitting me. My children were watching. I am hiding with them in the backyard. Please come quickly.,FALSE,,Abuja,medium,gps,9.056255,8.8,7.405102,victim
941,1/18/2026,2:19,Mobile App,Ongoing,FALSE,1/19/2026 22:00,1/22/2026 17:00,Benin,Sexual Assault,High,48,Female,Partner,Legal Aid,A woman came to my door last night looking terrified. She said she had been assaulted nearby. I let her in and I am reporting on her behalf.,FALSE,,Benin,medium,gps,6.353889,22.5,5.641032,bystander
942,2/12/2026,23:32,Dashboard,Ongoing,FALSE,2/12/2026 23:00,2/13/2026 1:00,Kano,Domestic Violence,Critical,58,Female,Guardian,Counseling,I was passing by and saw a man dragging a woman by the hair into a house. She was crying. Other people just walked past. I had to report this.,FALSE,,Kano,medium,gps,12.015829,28,8.618112,bystander
943,2/13/2026,1:15,Hotline,Closed,FALSE,2/14/2026 18:00,2/15/2026 21:00,Enugu,Sexual Assault,Critical,37,Female,Neighbor,Legal Aid,I found my younger sister crying and she told me what happened to her. She does not want our parents to know. I am reporting because she needs help.,TRUE,2/15/2026 12:00,Enugu,medium,manual_entry,6.424407,363.9,7.542556,bystander
944,1/15/2026,15:22,Hotline,Ongoing,FALSE,1/15/2026 20:00,1/16/2026 7:00,Bauchi,Sexual Assault,Critical,37,Female,Guardian,Counseling,I found my younger sister crying and she told me what happened to her. She does not want our parents to know. I am reporting because she needs help.,TRUE,1/16/2026 2:00,Bauchi,low,manual_entry,10.266733,284.2,9.818868,bystander
945,2/14/2026,16:45,Hotline,Ongoing,FALSE,2/14/2026 6:00,2/17/2026 0:00,Kaduna,Domestic Violence,Medium,25,Female,Spouse,Counseling,I am a neighbour. The woman in the apartment beside mine has been coming out with bruises. She seems too afraid to report herself so I am doing it.,TRUE,2/14/2026 15:00,Kaduna,low,manual_entry,10.533146,60.5,7.465681,bystander
946,2/14/2026,20:03,Dashboard,Ongoing,TRUE,2/14/2026 20:00,2/17/2026 3:00,Abuja,Harassment,Medium,56,Female,Relative,Medical Care,"I witnessed a man verbally abusing a woman at a bus stop, calling her terrible names. She was in tears. I followed up to make sure she was okay and she asked me to report.",FALSE,,Abuja,high,gps,9.036418,26,7.388749,bystander
947,2/15/2026,22:04,Dashboard,Ongoing,FALSE,2/15/2026 8:00,2/15/2026 15:00,Kaduna,Child Abuse,Critical,6,Female,Teacher,Shelter,I am 14 years old. My father beats me and my siblings severely. He broke my arm last month. I need someone to help us.,FALSE,,Kaduna,high,gps,10.540507,12.4,7.386904,victim
948,2/7/2026,10:11,Dashboard,Closed,FALSE,2/7/2026 22:00,2/9/2026 5:00,Port Harcourt,Domestic Violence,High,23,Male,Neighbor,Legal Aid,I have been beaten repeatedly by my partner. Tonight was the worst. I am at a neighbour's house right now. Please send help.,TRUE,2/8/2026 22:00,Port Harcourt,medium,gps,4.821108,22.9,7.073107,victim
949,2/18/2026,15:52,Dashboard,Ongoing,FALSE,2/18/2026 20:00,2/20/2026 9:00,Uyo,Harassment,Medium,42,Female,Neighbor,Counseling,My supervisor has been making inappropriate comments about my body for weeks. Today he touched me without my consent. I feel unsafe at work.,TRUE,2/19/2026 8:00,Uyo,high,gps,5.049299,22.9,7.881602,victim
950,2/18/2026,22:13,Hotline,Ongoing,FALSE,2/18/2026 21:00,2/21/2026 16:00,Jos,Sexual Assault,Critical,44,Female,Relative,Shelter,My friend confided in me that she was assaulted by her boyfriend. She is too ashamed to report herself. I am reporting with her knowledge and permission.,TRUE,2/19/2026 3:00,Jos,low,manual_entry,9.882038,370.2,8.886679,bystander
951,2/19/2026,7:08,Hotline,Closed,FALSE,2/19/2026 6:00,2/19/2026 14:00,Kano,Domestic Violence,Medium,48,Female,Employer,Shelter,I have been beaten repeatedly by my partner. Tonight was the worst. I am at a neighbour's house right now. Please send help.,TRUE,2/19/2026 20:00,Kano,medium,manual_entry,12.007623,146.7,8.542523,victim
952,2/19/2026,9:15,Dashboard,Ongoing,FALSE,2/20/2026 20:00,2/23/2026 16:00,Bauchi,Harassment,Low,52,Female,Employer,Medical Care,A girl in my office has been visibly distressed. I found out she is being harassed by a senior colleague. She is afraid of losing her job so I am reporting.,TRUE,2/21/2026 5:00,Bauchi,high,gps,10.341899,26.8,9.797731,bystander
953,2/19/2026,17:23,Hotline,Ongoing,FALSE,2/20/2026 5:00,2/22/2026 20:00,Ibadan,Domestic Violence,Medium,41,Male,Guardian,Medical Care,"He threw me against the wall and broke my phone. I borrowed a neighbour's phone to report. I cannot go back home, it is not safe.",FALSE,,Ibadan,low,manual_entry,7.402073,115,3.917248,victim
954,2/19/2026,18:33,Community Center,Ongoing,FALSE,2/20/2026 22:00,2/23/2026 9:00,Owerri,Domestic Violence,Medium,45,Female,Guardian,Medical Care,I was passing by and saw a man dragging a woman by the hair into a house. She was crying. Other people just walked past. I had to report this.,TRUE,2/21/2026 10:00,Owerri,low,manual_entry,5.529407,362.5,7.020094,bystander
955,2/20/2026,2:19,Community Center,Ongoing,FALSE,2/20/2026 3:00,2/21/2026 0:00,Port Harcourt,Harassment,Low,12,Female,Relative,Counseling,"I saw a group of men surrounding a young woman at the market, touching her and refusing to let her pass. She looked terrified. I am reporting on her behalf.",FALSE,,Port Harcourt,low,manual_entry,4.798293,320.7,7.014689,bystander
956,2/20/2026,7:02,Dashboard,Closed,FALSE,2/20/2026 8:00,2/22/2026 8:00,Abeokuta,Child Abuse,Critical,11,Female,Guardian,Counseling,I am a teacher. One of my students has been coming to school with visible injuries and seems very withdrawn. I suspect abuse at home.,TRUE,2/21/2026 3:00,Abeokuta,medium,gps,7.12806,8.8,3.399565,bystander
957,1/24/2026,14:30,Mobile App,Ongoing,FALSE,1/25/2026 0:00,1/26/2026 15:00,Abeokuta,Domestic Violence,High,27,Female,Spouse,Counseling,I live next door and I can hear screaming almost every night. Tonight I saw her running out with blood on her face. I called for help on her behalf.,TRUE,1/25/2026 1:00,Abeokuta,high,gps,7.197133,24.6,3.348731,bystander
958,2/22/2026,7:56,Mobile App,Closed,TRUE,2/22/2026 20:00,2/24/2026 9:00,Enugu,Sexual Assault,High,32,Female,Relative,Shelter,I was assaulted by someone I considered a friend. He threatened me not to tell anyone. I am finally speaking out because I cannot carry this alone.,TRUE,2/23/2026 3:00,Enugu,medium,gps,6.453261,17.2,7.568607,victim
959,2/22/2026,13:45,Mobile App,Ongoing,FALSE,2/22/2026 23:00,2/23/2026 8:00,Abeokuta,Domestic Violence,High,46,Female,Relative,Medical Care,I witnessed the man beating his wife in the compound. She fell down. She told me not to report but I am very worried about her safety.,FALSE,,Abeokuta,medium,gps,7.18612,12.7,3.371204,bystander
960,2/23/2026,1:59,Mobile App,Ongoing,FALSE,2/24/2026 1:00,2/26/2026 14:00,Owerri,Sexual Assault,High,58,Female,Stranger,Medical Care,My roommate told me she was assaulted last week. She has been very withdrawn since then. I convinced her to let me report so she can get support.,FALSE,,Owerri,high,gps,5.472753,24,7.024562,bystander
961,2/23/2026,17:12,Dashboard,Ongoing,FALSE,2/24/2026 19:00,2/27/2026 5:00,Lagos,Harassment,Low,5,Female,Employer,Legal Aid,A girl in my office has been visibly distressed. I found out she is being harassed by a senior colleague. She is afraid of losing her job so I am reporting.,TRUE,2/25/2026 7:00,Lagos,medium,gps,6.543962,21.6,3.329522,bystander
962,2/24/2026,7:40,Community Center,Ongoing,FALSE,2/24/2026 15:00,2/26/2026 18:00,Ibadan,Sexual Assault,High,27,Female,Stranger,Counseling,My uncle assaulted me last weekend when everyone else had gone out. I could not scream. I have not been able to eat or sleep since then.,TRUE,2/24/2026 16:00,Ibadan,medium,manual_entry,7.389459,381.2,3.932549,victim
963,2/24/2026,10:14,Community Center,Ongoing,FALSE,2/25/2026 22:00,2/26/2026 2:00,Abeokuta,Child Abuse,Critical,48,Female,Colleague,Shelter,My teacher beats me with a cane almost every day for small mistakes. I have marks on my back and legs. I am afraid to go to school.,TRUE,2/26/2026 10:00,Abeokuta,low,manual_entry,7.17692,339.8,3.321199,victim
964,2/24/2026,20:30,Mobile App,Ongoing,FALSE,2/25/2026 16:00,2/28/2026 14:00,Bauchi,Harassment,Low,49,Male,Stranger,Legal Aid,"I saw a group of men surrounding a young woman at the market, touching her and refusing to let her pass. She looked terrified. I am reporting on her behalf.",TRUE,2/25/2026 17:00,Bauchi,medium,gps,10.32462,9.7,9.842297,bystander
965,2/25/2026,9:11,Mobile App,Closed,FALSE,2/25/2026 8:00,2/28/2026 5:00,Uyo,Sexual Assault,Critical,28,Female,Employer,Counseling,I was assaulted by someone I considered a friend. He threatened me not to tell anyone. I am finally speaking out because I cannot carry this alone.,TRUE,2/25/2026 14:00,Uyo,high,gps,5.051933,24.7,7.869285,victim
966,2/25/2026,9:44,Community Center,Closed,FALSE,2/26/2026 5:00,2/26/2026 16:00,Abeokuta,Sexual Assault,Critical,38,Female,Colleague,Medical Care,My friend confided in me that she was assaulted by her boyfriend. She is too ashamed to report herself. I am reporting with her knowledge and permission.,TRUE,2/26/2026 23:00,Abeokuta,medium,manual_entry,7.155498,315,3.368048,bystander
967,2/25/2026,14:04,Mobile App,Ongoing,FALSE,2/25/2026 22:00,2/28/2026 6:00,Kano,Child Abuse,Critical,54,Male,Stranger,Legal Aid,My uncle has been touching me in ways that make me uncomfortable. I told my mother but she did not believe me. Please help me.,TRUE,2/25/2026 23:00,Kano,high,gps,12.008266,14.6,8.602349,victim
968,2/25/2026,15:25,Hotline,Ongoing,TRUE,2/25/2026 7:00,2/28/2026 5:00,Bauchi,Others,Critical,61,Female,Partner,Legal Aid,I saw a woman being dragged into a car against her will near the junction. I screamed and people came but the car drove off. I am reporting what I saw.,TRUE,2/25/2026 10:00,Bauchi,low,manual_entry,10.333447,119.4,9.874699,bystander
969,2/25/2026,19:42,Mobile App,Ongoing,TRUE,2/25/2026 4:00,2/26/2026 22:00,Uyo,Harassment,Medium,58,Female,Spouse,Legal Aid,My landlord keeps coming to my room uninvited and making uncomfortable advances. I have asked him to stop but it has continued.,TRUE,2/25/2026 16:00,Uyo,high,gps,5.014682,7.5,7.945305,victim
970,2/14/2026,3:32,Community Center,Ongoing,TRUE,2/14/2026 21:00,2/16/2026 7:00,Ibadan,Child Abuse,Critical,5,Female,Employer,Legal Aid,I am 14 years old. My father beats me and my siblings severely. He broke my arm last month. I need someone to help us.,TRUE,2/14/2026 23:00,Ibadan,low,manual_entry,7.377326,388.5,3.904706,victim
971,2/28/2026,5:43,Dashboard,Closed,FALSE,3/1/2026 9:00,3/4/2026 2:00,Owerri,Child Abuse,Critical,23,Female,Neighbor,Counseling,I work at a clinic. A child was brought in with injuries that are inconsistent with the story the adult gave. I suspect the child is being abused.,TRUE,3/1/2026 22:00,Owerri,high,gps,5.439455,6.5,7.016724,bystander
972,2/28/2026,13:36,Dashboard,Ongoing,FALSE,3/1/2026 3:00,3/1/2026 12:00,Uyo,Domestic Violence,High,8,Female,Spouse,Medical Care,My husband threatened to kill me if I told anyone. I have bruises on my arms and face. I left the house with my children and I need help urgently.,TRUE,3/1/2026 10:00,Uyo,high,gps,5.06619,11.7,7.933568,victim
973,1/30/2026,13:47,Community Center,Closed,FALSE,1/31/2026 12:00,2/1/2026 5:00,Kaduna,Domestic Violence,Critical,38,Female,Guardian,Shelter,My husband threatened to kill me if I told anyone. I have bruises on my arms and face. I left the house with my children and I need help urgently.,TRUE,1/31/2026 22:00,Kaduna,medium,manual_entry,10.539361,87.8,7.418227,victim
974,2/28/2026,21:34,Community Center,Ongoing,FALSE,3/1/2026 0:00,3/3/2026 22:00,Uyo,Domestic Violence,Medium,56,Female,Guardian,Medical Care,I live next door and I can hear screaming almost every night. Tonight I saw her running out with blood on her face. I called for help on her behalf.,FALSE,,Uyo,medium,manual_entry,5.03172,482.6,7.877545,bystander
975,3/1/2026,11:21,Mobile App,Ongoing,FALSE,3/1/2026 1:00,3/3/2026 13:00,Abuja,Sexual Assault,Critical,53,Female,Relative,Shelter,I was attacked on my way home from work last night. A man I did not know forced himself on me. I am at my friend's place. I need help and medical attention.,FALSE,,Abuja,medium,gps,9.059319,29.3,7.392002,victim
976,3/1/2026,16:19,Dashboard,Ongoing,FALSE,3/2/2026 7:00,3/3/2026 18:00,Benin,Child Abuse,Critical,62,Female,Spouse,Counseling,The man my mother is staying with does bad things to me when she is not around. I do not know who else to tell.,TRUE,3/2/2026 18:00,Benin,high,gps,6.29386,26.1,5.575761,victim
977,3/1/2026,18:38,Community Center,Ongoing,FALSE,3/1/2026 3:00,3/2/2026 0:00,Ibadan,Domestic Violence,High,26,Female,Partner,Shelter,My husband threatened to kill me if I told anyone. I have bruises on my arms and face. I left the house with my children and I need help urgently.,FALSE,,Ibadan,medium,manual_entry,7.387323,90.4,3.970566,victim
978,3/1/2026,19:13,Mobile App,Ongoing,FALSE,3/2/2026 23:00,3/5/2026 23:00,Abeokuta,Harassment,Low,68,Female,Relative,Shelter,"I witnessed a man verbally abusing a woman at a bus stop, calling her terrible names. She was in tears. I followed up to make sure she was okay and she asked me to report.",FALSE,,Abeokuta,high,gps,7.197335,20.3,3.405211,bystander
979,3/2/2026,11:31,Hotline,Ongoing,FALSE,3/3/2026 17:00,3/5/2026 3:00,Kaduna,Others,Medium,15,Male,Teacher,Medical Care,My elderly neighbour was beaten and robbed inside her compound. She is hospitalised now. I am reporting on her behalf as her family is being contacted.,FALSE,,Kaduna,medium,manual_entry,10.524757,160.7,7.408625,bystander
980,3/2/2026,12:36,Mobile App,Ongoing,FALSE,3/2/2026 14:00,3/5/2026 1:00,Ibadan,Child Abuse,Critical,59,Female,Spouse,Shelter,I am 14 years old. My father beats me and my siblings severely. He broke my arm last month. I need someone to help us.,FALSE,,Ibadan,medium,gps,7.391118,8.3,3.975565,victim
981,3/2/2026,19:24,Community Center,Ongoing,FALSE,3/2/2026 1:00,3/2/2026 3:00,Abeokuta,Domestic Violence,Medium,65,Female,Colleague,Legal Aid,He came home drunk and started hitting me. My children were watching. I am hiding with them in the backyard. Please come quickly.,TRUE,3/2/2026 8:00,Abeokuta,medium,manual_entry,7.109334,393.1,3.35289,victim
982,3/2/2026,23:38,Mobile App,Ongoing,FALSE,3/3/2026 18:00,3/4/2026 4:00,Onitsha,Domestic Violence,High,20,Female,Colleague,Medical Care,My colleague came to work today with a swollen eye. She said she fell but I do not believe her. I am reporting because I am concerned for her.,TRUE,3/4/2026 5:00,Onitsha,high,gps,6.17678,13.8,6.775383,bystander
983,3/3/2026,12:12,Mobile App,Closed,FALSE,3/3/2026 23:00,3/6/2026 1:00,Lagos,Others,Low,51,Female,Stranger,Medical Care,I was physically attacked by my former employer after I reported him for fraud. I have injuries and I fear for my safety.,TRUE,3/4/2026 5:00,Lagos,medium,gps,6.531587,29.6,3.387977,victim
984,3/3/2026,12:22,Mobile App,Closed,TRUE,3/4/2026 0:00,3/5/2026 1:00,Port Harcourt,Harassment,Low,39,Female,Relative,Counseling,"I witnessed a man verbally abusing a woman at a bus stop, calling her terrible names. She was in tears. I followed up to make sure she was okay and she asked me to report.",TRUE,3/4/2026 15:00,Port Harcourt,medium,gps,4.784048,5.5,7.036024,bystander
985,2/17/2026,23:17,Dashboard,Closed,FALSE,2/17/2026 13:00,2/18/2026 1:00,Abeokuta,Sexual Assault,Critical,29,Female,Stranger,Medical Care,A woman came to my door last night looking terrified. She said she had been assaulted nearby. I let her in and I am reporting on her behalf.,TRUE,2/18/2026 9:00,Abeokuta,medium,gps,7.130951,10.5,3.31452,bystander
986,3/4/2026,9:29,Community Center,Ongoing,FALSE,3/4/2026 3:00,3/5/2026 15:00,Uyo,Domestic Violence,High,52,Female,Stranger,Counseling,I live next door and I can hear screaming almost every night. Tonight I saw her running out with blood on her face. I called for help on her behalf.,TRUE,3/4/2026 15:00,Uyo,low,manual_entry,4.990119,53.2,7.94597,bystander
987,3/4/2026,9:29,Mobile App,Ongoing,TRUE,3/4/2026 18:00,3/7/2026 11:00,Ibadan,Child Abuse,Critical,6,Female,Teacher,Counseling,My uncle has been touching me in ways that make me uncomfortable. I told my mother but she did not believe me. Please help me.,TRUE,3/5/2026 3:00,Ibadan,medium,gps,7.354807,19.1,3.948808,victim
988,3/4/2026,13:43,Mobile App,Ongoing,TRUE,3/5/2026 14:00,3/6/2026 7:00,Owerri,Harassment,Medium,70,Female,Stranger,Medical Care,My friend has been showing me messages she is getting from someone who is threatening her. She is too embarrassed to report so I am doing it for her.,FALSE,,Owerri,medium,gps,5.463473,26.4,7.077368,bystander
989,3/4/2026,15:19,Hotline,Closed,FALSE,3/5/2026 20:00,3/5/2026 23:00,Jos,Sexual Assault,Critical,69,Female,Stranger,Shelter,My friend confided in me that she was assaulted by her boyfriend. She is too ashamed to report herself. I am reporting with her knowledge and permission.,TRUE,3/6/2026 19:00,Jos,medium,manual_entry,9.87243,356.3,8.851266,bystander
990,3/4/2026,18:09,Community Center,Ongoing,FALSE,3/5/2026 4:00,3/5/2026 11:00,Uyo,Domestic Violence,High,38,Male,Spouse,Medical Care,I was passing by and saw a man dragging a woman by the hair into a house. She was crying. Other people just walked past. I had to report this.,FALSE,,Uyo,medium,manual_entry,5.074973,173.3,7.946993,bystander
991,3/6/2026,1:42,Hotline,Closed,FALSE,3/7/2026 0:00,3/9/2026 19:00,Uyo,Sexual Assault,High,66,Female,Colleague,Shelter,My roommate told me she was assaulted last week. She has been very withdrawn since then. I convinced her to let me report so she can get support.,TRUE,3/7/2026 2:00,Uyo,low,manual_entry,5.00631,71.1,7.943064,bystander
992,3/6/2026,5:03,Mobile App,Closed,TRUE,3/6/2026 21:00,3/6/2026 22:00,Enugu,Sexual Assault,Critical,15,Female,Stranger,Legal Aid,My uncle assaulted me last weekend when everyone else had gone out. I could not scream. I have not been able to eat or sleep since then.,TRUE,3/7/2026 10:00,Enugu,high,gps,6.454219,27,7.544697,victim
993,3/6/2026,8:24,Mobile App,Ongoing,FALSE,3/7/2026 21:00,3/10/2026 4:00,Port Harcourt,Domestic Violence,Medium,29,Female,Guardian,Medical Care,I live next door and I can hear screaming almost every night. Tonight I saw her running out with blood on her face. I called for help on her behalf.,FALSE,,Port Harcourt,high,gps,4.778948,9.1,7.00786,bystander
994,3/6/2026,14:51,Dashboard,Ongoing,FALSE,3/7/2026 17:00,3/8/2026 6:00,Uyo,Harassment,Low,26,Male,Employer,Legal Aid,"I witnessed a man verbally abusing a woman at a bus stop, calling her terrible names. She was in tears. I followed up to make sure she was okay and she asked me to report.",TRUE,3/8/2026 0:00,Uyo,medium,gps,5.060494,24.9,7.912446,bystander
995,3/7/2026,4:29,Mobile App,Ongoing,FALSE,3/7/2026 16:00,3/8/2026 6:00,Ibadan,Harassment,Low,24,Female,Stranger,Counseling,My supervisor has been making inappropriate comments about my body for weeks. Today he touched me without my consent. I feel unsafe at work.,TRUE,3/7/2026 22:00,Ibadan,high,gps,7.371185,18,3.969951,victim
996,3/7/2026,11:07,Mobile App,Ongoing,FALSE,3/8/2026 15:00,3/11/2026 0:00,Lagos,Sexual Assault,Critical,67,Female,Partner,Shelter,I was attacked on my way home from work last night. A man I did not know forced himself on me. I am at my friend's place. I need help and medical attention.,FALSE,,Lagos,medium,gps,6.550951,8.1,3.345091,victim
997,3/8/2026,5:11,Dashboard,Ongoing,FALSE,3/9/2026 1:00,3/10/2026 18:00,Uyo,Sexual Assault,Critical,69,Female,Neighbor,Medical Care,My friend confided in me that she was assaulted by her boyfriend. She is too ashamed to report herself. I am reporting with her knowledge and permission.,FALSE,,Uyo,high,gps,5.048723,6.6,7.876335,bystander
998,3/8/2026,9:09,Mobile App,Closed,TRUE,3/8/2026 20:00,3/11/2026 4:00,Kano,Domestic Violence,High,54,Female,Colleague,Medical Care,I was passing by and saw a man dragging a woman by the hair into a house. She was crying. Other people just walked past. I had to report this.,TRUE,3/8/2026 23:00,Kano,high,gps,12.027338,19,8.607696,bystander
999,3/8/2026,14:46,Dashboard,Closed,FALSE,3/9/2026 2:00,3/9/2026 15:00,Kaduna,Harassment,Medium,34,Female,Teacher,Shelter,My landlord keeps coming to my room uninvited and making uncomfortable advances. I have asked him to stop but it has continued.,TRUE,3/9/2026 22:00,Kaduna,high,gps,10.556161,26.6,7.373396,victim
1000,3/8/2026,22:53,Dashboard,Ongoing,FALSE,3/9/2026 1:00,3/11/2026 13:00,Bauchi,Domestic Violence,High,52,Female,Colleague,Legal Aid,"He threw me against the wall and broke my phone. I borrowed a neighbour's phone to report. I cannot go back home, it is not safe.",FALSE,,Bauchi,medium,gps,10.271505,7.5,9.822419,victim
1001,3/10/2026,10:07,Mobile App,Closed,TRUE,3/11/2026 10:00,3/13/2026 5:00,Benin,Domestic Violence,High,69,Female,Colleague,Medical Care,"This has been happening for two years. I finally found the courage to report. He controls everything — money, movement. I need support to leave.",TRUE,3/12/2026 5:00,Benin,high,gps,6.311171,5.3,5.578398,victim
1002,3/10/2026,12:51,Dashboard,Closed,FALSE,3/10/2026 13:00,3/11/2026 6:00,Bauchi,Domestic Violence,High,41,Female,Spouse,Legal Aid,I am a neighbour. The woman in the apartment beside mine has been coming out with bruises. She seems too afraid to report herself so I am doing it.,TRUE,3/11/2026 10:00,Bauchi,high,gps,10.356425,15.5,9.819155,bystander
1003,3/11/2026,0:34,Hotline,Closed,TRUE,3/11/2026 16:00,3/12/2026 10:00,Kano,Harassment,Medium,6,Female,Employer,Medical Care,"I witnessed a man verbally abusing a woman at a bus stop, calling her terrible names. She was in tears. I followed up to make sure she was okay and she asked me to report.",TRUE,3/11/2026 18:00,Kano,medium,manual_entry,11.979395,313,8.61794,bystander
1004,2/15/2026,10:17,Hotline,Ongoing,TRUE,2/16/2026 14:00,2/19/2026 12:00,Abuja,Harassment,High,18,Male,Partner,Shelter,"I witnessed a man verbally abusing a woman at a bus stop, calling her terrible names. She was in tears. I followed up to make sure she was okay and she asked me to report.",FALSE,,Abuja,medium,manual_entry,9.071474,321.5,7.426271,bystander
1005,3/13/2026,11:28,Community Center,Ongoing,TRUE,3/13/2026 1:00,3/15/2026 20:00,Ibadan,Domestic Violence,Medium,59,Female,Partner,Shelter,"He threw me against the wall and broke my phone. I borrowed a neighbour's phone to report. I cannot go back home, it is not safe.",TRUE,3/13/2026 12:00,Ibadan,low,manual_entry,7.334037,278.2,3.945757,victim
1006,3/13/2026,12:57,Hotline,Closed,FALSE,3/13/2026 23:00,3/15/2026 1:00,Abeokuta,Harassment,Medium,42,Female,Employer,Legal Aid,My friend has been showing me messages she is getting from someone who is threatening her. She is too embarrassed to report so I am doing it for her.,TRUE,3/14/2026 6:00,Abeokuta,low,manual_entry,7.100861,403.4,3.318165,bystander
1007,3/13/2026,13:03,Hotline,Closed,FALSE,3/14/2026 19:00,3/17/2026 8:00,Benin,Domestic Violence,Critical,9,Male,Partner,Counseling,My colleague came to work today with a swollen eye. She said she fell but I do not believe her. I am reporting because I am concerned for her.,TRUE,3/15/2026 18:00,Benin,medium,manual_entry,6.375644,319.9,5.567625,bystander
1008,3/14/2026,0:29,Hotline,Ongoing,FALSE,3/15/2026 13:00,3/17/2026 8:00,Owerri,Domestic Violence,High,49,Female,Teacher,Shelter,"He threw me against the wall and broke my phone. I borrowed a neighbour's phone to report. I cannot go back home, it is not safe.",TRUE,3/15/2026 20:00,Owerri,low,manual_entry,5.486842,254.4,7.02441,victim
1009,3/14/2026,6:58,Community Center,Ongoing,TRUE,3/14/2026 15:00,3/14/2026 16:00,Ibadan,Sexual Assault,Critical,34,Female,Spouse,Legal Aid,My roommate told me she was assaulted last week. She has been very withdrawn since then. I convinced her to let me report so she can get support.,TRUE,3/15/2026 3:00,Ibadan,low,manual_entry,7.362234,157.6,3.986983,bystander
1010,3/14/2026,11:12,Mobile App,Ongoing,FALSE,3/14/2026 14:00,3/16/2026 18:00,Abeokuta,Sexual Assault,Critical,38,Female,Neighbor,Shelter,My uncle assaulted me last weekend when everyone else had gone out. I could not scream. I have not been able to eat or sleep since then.,TRUE,3/14/2026 15:00,Abeokuta,high,gps,7.099682,13.9,3.378279,victim
1011,3/14/2026,14:51,Mobile App,Closed,FALSE,3/14/2026 19:00,3/17/2026 4:00,Kaduna,Harassment,Medium,33,Female,Spouse,Shelter,"A man followed me from the bus stop all the way to my street, making sexual remarks. I had to enter a shop to escape him. I am still shaking.",TRUE,3/15/2026 2:00,Kaduna,high,gps,10.556839,6.1,7.422517,victim
1012,3/14/2026,17:05,Dashboard,Closed,TRUE,3/14/2026 13:00,3/16/2026 2:00,Uyo,Others,Critical,45,Female,Stranger,Shelter,I saw a woman being dragged into a car against her will near the junction. I screamed and people came but the car drove off. I am reporting what I saw.,TRUE,3/14/2026 19:00,Uyo,high,gps,5.081382,23,7.868026,bystander
1013,3/15/2026,5:41,Mobile App,Closed,TRUE,3/15/2026 12:00,3/16/2026 14:00,Bauchi,Others,Critical,29,Male,Employer,Shelter,A group of people attacked me near my house and stole my belongings. I recognised one of them from the area. I am afraid they will come back.,TRUE,3/15/2026 13:00,Bauchi,high,gps,10.307679,27.8,9.820216,victim
1014,3/15/2026,6:36,Community Center,Closed,FALSE,3/16/2026 1:00,3/16/2026 16:00,Port Harcourt,Harassment,Low,16,Female,Neighbor,Counseling,"I witnessed a man verbally abusing a woman at a bus stop, calling her terrible names. She was in tears. I followed up to make sure she was okay and she asked me to report.",TRUE,3/16/2026 12:00,Port Harcourt,medium,manual_entry,4.838682,255.3,7.09793,bystander
1015,2/20/2026,22:16,Dashboard,Closed,FALSE,2/21/2026 19:00,2/22/2026 17:00,Kaduna,Domestic Violence,High,54,Female,Guardian,Legal Aid,He hit me again tonight. I managed to lock myself in the bathroom and call for help. This has been going on for months and I am scared for my life.,TRUE,2/22/2026 12:00,Kaduna,medium,gps,10.486153,27,7.431917,victim
1016,3/16/2026,5:03,Mobile App,Ongoing,TRUE,3/16/2026 10:00,3/17/2026 3:00,Ibadan,Domestic Violence,High,23,Male,Colleague,Counseling,My colleague came to work today with a swollen eye. She said she fell but I do not believe her. I am reporting because I am concerned for her.,FALSE,,Ibadan,high,gps,7.34731,22.4,3.953533,bystander
1017,3/16/2026,8:01,Mobile App,Closed,FALSE,3/17/2026 4:00,3/18/2026 12:00,Abuja,Sexual Assault,Critical,38,Female,Teacher,Shelter,I found my younger sister crying and she told me what happened to her. She does not want our parents to know. I am reporting because she needs help.,TRUE,3/17/2026 6:00,Abuja,medium,gps,9.072893,9.7,7.445801,bystander
1018,3/17/2026,10:19,Mobile App,Ongoing,FALSE,3/17/2026 21:00,3/19/2026 5:00,Lagos,Sexual Assault,Critical,6,Female,Colleague,Counseling,I found my younger sister crying and she told me what happened to her. She does not want our parents to know. I am reporting because she needs help.,TRUE,3/18/2026 2:00,Lagos,medium,gps,6.535253,29.2,3.364151,bystander
1019,3/3/2026,0:41,Dashboard,Closed,FALSE,3/4/2026 23:00,3/5/2026 10:00,Onitsha,Domestic Violence,Medium,34,Female,Partner,Counseling,My colleague came to work today with a swollen eye. She said she fell but I do not believe her. I am reporting because I am concerned for her.,TRUE,3/5/2026 15:00,Onitsha,medium,gps,6.10421,6.6,6.752125,bystander
1020,3/18/2026,4:44,Community Center,Ongoing,FALSE,3/19/2026 0:00,3/21/2026 16:00,Owerri,Domestic Violence,High,12,Female,Partner,Medical Care,I was passing by and saw a man dragging a woman by the hair into a house. She was crying. Other people just walked past. I had to report this.,TRUE,3/19/2026 3:00,Owerri,medium,manual_entry,5.456132,286.5,7.008397,bystander
1021,3/19/2026,6:08,Hotline,Ongoing,FALSE,3/20/2026 7:00,3/21/2026 18:00,Enugu,Sexual Assault,High,31,Male,Spouse,Shelter,A colleague assaulted me after a work event. I kept quiet because he is my senior and I was afraid. I cannot keep this to myself anymore.,TRUE,3/20/2026 18:00,Enugu,low,manual_entry,6.493462,143.2,7.552522,victim
1022,3/19/2026,17:20,Hotline,Ongoing,FALSE,3/19/2026 16:00,3/21/2026 19:00,Onitsha,Domestic Violence,Medium,38,Female,Spouse,Counseling,I witnessed the man beating his wife in the compound. She fell down. She told me not to report but I am very worried about her safety.,TRUE,3/19/2026 23:00,Onitsha,low,manual_entry,6.145139,471,6.748477,bystander
1023,3/19/2026,23:35,Dashboard,Closed,FALSE,3/20/2026 12:00,3/20/2026 23:00,Kano,Harassment,Medium,27,Male,Guardian,Shelter,My friend has been showing me messages she is getting from someone who is threatening her. She is too embarrassed to report so I am doing it for her.,TRUE,3/20/2026 17:00,Kano,high,gps,12.038214,16.1,8.614281,bystander
1024,3/20/2026,4:55,Community Center,Ongoing,FALSE,3/21/2026 14:00,3/21/2026 20:00,Abuja,Domestic Violence,Critical,15,Female,Spouse,Shelter,I witnessed the man beating his wife in the compound. She fell down. She told me not to report but I am very worried about her safety.,TRUE,3/22/2026 0:00,Abuja,medium,manual_entry,9.033267,260.4,7.419384,bystander
1025,3/6/2026,5:10,Community Center,Ongoing,TRUE,3/7/2026 8:00,3/9/2026 1:00,Owerri,Domestic Violence,Medium,20,Female,Guardian,Medical Care,I have been beaten repeatedly by my partner. Tonight was the worst. I am at a neighbour's house right now. Please send help.,TRUE,3/7/2026 9:00,Owerri,low,manual_entry,5.487954,169.5,6.991473,victim
1026,3/20/2026,15:59,Mobile App,Ongoing,FALSE,3/20/2026 6:00,3/21/2026 20:00,Abuja,Sexual Assault,Critical,69,Female,Relative,Shelter,I found my younger sister crying and she told me what happened to her. She does not want our parents to know. I am reporting because she needs help.,FALSE,,Abuja,medium,gps,9.07233,7,7.39707,bystander
1027,3/20/2026,21:50,Hotline,Closed,FALSE,3/20/2026 7:00,3/20/2026 23:00,Uyo,Harassment,Low,34,Female,Teacher,Legal Aid,"I witnessed a man verbally abusing a woman at a bus stop, calling her terrible names. She was in tears. I followed up to make sure she was okay and she asked me to report.",TRUE,3/20/2026 10:00,Uyo,low,manual_entry,5.004277,200.2,7.95737,bystander
1028,3/21/2026,4:46,Hotline,Ongoing,FALSE,3/21/2026 20:00,3/23/2026 8:00,Bauchi,Harassment,Low,53,Female,Neighbor,Shelter,"I witnessed a man verbally abusing a woman at a bus stop, calling her terrible names. She was in tears. I followed up to make sure she was okay and she asked me to report.",TRUE,3/22/2026 6:00,Bauchi,medium,manual_entry,10.350798,53.8,9.861102,bystander
1029,3/21/2026,11:36,Hotline,Closed,FALSE,3/21/2026 23:00,3/24/2026 3:00,Owerri,Sexual Assault,Critical,11,Female,Relative,Legal Aid,A colleague assaulted me after a work event. I kept quiet because he is my senior and I was afraid. I cannot keep this to myself anymore.,TRUE,3/22/2026 12:00,Owerri,low,manual_entry,5.47983,262.4,7.024477,victim
1030,3/23/2026,5:26,Dashboard,Ongoing,TRUE,3/23/2026 15:00,3/24/2026 21:00,Owerri,Sexual Assault,Critical,10,Female,Employer,Legal Aid,My roommate told me she was assaulted last week. She has been very withdrawn since then. I convinced her to let me report so she can get support.,FALSE,,Owerri,high,gps,5.498697,17.9,7.037843,bystander
1031,3/23/2026,9:15,Community Center,Closed,FALSE,3/23/2026 22:00,3/24/2026 9:00,Onitsha,Sexual Assault,Critical,16,Female,Neighbor,Medical Care,I found my younger sister crying and she told me what happened to her. She does not want our parents to know. I am reporting because she needs help.,TRUE,3/24/2026 9:00,Onitsha,medium,manual_entry,6.099027,396.6,6.78825,bystander
1032,3/23/2026,13:28,Hotline,Closed,TRUE,3/24/2026 5:00,3/26/2026 15:00,Abuja,Domestic Violence,High,33,Female,Colleague,Counseling,I have been beaten repeatedly by my partner. Tonight was the worst. I am at a neighbour's house right now. Please send help.,TRUE,3/24/2026 23:00,Abuja,low,manual_entry,9.10714,309.9,7.394524,victim
1033,2/25/2026,4:51,Mobile App,Closed,FALSE,2/27/2026 0:00,2/27/2026 2:00,Enugu,Child Abuse,Critical,10,Male,Neighbor,Counseling,My neighbour's child came to our house at night crying and said her stepmother had beaten her and thrown her outside. She has marks on her body.,TRUE,2/27/2026 16:00,Enugu,high,gps,6.413596,13.5,7.575028,bystander
1034,3/24/2026,15:18,Mobile App,Closed,FALSE,3/25/2026 20:00,3/28/2026 0:00,Kano,Child Abuse,Critical,53,Female,Employer,Legal Aid,My teacher beats me with a cane almost every day for small mistakes. I have marks on my back and legs. I am afraid to go to school.,TRUE,3/26/2026 19:00,Kano,high,gps,11.972336,19.7,8.567862,victim
1035,3/25/2026,1:16,Dashboard,Closed,FALSE,3/25/2026 10:00,3/27/2026 5:00,Lagos,Sexual Assault,High,29,Female,Colleague,Medical Care,My roommate told me she was assaulted last week. She has been very withdrawn since then. I convinced her to let me report so she can get support.,TRUE,3/26/2026 5:00,Lagos,medium,gps,6.490871,27.8,3.362222,bystander
1036,3/25/2026,4:07,Hotline,Closed,FALSE,3/25/2026 14:00,3/27/2026 17:00,Lagos,Child Abuse,Critical,64,Male,Employer,Counseling,I work at a clinic. A child was brought in with injuries that are inconsistent with the story the adult gave. I suspect the child is being abused.,TRUE,3/25/2026 17:00,Lagos,low,manual_entry,6.550075,263.6,3.381139,bystander
1037,3/19/2026,14:08,Dashboard,Ongoing,FALSE,3/20/2026 5:00,3/21/2026 20:00,Onitsha,Harassment,Medium,46,Female,Guardian,Shelter,"I saw a group of men surrounding a young woman at the market, touching her and refusing to let her pass. She looked terrified. I am reporting on her behalf.",TRUE,3/20/2026 7:00,Onitsha,high,gps,6.113288,5.8,6.824783,bystander
1038,3/26/2026,11:32,Mobile App,Ongoing,FALSE,3/26/2026 12:00,3/27/2026 14:00,Enugu,Domestic Violence,High,8,Male,Teacher,Shelter,"He threw me against the wall and broke my phone. I borrowed a neighbour's phone to report. I cannot go back home, it is not safe.",TRUE,3/26/2026 19:00,Enugu,high,gps,6.496358,12.3,7.583458,victim
1039,3/26/2026,20:45,Hotline,Ongoing,FALSE,3/26/2026 4:00,3/28/2026 4:00,Abuja,Sexual Assault,Critical,62,Female,Teacher,Medical Care,My uncle assaulted me last weekend when everyone else had gone out. I could not scream. I have not been able to eat or sleep since then.,TRUE,3/26/2026 7:00,Abuja,medium,manual_entry,9.05038,226,7.393724,victim
1040,3/19/2026,8:44,Dashboard,Ongoing,FALSE,3/20/2026 11:00,3/22/2026 17:00,Lagos,Harassment,Low,12,Female,Employer,Counseling,I have been receiving threatening messages from someone I rejected. He knows where I live and I am very scared.,TRUE,3/20/2026 13:00,Lagos,high,gps,6.572899,8.2,3.406401,victim
1041,3/27/2026,11:30,Hotline,Closed,FALSE,3/28/2026 4:00,3/30/2026 17:00,Kaduna,Sexual Assault,Critical,23,Female,Employer,Counseling,A woman came to my door last night looking terrified. She said she had been assaulted nearby. I let her in and I am reporting on her behalf.,TRUE,3/28/2026 10:00,Kaduna,medium,manual_entry,10.463217,314.4,7.37302,bystander
1042,3/20/2026,17:17,Mobile App,Closed,FALSE,3/20/2026 13:00,3/20/2026 14:00,Enugu,Harassment,Low,36,Female,Relative,Counseling,Three boys from my street harass me every day on my way to school. They block my path and say terrible things. I cannot take it anymore.,TRUE,3/20/2026 18:00,Enugu,high,gps,6.454793,20.1,7.587322,victim
1043,3/6/2026,9:26,Hotline,Ongoing,TRUE,3/6/2026 22:00,3/9/2026 13:00,Abuja,Child Abuse,Critical,65,Female,Neighbor,Legal Aid,I am a teacher. One of my students has been coming to school with visible injuries and seems very withdrawn. I suspect abuse at home.,TRUE,3/7/2026 8:00,Abuja,low,manual_entry,9.08037,179.6,7.398381,bystander
1044,3/28/2026,11:31,Hotline,Closed,FALSE,3/29/2026 21:00,3/31/2026 12:00,Uyo,Harassment,Medium,47,Male,Employer,Shelter,Three boys from my street harass me every day on my way to school. They block my path and say terrible things. I cannot take it anymore.,TRUE,3/30/2026 10:00,Uyo,low,manual_entry,4.998247,236.8,7.928478,victim
1045,3/28/2026,21:05,Mobile App,Ongoing,TRUE,3/29/2026 23:00,4/1/2026 7:00,Bauchi,Domestic Violence,Critical,42,Female,Teacher,Shelter,My husband threatened to kill me if I told anyone. I have bruises on my arms and face. I left the house with my children and I need help urgently.,TRUE,3/30/2026 10:00,Bauchi,medium,gps,10.34801,7.4,9.832242,victim
1046,3/29/2026,15:55,Dashboard,Ongoing,FALSE,3/29/2026 11:00,3/30/2026 23:00,Owerri,Sexual Assault,Critical,21,Female,Stranger,Medical Care,A colleague assaulted me after a work event. I kept quiet because he is my senior and I was afraid. I cannot keep this to myself anymore.,FALSE,,Owerri,medium,gps,5.511161,27.9,7.079748,victim
1047,3/29/2026,16:58,Community Center,Closed,FALSE,3/30/2026 3:00,4/2/2026 2:00,Lagos,Sexual Assault,High,24,Female,Colleague,Shelter,My roommate told me she was assaulted last week. She has been very withdrawn since then. I convinced her to let me report so she can get support.,TRUE,3/30/2026 7:00,Lagos,low,manual_entry,6.494777,389.9,3.381533,bystander
1048,3/30/2026,1:51,Hotline,Ongoing,TRUE,3/31/2026 5:00,4/1/2026 3:00,Onitsha,Child Abuse,Critical,66,Female,Guardian,Medical Care,My neighbour's child came to our house at night crying and said her stepmother had beaten her and thrown her outside. She has marks on her body.,TRUE,3/31/2026 14:00,Onitsha,low,manual_entry,6.121514,82.9,6.816285,bystander
1049,3/30/2026,11:18,Mobile App,Ongoing,FALSE,3/30/2026 22:00,4/2/2026 2:00,Jos,Harassment,Medium,35,Male,Partner,Medical Care,I have been receiving threatening messages from someone I rejected. He knows where I live and I am very scared.,FALSE,,Jos,high,gps,9.904259,11.3,8.871758,victim
1050,3/31/2026,1:30,Mobile App,Ongoing,TRUE,4/1/2026 19:00,4/4/2026 7:00,Benin,Domestic Violence,Medium,44,Female,Spouse,Counseling,I am a neighbour. The woman in the apartment beside mine has been coming out with bruises. She seems too afraid to report herself so I am doing it.,TRUE,4/1/2026 21:00,Benin,medium,gps,6.364791,11.1,5.593297,bystander
1051,3/16/2026,5:46,Mobile App,Ongoing,TRUE,3/17/2026 7:00,3/18/2026 19:00,Port Harcourt,Child Abuse,Critical,10,Male,Relative,Shelter,The man my mother is staying with does bad things to me when she is not around. I do not know who else to tell.,FALSE,,Port Harcourt,high,gps,4.857109,20.2,7.053103,victim
1052,3/31/2026,10:43,Hotline,Ongoing,TRUE,3/31/2026 8:00,4/3/2026 5:00,Lagos,Domestic Violence,Medium,37,Female,Neighbor,Legal Aid,"He threw me against the wall and broke my phone. I borrowed a neighbour's phone to report. I cannot go back home, it is not safe.",FALSE,,Lagos,low,manual_entry,6.490195,354.8,3.39879,victim
1053,3/31/2026,17:21,Community Center,Ongoing,FALSE,3/31/2026 23:00,4/1/2026 22:00,Bauchi,Harassment,Medium,14,Female,Spouse,Medical Care,Someone has been sending me explicit messages on social media and threatening to share my photos. I do not know what to do.,TRUE,4/1/2026 0:00,Bauchi,low,manual_entry,10.345126,248.9,9.825876,victim
1054,3/31/2026,18:54,Mobile App,Ongoing,FALSE,4/1/2026 10:00,4/2/2026 0:00,Ibadan,Child Abuse,Critical,41,Female,Partner,Legal Aid,A child came to my shop crying and said his guardian beats him regularly and does not feed him. He begged me to help him. I am reporting immediately.,TRUE,4/1/2026 15:00,Ibadan,medium,gps,7.413218,5.1,3.987614,bystander
1055,4/1/2026,2:37,Community Center,Ongoing,TRUE,4/1/2026 16:00,4/3/2026 16:00,Kano,Child Abuse,Critical,11,Female,Stranger,Medical Care,The man my mother is staying with does bad things to me when she is not around. I do not know who else to tell.,FALSE,,Kano,low,manual_entry,11.97989,239.8,8.640352,victim
1056,4/1/2026,4:51,Community Center,Ongoing,FALSE,4/1/2026 13:00,4/1/2026 22:00,Abuja,Sexual Assault,Critical,19,Male,Teacher,Shelter,A colleague assaulted me after a work event. I kept quiet because he is my senior and I was afraid. I cannot keep this to myself anymore.,TRUE,4/1/2026 15:00,Abuja,low,manual_entry,9.040571,375.8,7.368802,victim
1057,4/1/2026,10:35,Mobile App,Ongoing,FALSE,4/2/2026 9:00,4/2/2026 23:00,Abuja,Sexual Assault,High,54,Male,Guardian,Medical Care,I was assaulted by someone I considered a friend. He threatened me not to tell anyone. I am finally speaking out because I cannot carry this alone.,FALSE,,Abuja,medium,gps,9.044922,9.7,7.437999,victim
1058,4/2/2026,2:27,Community Center,Ongoing,TRUE,4/3/2026 2:00,4/5/2026 9:00,Ibadan,Sexual Assault,High,55,Female,Teacher,Legal Aid,A woman came to my door last night looking terrified. She said she had been assaulted nearby. I let her in and I am reporting on her behalf.,TRUE,4/3/2026 6:00,Ibadan,medium,manual_entry,7.392929,128.1,3.91221,bystander
1059,4/2/2026,13:47,Dashboard,Closed,FALSE,4/2/2026 1:00,4/4/2026 3:00,Enugu,Sexual Assault,High,27,Female,Colleague,Shelter,A woman came to my door last night looking terrified. She said she had been assaulted nearby. I let her in and I am reporting on her behalf.,TRUE,4/2/2026 8:00,Enugu,high,gps,6.452432,21.4,7.55793,bystander
1060,4/3/2026,0:57,Community Center,Ongoing,FALSE,4/3/2026 3:00,4/3/2026 12:00,Bauchi,Sexual Assault,Critical,58,Female,Teacher,Shelter,I was assaulted by someone I considered a friend. He threatened me not to tell anyone. I am finally speaking out because I cannot carry this alone.,FALSE,,Bauchi,medium,manual_entry,10.274146,492.4,9.882442,victim
1061,4/3/2026,15:59,Mobile App,Ongoing,FALSE,4/4/2026 13:00,4/5/2026 11:00,Port Harcourt,Domestic Violence,Medium,36,Female,Spouse,Counseling,I have been beaten repeatedly by my partner. Tonight was the worst. I am at a neighbour's house right now. Please send help.,TRUE,4/4/2026 15:00,Port Harcourt,medium,gps,4.84596,22.4,7.050321,victim
1062,4/3/2026,18:30,Hotline,Closed,FALSE,4/3/2026 12:00,4/5/2026 5:00,Kano,Domestic Violence,Medium,60,Female,Colleague,Legal Aid,I was passing by and saw a man dragging a woman by the hair into a house. She was crying. Other people just walked past. I had to report this.,TRUE,4/4/2026 10:00,Kano,medium,manual_entry,12.048913,57.9,8.583776,bystander
1063,4/4/2026,3:21,Hotline,Ongoing,FALSE,4/5/2026 9:00,4/6/2026 15:00,Kaduna,Domestic Violence,High,65,Female,Relative,Shelter,I have been beaten repeatedly by my partner. Tonight was the worst. I am at a neighbour's house right now. Please send help.,TRUE,4/5/2026 21:00,Kaduna,low,manual_entry,10.558911,59.5,7.433292,victim
1064,3/11/2026,5:16,Community Center,Ongoing,FALSE,3/11/2026 16:00,3/13/2026 23:00,Uyo,Domestic Violence,High,19,Male,Employer,Legal Aid,I witnessed the man beating his wife in the compound. She fell down. She told me not to report but I am very worried about her safety.,FALSE,,Uyo,low,manual_entry,5.051167,111.9,7.879395,bystander
1065,4/4/2026,23:53,Mobile App,Ongoing,TRUE,4/4/2026 13:00,4/5/2026 9:00,Bauchi,Domestic Violence,High,35,Female,Relative,Shelter,I witnessed the man beating his wife in the compound. She fell down. She told me not to report but I am very worried about her safety.,TRUE,4/5/2026 0:00,Bauchi,medium,gps,10.353993,20,9.836949,bystander
1066,4/5/2026,2:28,Dashboard,Ongoing,FALSE,4/5/2026 9:00,4/6/2026 21:00,Onitsha,Harassment,Low,6,Female,Employer,Medical Care,"I saw a group of men surrounding a young woman at the market, touching her and refusing to let her pass. She looked terrified. I am reporting on her behalf.",TRUE,4/5/2026 10:00,Onitsha,high,gps,6.109023,21.2,6.738261,bystander
1067,4/5/2026,9:16,Community Center,Ongoing,FALSE,4/5/2026 15:00,4/7/2026 10:00,Jos,Domestic Violence,High,13,Female,Teacher,Medical Care,"This has been happening for two years. I finally found the courage to report. He controls everything — money, movement. I need support to leave.",TRUE,4/5/2026 19:00,Jos,low,manual_entry,9.902476,410.7,8.86104,victim
1068,3/21/2026,16:52,Dashboard,Ongoing,FALSE,3/22/2026 1:00,3/24/2026 20:00,Abuja,Domestic Violence,Critical,27,Male,Partner,Legal Aid,My husband threatened to kill me if I told anyone. I have bruises on my arms and face. I left the house with my children and I need help urgently.,TRUE,3/22/2026 9:00,Abuja,high,gps,9.098435,26.7,7.437626,victim
1069,4/7/2026,10:55,Mobile App,Ongoing,TRUE,4/7/2026 4:00,4/7/2026 23:00,Ibadan,Harassment,High,59,Female,Stranger,Shelter,"A man followed me from the bus stop all the way to my street, making sexual remarks. I had to enter a shop to escape him. I am still shaking.",FALSE,,Ibadan,high,gps,7.335441,19.8,3.97015,victim
1070,4/7/2026,22:51,Mobile App,Closed,FALSE,4/8/2026 9:00,4/8/2026 20:00,Port Harcourt,Others,Low,47,Female,Colleague,Medical Care,A group of people attacked me near my house and stole my belongings. I recognised one of them from the area. I am afraid they will come back.,TRUE,4/8/2026 23:00,Port Harcourt,high,gps,4.784341,9.1,7.085618,victim
1071,3/20/2026,9:05,Mobile App,Ongoing,FALSE,3/21/2026 4:00,3/22/2026 3:00,Uyo,Sexual Assault,Critical,57,Female,Stranger,Legal Aid,I was drugged at a party and woke up realising something had happened to me. I am confused and scared. I do not know what to do or who to tell.,TRUE,3/21/2026 9:00,Uyo,high,gps,5.069606,29.2,7.916879,victim
1072,4/9/2026,0:48,Community Center,Closed,FALSE,4/10/2026 7:00,4/10/2026 18:00,Kaduna,Domestic Violence,High,27,Female,Guardian,Medical Care,My colleague came to work today with a swollen eye. She said she fell but I do not believe her. I am reporting because I am concerned for her.,TRUE,4/10/2026 19:00,Kaduna,low,manual_entry,10.531524,261.8,7.397935,bystander
1073,4/9/2026,10:45,Hotline,Ongoing,FALSE,4/10/2026 16:00,4/13/2026 0:00,Benin,Domestic Violence,High,25,Female,Colleague,Medical Care,I was passing by and saw a man dragging a woman by the hair into a house. She was crying. Other people just walked past. I had to report this.,FALSE,,Benin,medium,manual_entry,6.332117,58.9,5.635864,bystander
1074,4/10/2026,8:49,Hotline,Ongoing,FALSE,4/10/2026 6:00,4/11/2026 21:00,Onitsha,Child Abuse,Critical,14,Female,Teacher,Counseling,I am a teacher. One of my students has been coming to school with visible injuries and seems very withdrawn. I suspect abuse at home.,TRUE,4/10/2026 9:00,Onitsha,low,manual_entry,6.138727,165.8,6.77278,bystander
1075,4/10/2026,9:27,Mobile App,Closed,FALSE,4/11/2026 6:00,4/12/2026 19:00,Jos,Harassment,Low,16,Female,Stranger,Legal Aid,Someone has been sending me explicit messages on social media and threatening to share my photos. I do not know what to do.,TRUE,4/11/2026 19:00,Jos,high,gps,9.895921,6.8,8.891125,victim
1076,3/16/2026,15:20,Community Center,Ongoing,TRUE,3/17/2026 7:00,3/18/2026 9:00,Jos,Domestic Violence,High,38,Female,Partner,Legal Aid,I was passing by and saw a man dragging a woman by the hair into a house. She was crying. Other people just walked past. I had to report this.,TRUE,3/17/2026 11:00,Jos,medium,manual_entry,9.880021,271.2,8.825676,bystander
1077,4/11/2026,15:32,Community Center,Ongoing,FALSE,4/13/2026 0:00,4/15/2026 0:00,Lagos,Child Abuse,Critical,41,Female,Teacher,Counseling,My uncle has been touching me in ways that make me uncomfortable. I told my mother but she did not believe me. Please help me.,TRUE,4/13/2026 5:00,Lagos,low,manual_entry,6.545601,234,3.411798,victim
1078,3/25/2026,1:23,Community Center,Closed,FALSE,3/26/2026 1:00,3/26/2026 22:00,Kano,Sexual Assault,Critical,33,Female,Teacher,Shelter,My roommate told me she was assaulted last week. She has been very withdrawn since then. I convinced her to let me report so she can get support.,TRUE,3/26/2026 8:00,Kano,medium,manual_entry,11.962264,397.1,8.565987,bystander
1079,4/12/2026,3:19,Dashboard,Ongoing,FALSE,4/13/2026 17:00,4/15/2026 17:00,Port Harcourt,Child Abuse,Critical,5,Female,Teacher,Medical Care,I am 14 years old. My father beats me and my siblings severely. He broke my arm last month. I need someone to help us.,TRUE,4/14/2026 4:00,Port Harcourt,high,gps,4.779797,23.4,7.034594,victim
1080,4/11/2026,1:06,Community Center,Ongoing,TRUE,4/11/2026 3:00,4/13/2026 2:00,Port Harcourt,Harassment,Medium,18,Male,Employer,Shelter,My friend has been showing me messages she is getting from someone who is threatening her. She is too embarrassed to report so I am doing it for her.,TRUE,4/11/2026 14:00,Port Harcourt,low,manual_entry,4.810635,167.6,7.074683,bystander
1081,4/13/2026,3:21,Hotline,Ongoing,FALSE,4/13/2026 17:00,4/15/2026 1:00,Kaduna,Harassment,Medium,6,Female,Guardian,Legal Aid,Someone has been sending me explicit messages on social media and threatening to share my photos. I do not know what to do.,TRUE,4/14/2026 4:00,Kaduna,low,manual_entry,10.525615,102.5,7.428593,victim
1082,4/13/2026,21:05,Mobile App,Ongoing,FALSE,4/14/2026 22:00,4/17/2026 0:00,Uyo,Others,Critical,69,Female,Neighbor,Counseling,I was physically attacked by my former employer after I reported him for fraud. I have injuries and I fear for my safety.,TRUE,4/15/2026 8:00,Uyo,high,gps,5.022937,18,7.946945,victim
1083,4/14/2026,11:38,Mobile App,Ongoing,FALSE,4/14/2026 11:00,4/16/2026 18:00,Benin,Harassment,Medium,10,Male,Relative,Medical Care,"I witnessed a man verbally abusing a woman at a bus stop, calling her terrible names. She was in tears. I followed up to make sure she was okay and she asked me to report.",TRUE,4/14/2026 16:00,Benin,medium,gps,6.332129,21.5,5.65161,bystander
1084,4/14/2026,12:41,Dashboard,Ongoing,FALSE,4/15/2026 23:00,4/18/2026 4:00,Jos,Sexual Assault,Critical,59,Female,Employer,Counseling,I found my younger sister crying and she told me what happened to her. She does not want our parents to know. I am reporting because she needs help.,FALSE,,Jos,high,gps,9.909914,7.7,8.820926,bystander
1085,4/14/2026,17:57,Mobile App,Ongoing,FALSE,4/14/2026 18:00,4/15/2026 21:00,Lagos,Child Abuse,Critical,69,Male,Spouse,Shelter,I am 14 years old. My father beats me and my siblings severely. He broke my arm last month. I need someone to help us.,FALSE,,Lagos,high,gps,6.542018,5.2,3.36171,victim
1086,4/15/2026,5:17,Community Center,Ongoing,FALSE,4/15/2026 1:00,4/15/2026 14:00,Kano,Harassment,Low,5,Female,Partner,Counseling,My friend has been showing me messages she is getting from someone who is threatening her. She is too embarrassed to report so I am doing it for her.,TRUE,4/15/2026 13:00,Kano,medium,manual_entry,12.020833,344.5,8.548964,bystander
1087,4/15/2026,6:19,Mobile App,Ongoing,TRUE,4/15/2026 12:00,4/17/2026 12:00,Port Harcourt,Domestic Violence,Critical,21,Male,Colleague,Legal Aid,"He threw me against the wall and broke my phone. I borrowed a neighbour's phone to report. I cannot go back home, it is not safe.",TRUE,4/15/2026 15:00,Port Harcourt,high,gps,4.783088,17.6,7.085374,victim
1088,4/15/2026,12:55,Hotline,Ongoing,FALSE,4/16/2026 13:00,4/17/2026 17:00,Kano,Sexual Assault,High,26,Female,Relative,Shelter,My roommate told me she was assaulted last week. She has been very withdrawn since then. I convinced her to let me report so she can get support.,TRUE,4/16/2026 14:00,Kano,low,manual_entry,11.974918,166.7,8.625704,bystander
1089,4/15/2026,15:31,Mobile App,Closed,TRUE,4/16/2026 17:00,4/17/2026 7:00,Benin,Domestic Violence,Critical,22,Female,Stranger,Medical Care,I have been beaten repeatedly by my partner. Tonight was the worst. I am at a neighbour's house right now. Please send help.,TRUE,4/17/2026 14:00,Benin,high,gps,6.312928,7.1,5.617988,victim
1090,4/16/2026,1:56,Hotline,Ongoing,FALSE,4/16/2026 5:00,4/18/2026 1:00,Onitsha,Sexual Assault,High,27,Female,Neighbor,Medical Care,My friend confided in me that she was assaulted by her boyfriend. She is too ashamed to report herself. I am reporting with her knowledge and permission.,TRUE,4/16/2026 9:00,Onitsha,low,manual_entry,6.162215,54.3,6.788265,bystander
1091,4/16/2026,22:29,Community Center,Closed,TRUE,4/17/2026 19:00,4/18/2026 1:00,Uyo,Domestic Violence,High,19,Female,Neighbor,Counseling,I was passing by and saw a man dragging a woman by the hair into a house. She was crying. Other people just walked past. I had to report this.,TRUE,4/17/2026 23:00,Uyo,low,manual_entry,5.018231,219,7.884064,bystander
1092,3/29/2026,5:32,Hotline,Ongoing,FALSE,3/30/2026 7:00,4/1/2026 3:00,Onitsha,Domestic Violence,High,21,Female,Colleague,Medical Care,I have been beaten repeatedly by my partner. Tonight was the worst. I am at a neighbour's house right now. Please send help.,TRUE,3/30/2026 13:00,Onitsha,medium,manual_entry,6.096119,499.8,6.767395,victim
1093,4/17/2026,7:44,Community Center,Ongoing,FALSE,4/18/2026 19:00,4/20/2026 23:00,Port Harcourt,Others,Critical,44,Female,Stranger,Counseling,I was physically attacked by my former employer after I reported him for fraud. I have injuries and I fear for my safety.,TRUE,4/18/2026 20:00,Port Harcourt,medium,manual_entry,4.830916,412.8,7.09363,victim
1094,4/17/2026,15:15,Dashboard,Closed,FALSE,4/18/2026 21:00,4/21/2026 1:00,Bauchi,Sexual Assault,Critical,56,Female,Teacher,Legal Aid,I was assaulted by someone I considered a friend. He threatened me not to tell anyone. I am finally speaking out because I cannot carry this alone.,TRUE,4/19/2026 21:00,Bauchi,high,gps,10.35292,5.6,9.870806,victim
1095,4/17/2026,22:49,Hotline,Closed,FALSE,4/17/2026 18:00,4/19/2026 2:00,Kano,Harassment,High,23,Female,Colleague,Medical Care,My supervisor has been making inappropriate comments about my body for weeks. Today he touched me without my consent. I feel unsafe at work.,TRUE,4/18/2026 6:00,Kano,medium,manual_entry,12.031045,281.7,8.608498,victim
1096,4/18/2026,8:35,Mobile App,Ongoing,FALSE,4/19/2026 17:00,4/21/2026 11:00,Kano,Sexual Assault,Critical,15,Female,Guardian,Shelter,I found my younger sister crying and she told me what happened to her. She does not want our parents to know. I am reporting because she needs help.,TRUE,4/19/2026 23:00,Kano,medium,gps,11.978229,13.1,8.63272,bystander
1097,4/18/2026,20:01,Mobile App,Ongoing,FALSE,4/19/2026 15:00,4/22/2026 6:00,Ibadan,Domestic Violence,High,23,Female,Guardian,Legal Aid,I live next door and I can hear screaming almost every night. Tonight I saw her running out with blood on her face. I called for help on her behalf.,TRUE,4/20/2026 1:00,Ibadan,high,gps,7.394573,15.7,3.953044,bystander
1098,4/19/2026,5:17,Hotline,Closed,FALSE,4/20/2026 23:00,4/23/2026 1:00,Jos,Domestic Violence,Medium,24,Female,Partner,Legal Aid,My husband threatened to kill me if I told anyone. I have bruises on my arms and face. I left the house with my children and I need help urgently.,TRUE,4/21/2026 9:00,Jos,low,manual_entry,9.857599,441.4,8.853006,victim
1099,4/19/2026,10:11,Mobile App,Closed,FALSE,4/20/2026 8:00,4/20/2026 20:00,Ibadan,Sexual Assault,High,19,Female,Relative,Counseling,I found my younger sister crying and she told me what happened to her. She does not want our parents to know. I am reporting because she needs help.,TRUE,4/20/2026 18:00,Ibadan,medium,gps,7.373536,29.7,3.983456,bystander
1100,4/19/2026,11:30,Community Center,Ongoing,TRUE,4/20/2026 5:00,4/20/2026 20:00,Benin,Child Abuse,Critical,31,Male,Colleague,Medical Care,My uncle has been touching me in ways that make me uncomfortable. I told my mother but she did not believe me. Please help me.,TRUE,4/20/2026 14:00,Benin,low,manual_entry,6.339665,126.7,5.59174,victim
1101,4/19/2026,16:36,Mobile App,Ongoing,FALSE,4/20/2026 4:00,4/20/2026 8:00,Uyo,Sexual Assault,Critical,13,Female,Relative,Medical Care,My roommate told me she was assaulted last week. She has been very withdrawn since then. I convinced her to let me report so she can get support.,TRUE,4/20/2026 10:00,Uyo,high,gps,5.08538,10.5,7.873872,bystander
1102,4/19/2026,16:52,Dashboard,Ongoing,FALSE,4/20/2026 19:00,4/21/2026 11:00,Port Harcourt,Harassment,Low,68,Female,Partner,Shelter,My friend has been showing me messages she is getting from someone who is threatening her. She is too embarrassed to report so I am doing it for her.,TRUE,4/21/2026 4:00,Port Harcourt,high,gps,4.807855,7.3,7.004002,bystander
1103,3/28/2026,18:20,Community Center,Ongoing,FALSE,3/29/2026 13:00,3/29/2026 22:00,Port Harcourt,Child Abuse,Critical,51,Female,Teacher,Counseling,A child came to my shop crying and said his guardian beats him regularly and does not feed him. He begged me to help him. I am reporting immediately.,TRUE,3/29/2026 20:00,Port Harcourt,medium,manual_entry,4.83959,344.3,7.091608,bystander
1104,4/19/2026,20:50,Community Center,Closed,FALSE,4/19/2026 15:00,4/21/2026 1:00,Onitsha,Domestic Violence,Critical,70,Female,Relative,Medical Care,He came home drunk and started hitting me. My children were watching. I am hiding with them in the backyard. Please come quickly.,TRUE,4/19/2026 19:00,Onitsha,low,manual_entry,6.120804,90.1,6.822834,victim
1105,4/20/2026,2:29,Mobile App,Closed,FALSE,4/20/2026 8:00,4/22/2026 8:00,Benin,Harassment,Medium,37,Female,Teacher,Legal Aid,I have been receiving threatening messages from someone I rejected. He knows where I live and I am very scared.,TRUE,4/20/2026 13:00,Benin,high,gps,6.314222,19.4,5.644777,victim
1106,4/20/2026,13:00,Dashboard,Ongoing,FALSE,4/20/2026 4:00,4/23/2026 1:00,Kaduna,Domestic Violence,High,42,Female,Neighbor,Legal Aid,"This has been happening for two years. I finally found the courage to report. He controls everything — money, movement. I need support to leave.",TRUE,4/20/2026 11:00,Kaduna,high,gps,10.535896,24.3,7.446991,victim
1107,4/20/2026,16:26,Hotline,Ongoing,FALSE,4/21/2026 19:00,4/23/2026 0:00,Abuja,Harassment,Low,36,Male,Stranger,Counseling,My friend has been showing me messages she is getting from someone who is threatening her. She is too embarrassed to report so I am doing it for her.,TRUE,4/21/2026 20:00,Abuja,medium,manual_entry,9.028301,192.2,7.444881,bystander
1108,3/28/2026,17:32,Mobile App,Ongoing,TRUE,3/29/2026 8:00,3/31/2026 19:00,Kano,Sexual Assault,Critical,22,Female,Partner,Counseling,I was assaulted by someone I considered a friend. He threatened me not to tell anyone. I am finally speaking out because I cannot carry this alone.,TRUE,3/29/2026 13:00,Kano,medium,gps,12.024867,26.2,8.572475,victim
1109,4/5/2026,12:10,Dashboard,Closed,FALSE,4/5/2026 21:00,4/7/2026 13:00,Onitsha,Harassment,Low,32,Female,Employer,Legal Aid,My friend has been showing me messages she is getting from someone who is threatening her. She is too embarrassed to report so I am doing it for her.,TRUE,4/6/2026 14:00,Onitsha,high,gps,6.175739,11.8,6.765152,bystander
1110,4/22/2026,4:09,Mobile App,Closed,FALSE,4/23/2026 8:00,4/24/2026 22:00,Abeokuta,Child Abuse,Critical,41,Female,Teacher,Counseling,A child came to my shop crying and said his guardian beats him regularly and does not feed him. He begged me to help him. I am reporting immediately.,TRUE,4/24/2026 7:00,Abeokuta,high,gps,7.184775,29.5,3.323158,bystander
1111,4/22/2026,15:59,Hotline,Ongoing,FALSE,4/23/2026 22:00,4/25/2026 1:00,Enugu,Sexual Assault,Critical,10,Female,Guardian,Medical Care,My uncle assaulted me last weekend when everyone else had gone out. I could not scream. I have not been able to eat or sleep since then.,FALSE,,Enugu,low,manual_entry,6.478769,365.2,7.55047,victim
1112,4/23/2026,19:36,Hotline,Ongoing,FALSE,4/24/2026 8:00,4/26/2026 11:00,Ibadan,Harassment,Low,53,Female,Spouse,Legal Aid,"I witnessed a man verbally abusing a woman at a bus stop, calling her terrible names. She was in tears. I followed up to make sure she was okay and she asked me to report.",TRUE,4/24/2026 19:00,Ibadan,low,manual_entry,7.337153,496,3.921189,bystander
1113,4/23/2026,22:08,Hotline,Closed,FALSE,4/24/2026 4:00,4/26/2026 17:00,Benin,Sexual Assault,Critical,18,Female,Guardian,Medical Care,A woman came to my door last night looking terrified. She said she had been assaulted nearby. I let her in and I am reporting on her behalf.,TRUE,4/24/2026 16:00,Benin,medium,manual_entry,6.28624,82.3,5.600577,bystander
1114,4/24/2026,10:26,Dashboard,Closed,FALSE,4/25/2026 21:00,4/26/2026 22:00,Bauchi,Sexual Assault,Critical,37,Female,Spouse,Shelter,My friend confided in me that she was assaulted by her boyfriend. She is too ashamed to report herself. I am reporting with her knowledge and permission.,TRUE,4/26/2026 20:00,Bauchi,high,gps,10.295927,7.4,9.854036,bystander
1115,4/26/2026,2:16,Dashboard,Closed,FALSE,4/27/2026 22:00,4/29/2026 13:00,Kaduna,Domestic Violence,High,58,Male,Guardian,Shelter,I witnessed the man beating his wife in the compound. She fell down. She told me not to report but I am very worried about her safety.,TRUE,4/28/2026 13:00,Kaduna,medium,gps,10.490224,8.4,7.396492,bystander
1116,4/27/2026,7:02,Hotline,Ongoing,TRUE,4/27/2026 10:00,4/28/2026 13:00,Abuja,Child Abuse,Critical,46,Male,Guardian,Legal Aid,My teacher beats me with a cane almost every day for small mistakes. I have marks on my back and legs. I am afraid to go to school.,TRUE,4/27/2026 22:00,Abuja,low,manual_entry,9.100819,213,7.353414,victim
1117,4/28/2026,7:55,Hotline,Closed,FALSE,4/29/2026 1:00,5/1/2026 8:00,Enugu,Others,Medium,68,Female,Spouse,Shelter,I saw a woman being dragged into a car against her will near the junction. I screamed and people came but the car drove off. I am reporting what I saw.,TRUE,4/29/2026 23:00,Enugu,low,manual_entry,6.498689,93.2,7.581626,bystander
1118,4/29/2026,10:10,Dashboard,Closed,FALSE,4/29/2026 4:00,4/29/2026 20:00,Owerri,Domestic Violence,High,39,Female,Employer,Counseling,He came home drunk and started hitting me. My children were watching. I am hiding with them in the backyard. Please come quickly.,TRUE,4/29/2026 21:00,Owerri,medium,gps,5.50038,15.8,7.042622,victim
1119,4/29/2026,17:28,Dashboard,Ongoing,TRUE,4/30/2026 23:00,5/3/2026 3:00,Owerri,Child Abuse,Critical,19,Female,Spouse,Shelter,I am 14 years old. My father beats me and my siblings severely. He broke my arm last month. I need someone to help us.,TRUE,5/1/2026 1:00,Owerri,high,gps,5.52283,12.6,7.001833,victim
1120,4/21/2026,20:09,Mobile App,Closed,FALSE,4/22/2026 21:00,4/23/2026 9:00,Kaduna,Harassment,Medium,6,Female,Employer,Shelter,"I witnessed a man verbally abusing a woman at a bus stop, calling her terrible names. She was in tears. I followed up to make sure she was okay and she asked me to report.",TRUE,4/23/2026 12:00,Kaduna,medium,gps,10.468397,14.6,7.390451,bystander
